Actual_Yield,Predicted_Yield,Residual,Absolute_Error
0.41,1.9640757832162903,-1.5540757832162904,1.5540757832162904
0.231818182,1.2113168163432122,-0.9794986343432122,0.9794986343432122
5.604761905,2.452526003939738,3.152235901060262,3.152235901060262
0.317272727,1.5860059483890527,-1.2687332213890528,1.2687332213890528
0.314444444,1.0297952545934785,-0.7153508105934785,0.7153508105934785
1.689130435,2.1541168124126107,-0.4649863774126106,0.4649863774126106
1.834444444,1.4339244273329743,0.40052001666702575,0.40052001666702575
7.803571429,13.78730297842611,-5.9837315494261105,5.9837315494261105
0.21125,1.2217486095232353,-1.0104986095232353,1.0104986095232353
1.118,1.4531718436319718,-0.3351718436319717,0.3351718436319717
10.60615385,10.326502929374609,0.2796509206253912,0.2796509206253912
8.454333333,5.377509738478856,3.0768235945211435,3.0768235945211435
0.299166667,1.5718798051345961,-1.2727131381345962,1.2727131381345962
1.0,1.624963340366936,-0.6249633403669359,0.6249633403669359
9.0,9.063126318082205,-0.06312631808220459,0.06312631808220459
0.8025,0.8987756032482374,-0.09627560324823736,0.09627560324823736
3.212941176,1.8748433622555978,1.3380978137444024,1.3380978137444024
1.802222222,1.9660279890778867,-0.16380576707788674,0.16380576707788674
2.131,1.3189143364842446,0.8120856635157552,0.8120856635157552
3.23125,1.2712488152679728,1.9600011847320273,1.9600011847320273
0.367391304,3.1208033617075697,-2.75341205770757,2.75341205770757
1.1125,1.0732575133580944,0.03924248664190566,0.03924248664190566
0.465909091,1.4339244273329743,-0.9680153363329743,0.9680153363329743
1.6,2.589189763250686,-0.9891897632506859,0.9891897632506859
2.88,3.0668244708651113,-0.18682447086511145,0.18682447086511145
0.603636364,1.2258885139965037,-0.6222521499965037,0.6222521499965037
0.8,1.5705132957674277,-0.7705132957674277,0.7705132957674277
0.664285714,1.078656953479803,-0.4143712394798029,0.4143712394798029
6.73,3.83931379536611,2.8906862046338904,2.8906862046338904
1.057619048,1.2217486095232353,-0.1641295615232352,0.1641295615232352
0.728888889,2.203734741774932,-1.474845852774932,1.474845852774932
1.144642857,1.046717520931962,0.0979253360680381,0.0979253360680381
30.82,46.238749127539386,-15.418749127539385,15.418749127539385
0.325,2.083251142664367,-1.7582511426643672,1.7582511426643672
3.046666667,0.4285522011774262,2.618114465822574,2.618114465822574
15.46571429,10.420470096591336,5.045244193408664,5.045244193408664
1.106206897,1.9047588106180728,-0.7985519136180728,0.7985519136180728
0.505,1.2217486095232353,-0.7167486095232353,0.7167486095232353
0.532173913,1.619545326350868,-1.0873714133508678,1.0873714133508678
1.147142857,1.4368473198938012,-0.28970446289380125,0.28970446289380125
18.0,11.786906430452204,6.213093569547796,6.213093569547796
1.206315789,0.8987756032482374,0.3075401857517627,0.3075401857517627
0.231111111,5.135456604794618,-4.904345493794619,4.904345493794619
1.33875,1.078656953479803,0.26009304652019716,0.26009304652019716
1.6,1.4046325036955862,0.19536749630441386,0.19536749630441386
0.608,1.3943269103517197,-0.7863269103517198,0.7863269103517198
0.60125,1.3710443460514325,-0.7697943460514326,0.7697943460514326
1.6025,2.2568698955963464,-0.6543698955963464,0.6543698955963464
1.450740741,2.2012110626138823,-0.7504703216138824,0.7504703216138824
3.489166667,2.1872190360263515,1.3019476309736486,1.3019476309736486
1.671428571,3.6803152058371844,-2.008886634837184,2.008886634837184
0.4,1.2680718108198108,-0.8680718108198108,0.8680718108198108
0.64,1.116460862351002,-0.47646086235100193,0.47646086235100193
1.756363636,1.4000270898984155,0.3563365461015844,0.3563365461015844
1.644285714,1.9619327956213974,-0.31764708162139743,0.31764708162139743
0.597857143,5.135456604794618,-4.537599461794619,4.537599461794619
11.41729167,11.890679308957273,-0.47338763895727354,0.47338763895727354
0.223076923,1.2712488152679728,-1.0481718922679728,1.0481718922679728
1.0575,1.0803632742862783,-0.022863274286278212,0.022863274286278212
0.315172414,0.8987756032482374,-0.5836031892482374,0.5836031892482374
0.057777778,1.9326094760083212,-1.8748316980083213,1.8748316980083213
0.782307692,1.3870582621015097,-0.6047505701015097,0.6047505701015097
0.329565217,1.1443249806114302,-0.8147597636114301,0.8147597636114301
4.2325,1.683171675350062,2.549328324649938,2.549328324649938
0.5075,1.2712488152679728,-0.7637488152679729,0.7637488152679729
0.762727273,1.4368473198938012,-0.6741200468938012,0.6741200468938012
0.176842105,1.1588966782647216,-0.9820545732647217,0.9820545732647217
0.76,0.8803474783197055,-0.12034747831970549,0.12034747831970549
0.91,0.9659885456066281,-0.055988545606628026,0.055988545606628026
1.113333333,1.395080920388405,-0.281747587388405,0.281747587388405
0.77125,1.4961616462025376,-0.7249116462025376,0.7249116462025376
0.727837838,0.8987756032482374,-0.17093776524823734,0.17093776524823734
0.361666667,1.1357018214436587,-0.7740351544436588,0.7740351544436588
1.426,1.5067244448698744,-0.08072444486987451,0.08072444486987451
1.907931034,1.619545326350868,0.2883857076491321,0.2883857076491321
0.807777778,1.1237641643036407,-0.31598638630364073,0.31598638630364073
8.655,9.803291762429888,-1.1482917624298885,1.1482917624298885
1.702857143,1.4197982840785177,0.2830588589214822,0.2830588589214822
2.818181818,1.2611750675066813,1.5570067504933185,1.5570067504933185
0.473636364,1.402477352541168,-0.928840988541168,0.928840988541168
1.310769231,1.5860059483890527,-0.27523671738905264,0.27523671738905264
0.962222222,1.2630329421140545,-0.3008107201140545,0.3008107201140545
1.155,0.835895521966696,0.319104478033304,0.319104478033304
0.653636364,1.1517909173365377,-0.4981545533365377,0.4981545533365377
0.669361702,1.8063976393527101,-1.1370359373527101,1.1370359373527101
2.018611111,1.7568974336079726,0.2617136773920272,0.2617136773920272
12507.61667,12288.704565078493,218.9121049215064,218.9121049215064
0.733666667,6.325410344290711,-5.591743677290712,5.591743677290712
0.095454545,1.382208301562132,-1.286753756562132,1.286753756562132
0.803541667,1.3448267046069824,-0.5412850376069824,0.5412850376069824
1.028888889,1.0012051745449697,0.027683714455030373,0.027683714455030373
42.421,38.31358315095389,4.1074168490461105,4.1074168490461105
0.418571429,1.9581412766271706,-1.5395698476271706,1.5395698476271706
3.0,1.8953293714273138,1.1046706285726862,1.1046706285726862
6.240714286,8.034621076860596,-1.7939067908605955,1.7939067908605955
17.15,8.652762121335742,8.497237878664256,8.497237878664256
72.95916667,51.165816996162505,21.793349673837497,21.793349673837497
5.978333333,2.8249992159594726,3.1533341170405276,3.1533341170405276
2.717307692,2.324420379945352,0.3928873120546479,0.3928873120546479
22.369,11.093679203303303,11.275320796696697,11.275320796696697
0.53,1.4484961249862658,-0.9184961249862658,0.9184961249862658
6245.638519,7027.950161694222,-782.3116426942215,782.3116426942215
0.898928571,1.420597640063325,-0.5216690690633249,0.5216690690633249
0.874,0.9875144568165481,-0.11351445681654815,0.11351445681654815
0.359444444,0.9577992572545385,-0.5983548132545385,0.5983548132545385
1.028571429,1.025241748881942,0.0033296801180580093,0.0033296801180580093
0.793333333,0.8599320963036682,-0.06659876330366821,0.06659876330366821
0.486666667,1.5608041742049472,-1.0741375072049473,1.0741375072049473
80.046875,81.1616683211817,-1.1147933211816934,1.1147933211816934
1.265,0.8222048042382745,0.44279519576172544,0.44279519576172544
11.02241379,9.96860141500816,1.053812374991839,1.053812374991839
1.183333333,1.2098854907529981,-0.02655215775299813,0.02655215775299813
1.01,1.277604639767346,-0.26760463976734594,0.26760463976734594
84.55434783,63.61706034568104,20.937287484318958,20.937287484318958
1.7125,1.5447374547453436,0.16776254525465628,0.16776254525465628
1.525,1.009709899746442,0.5152901002535579,0.5152901002535579
13.89074074,14.213230228932366,-0.32248948893236573,0.32248948893236573
1.012777778,1.3189143364842446,-0.3061365584842446,0.3061365584842446
0.463913043,1.6355061541337903,-1.1715931111337903,1.1715931111337903
1.045454545,1.4339244273329743,-0.3884698823329744,0.3884698823329744
13712.57308,12648.545241577036,1064.0278384229641,1064.0278384229641
2.584375,1.7300576512661217,0.8543173487338784,0.8543173487338784
0.512173913,0.7522035234851848,-0.24002961048518479,0.24002961048518479
1.0,1.3599876688362837,-0.35998766883628375,0.35998766883628375
0.356666667,1.4365584678462473,-1.0798918008462473,1.0798918008462473
0.941111111,2.005075907534945,-1.063964796534945,1.063964796534945
2.213076923,2.189608598520475,0.02346832447952485,0.02346832447952485
0.85,1.54323924301806,-0.69323924301806,0.69323924301806
2.645,1.547702118443387,1.097297881556613,1.097297881556613
26.11722222,15.44310189285181,10.674120327148188,10.674120327148188
0.218666667,1.3157007716209828,-1.0970341046209828,1.0970341046209828
1.283636364,1.277604639767346,0.006031724232653968,0.006031724232653968
1.543888889,1.1460872618908575,0.39780162710914246,0.39780162710914246
0.7355,1.2712488152679728,-0.5357488152679728,0.5357488152679728
0.6425,0.8030073965273167,-0.16050739652731671,0.16050739652731671
0.546666667,0.9875144568165481,-0.44084778981654815,0.44084778981654815
0.56,1.518286799374705,-0.9582867993747048,0.9582867993747048
0.42625,3.2010430864924886,-2.7747930864924886,2.7747930864924886
1.486818182,2.3861667223138943,-0.8993485403138943,0.8993485403138943
0.834545455,1.1588966782647216,-0.32435122326472166,0.32435122326472166
1.215357143,1.6591354922003252,-0.4437783492003251,0.4437783492003251
0.631666667,0.8987756032482374,-0.2671089362482374,0.2671089362482374
1.24,1.8063976393527101,-0.5663976393527101,0.5663976393527101
5.973043478,9.748664591697965,-3.775621113697965,3.775621113697965
0.931333333,1.009709899746442,-0.078376566746442,0.078376566746442
1.28,2.689383360114932,-1.409383360114932,1.409383360114932
0.308666667,0.9577992572545385,-0.6491325902545385,0.6491325902545385
1.197647059,1.4672979868864284,-0.2696509278864285,0.2696509278864285
0.919285714,3.2569063064523123,-2.3376205924523124,2.3376205924523124
1.205714286,1.607738805112721,-0.40202451911272097,0.40202451911272097
0.408,1.6732616354547818,-1.2652616354547819,1.2652616354547819
0.285,1.0725899810279838,-0.7875899810279838,0.7875899810279838
1.637692308,0.8208816074531146,0.8168107005468855,0.8168107005468855
2.959473684,1.4733508853164203,1.4861227986835799,1.4861227986835799
2.737083333,1.5028157046346968,1.2342676283653033,1.2342676283653033
0.55375,0.8987756032482374,-0.3450256032482374,0.3450256032482374
9.332,11.31291668549012,-1.9809166854901186,1.9809166854901186
33.2446875,54.22229087877134,-20.97760337877134,20.97760337877134
0.48,1.4295657474826124,-0.9495657474826125,0.9495657474826125
0.48,0.0994472528688603,0.3805527471311397,0.3805527471311397
0.21,1.3447460961308466,-1.1347460961308466,1.1347460961308466
0.72,1.3573536283230108,-0.6373536283230108,0.6373536283230108
1.1525,1.0030367078584694,0.14946329214153065,0.14946329214153065
15.6875,8.92353893967772,6.763961060322281,6.763961060322281
11.85666667,2.210090566274307,9.646576103725693,9.646576103725693
1.471290323,1.6263954702233172,-0.15510514722331714,0.15510514722331714
0.98,1.4368473198938012,-0.45684731989380123,0.45684731989380123
0.83125,1.4826400017807708,-0.6513900017807708,0.6513900017807708
0.5225,1.706635195008236,-1.184135195008236,1.184135195008236
0.94,0.8987756032482374,0.04122439675176259,0.04122439675176259
11.86631579,9.870492485198788,1.9958233048012115,1.9958233048012115
2.400869565,1.589992645294697,0.8108769197053027,0.8108769197053027
0.481818182,1.402477352541168,-0.920659170541168,0.920659170541168
0.367575758,3.260509934980568,-2.892934176980568,2.892934176980568
0.0,1.937360026826887,-1.937360026826887,1.937360026826887
0.586785714,1.3448267046069824,-0.7580409906069824,0.7580409906069824
81.0915,81.33255980640061,-0.24105980640061375,0.24105980640061375
0.566666667,1.094347651372037,-0.5276809843720369,0.5276809843720369
0.5025,0.835895521966696,-0.3333955219666961,0.3333955219666961
1.1265625,1.3106984633303262,-0.18413596333032634,0.18413596333032634
1.281111111,1.4339244273329743,-0.15281331633297435,0.15281331633297435
0.786666667,2.203734741774932,-1.417068074774932,1.417068074774932
0.392333333,4.052600293581947,-3.6602669605819473,3.6602669605819473
0.742,1.4365584678462473,-0.6945584678462473,0.6945584678462473
0.623181818,2.285717762540576,-1.662535944540576,1.662535944540576
0.167142857,3.086031467904571,-2.918888610904571,2.918888610904571
75.314375,67.75859967654392,7.555775323456075,7.555775323456075
0.24826087,1.5860059483890527,-1.3377450783890528,1.3377450783890528
83.59,65.68791129018264,17.902088709817363,17.902088709817363
8.786842105,11.84543817065766,-3.0585960656576603,3.0585960656576603
2.497857143,0.9880356897569786,1.5098214532430214,1.5098214532430214
0.74,0.9043840526566774,-0.16438405265667744,0.16438405265667744
1.114375,1.4610858176450428,-0.34671081764504286,0.34671081764504286
0.259166667,1.5008373648482436,-1.2416706978482437,1.2416706978482437
2.0,18.55252868164713,-16.55252868164713,16.55252868164713
0.255671642,1.2712488152679728,-1.0155771732679728,1.0155771732679728
1.672857143,3.6358632494841743,-1.9630061064841742,1.9630061064841742
0.274444444,0.9060831314836962,-0.6316386874836962,0.6316386874836962
0.247272727,1.3447460961308466,-1.0974733691308467,1.0974733691308467
0.943076923,3.1869169432380318,-2.2438400202380318,2.2438400202380318
2.066285714,1.3448267046069824,0.7214590093930178,0.7214590093930178
0.562083333,1.3111440177291611,-0.7490606847291611,0.7490606847291611
0.639230769,1.1545036833438218,-0.5152729143438218,0.5152729143438218
0.683333333,0.9331391007364788,-0.24980576773647878,0.24980576773647878
13.18318841,8.053795469506781,5.129392940493219,5.129392940493219
15.30888889,21.81769991680476,-6.508811026804759,6.508811026804759
6.96,2.804695057085984,4.155304942914016,4.155304942914016
2.449411765,10.262876580375412,-7.813464815375412,7.813464815375412
0.874444444,1.607738805112721,-0.7332943611127211,0.7332943611127211
1.476111111,1.2712488152679728,0.2048622957320272,0.2048622957320272
1.0,1.9581412766271706,-0.9581412766271706,0.9581412766271706
4.095,2.455737538261925,1.6392624617380749,1.6392624617380749
2.533636364,1.7254661977632764,0.8081701662367236,0.8081701662367236
0.6076,1.1121963314416181,-0.5045963314416181,0.5045963314416181
3.817058824,3.070548593322666,0.7465102306773339,0.7465102306773339
0.55,1.6086955156564495,-1.0586955156564495,1.0586955156564495
9.122727273,4.014692286003283,5.108034986996717,5.108034986996717
9.662727273,3.9612770814054223,5.701450191594578,5.701450191594578
0.686923077,0.9722728841111111,-0.28534980711111113,0.28534980711111113
0.699090909,1.078656953479803,-0.3795660444798029,0.3795660444798029
0.7375,0.8987756032482374,-0.1612756032482373,0.1612756032482373
6.4525,9.384218709156224,-2.9317187091562245,2.9317187091562245
1.593333333,1.4826400017807708,0.11069333121922909,0.11069333121922909
24.92625,14.041083186372127,10.885166813627873,10.885166813627873
0.666666667,1.2712488152679728,-0.6045821482679729,0.6045821482679729
1.731842105,1.2712488152679728,0.46059328973202707,0.46059328973202707
0.52,1.4295657474826124,-0.9095657474826124,0.9095657474826124
0.827857143,2.758986848488004,-1.931129705488004,1.931129705488004
0.8825,1.5311680061027575,-0.6486680061027575,0.6486680061027575
0.5112,0.6895644491365417,-0.1783644491365417,0.1783644491365417
1.64875,0.8987756032482374,0.7499743967517626,0.7499743967517626
0.920454545,1.5860059483890527,-0.6655514033890527,0.6655514033890527
8.504761905,1.6355061541337903,6.86925575086621,6.86925575086621
1.970185185,1.2712488152679728,0.6989363697320272,0.6989363697320272
0.6,2.285717762540576,-1.685717762540576,1.685717762540576
0.26,1.4754440225595442,-1.2154440225595442,1.2154440225595442
1.0744,2.2012110626138823,-1.1268110626138823,1.1268110626138823
1.625517241,1.3054002466235362,0.3201169943764639,0.3201169943764639
0.885,1.3259065535312045,-0.44090655353120445,0.44090655353120445
1.457272727,1.2065621994809934,0.2507105275190067,0.2507105275190067
0.912857143,1.7568974336079726,-0.8440402906079726,0.8440402906079726
1.080625,0.918465534023387,0.1621594659766129,0.1621594659766129
0.600344828,4.052600293581947,-3.4522554655819473,3.4522554655819473
0.379285714,0.8987756032482374,-0.5194898892482374,0.5194898892482374
7.076875,10.823635562580291,-3.746760562580291,3.746760562580291
16.91166667,28.18182109054032,-11.270154420540322,11.270154420540322
0.081538462,1.2712488152679728,-1.189710353267973,1.189710353267973
0.280909091,1.078656953479803,-0.7977478624798029,0.7977478624798029
1.09,1.490273570982509,-0.40027357098250893,0.40027357098250893
0.637,0.857421433176616,-0.220421433176616,0.220421433176616
0.63047619,1.2202662367430617,-0.5897900467430617,0.5897900467430617
0.921851852,1.116460862351002,-0.19460901035100198,0.19460901035100198
0.124545455,1.1588966782647216,-1.0343512232647216,1.0343512232647216
4.798888889,4.75559534054578,0.043293548454220065,0.043293548454220065
23.74764706,43.90708015058787,-20.159433090587875,20.159433090587875
1.033157895,1.5149635081027002,-0.4818056131027002,0.4818056131027002
0.193333333,0.8987756032482374,-0.7054422702482374,0.7054422702482374
0.8725,1.1990712357889026,-0.32657123578890257,0.32657123578890257
0.606666667,1.367532331055402,-0.7608656640554019,0.7608656640554019
86.55576923,64.37779170504344,22.17797752495656,22.17797752495656
0.531363636,1.3615407792735486,-0.8301771432735485,0.8301771432735485
0.6475,0.7172540414985044,-0.0697540414985044,0.0697540414985044
0.81,1.2712488152679728,-0.4612488152679728,0.4612488152679728
38.08033333,30.836744326700977,7.243589003299025,7.243589003299025
0.562307692,0.8987756032482374,-0.3364679112482374,0.3364679112482374
0.825,1.3573536283230108,-0.5323536283230108,0.5323536283230108
0.748421053,1.3189143364842446,-0.5704932834842447,0.5704932834842447
1.276363636,1.7848655653068983,-0.5085019293068984,0.5085019293068984
0.772307692,1.2662005658762452,-0.49389287387624514,0.49389287387624514
1.098,1.5860059483890527,-0.48800594838905265,0.48800594838905265
0.880857143,1.8063976393527101,-0.9255404963527102,0.9255404963527102
0.70625,1.009709899746442,-0.30345989974644194,0.30345989974644194
3.33,1.683171675350062,1.646828324649938,1.646828324649938
24.245,20.276934324525055,3.9680656754749464,3.9680656754749464
0.815,0.8348138969230859,-0.019813896923085994,0.019813896923085994
2.940526316,1.4110409850182863,1.5294853309817138,1.5294853309817138
0.3,0.9868445817644027,-0.6868445817644027,0.6868445817644027
10.16783784,8.78544686371687,1.38239097628313,1.38239097628313
0.256666667,1.1451778105132717,-0.8885111435132718,0.8885111435132718
0.638333333,1.1022261491301737,-0.46389281613017375,0.46389281613017375
0.793636364,1.4945948301104497,-0.7009584661104497,0.7009584661104497
0.661538462,1.4365584678462473,-0.7750200058462473,0.7750200058462473
0.87,0.9334293771665415,-0.06342937716654151,0.06342937716654151
2.556190476,2.5075580017880763,0.048632474211923515,0.048632474211923515
0.31826087,1.2552879874850504,-0.9370271174850504,0.9370271174850504
0.658518519,1.2247132732212784,-0.5661947542212784,0.5661947542212784
0.655357143,1.2217486095232353,-0.5663914665232352,0.5663914665232352
1.0,1.5486786691466776,-0.5486786691466776,0.5486786691466776
1.486666667,1.7672998234300465,-0.2806331564300466,0.2806331564300466
1.469090909,1.8063976393527101,-0.3373067303527102,0.3373067303527102
1.0,1.919820437362504,-0.9198204373625041,0.9198204373625041
1.21,1.8746844401422635,-0.6646844401422636,0.6646844401422636
1.3175,1.8473200275752635,-0.5298200275752636,0.5298200275752636
0.346296296,1.6336714696053245,-1.2873751736053245,1.2873751736053245
0.204210526,1.3507612267703257,-1.1465507007703257,1.1465507007703257
3.0,2.289659608868966,0.7103403911310342,0.7103403911310342
1.295652174,1.3870582621015097,-0.09140608810150974,0.09140608810150974
1.818695652,1.5860059483890527,0.2326897036109472,0.2326897036109472
2.171428571,1.0837751866016605,1.0876533843983394,1.0876533843983394
26.9,20.48655027753961,6.413449722460388,6.413449722460388
0.876666667,1.4672979868864284,-0.5906313198864285,0.5906313198864285
13934.1225,13089.941440420878,844.1810595791212,844.1810595791212
1.006842105,1.3189143364842446,-0.31207223148424457,0.31207223148424457
34.52965517,31.719041052830615,2.810614117169383,2.810614117169383
15.69,8.499307472880401,7.190692527119598,7.190692527119598
1.338636364,1.3111440177291611,0.027492346270838963,0.027492346270838963
0.870526316,1.9619327956213974,-1.0914064796213974,1.0914064796213974
1.161052632,1.3189143364842446,-0.15786170448424452,0.15786170448424452
4.650434783,3.22111988574072,1.4293148972592795,1.4293148972592795
1.577936508,2.148236712278484,-0.5703002042784839,0.5703002042784839
0.3425,3.170303567452307,-2.8278035674523068,2.8278035674523068
12.69703704,10.152977403642414,2.544059636357586,2.544059636357586
0.240666667,1.2634784965128893,-1.0228118295128894,1.0228118295128894
1.415,3.472570422504348,-2.057570422504348,2.057570422504348
0.68,1.236808274358931,-0.556808274358931,0.556808274358931
1.000909091,0.8987756032482374,0.10213348775176267,0.10213348775176267
3.14875,4.832416708763425,-1.683666708763425,1.683666708763425
0.7225,1.1005425364000823,-0.37804253640008223,0.37804253640008223
0.95,0.8957020851011476,0.054297914898852384,0.054297914898852384
0.93,2.1836326985709933,-1.2536326985709931,1.2536326985709931
1.965,2.3248042708122796,-0.3598042708122795,0.3598042708122795
0.787692308,1.4674638052947895,-0.6797714972947895,0.6797714972947895
20.86636364,11.982491680672672,8.883871959327328,8.883871959327328
44.32352941,55.60281327246459,-11.279283862464588,11.279283862464588
0.8675,1.0640852558265115,-0.19658525582651143,0.19658525582651143
8.114074074,11.216232241645214,-3.1021581676452143,3.1021581676452143
0.395555556,1.7568974336079726,-1.3613418776079727,1.3613418776079727
0.862222222,1.2611750675066813,-0.3989528455066813,0.3989528455066813
0.560909091,1.4006426680127022,-0.8397335770127022,0.8397335770127022
1.5,2.1187681236500464,-0.6187681236500464,0.6187681236500464
0.509259259,0.8548741017148155,-0.34561484271481546,0.34561484271481546
0.783529412,5.135456604794618,-4.351927192794618,4.351927192794618
0.470434783,0.6895644491365417,-0.21912966613654167,0.21912966613654167
0.6675,1.2001528608325127,-0.5326528608325127,0.5326528608325127
7.827,0.8992211576470722,6.927778842352928,6.927778842352928
0.502727273,0.6895644491365417,-0.18683717613654172,0.18683717613654172
0.836666667,2.210090566274307,-1.373423899274307,1.373423899274307
0.77625,1.3710443460514325,-0.5947943460514326,0.5947943460514326
0.172333333,0.8987756032482374,-0.7264422702482374,0.7264422702482374
0.521666667,1.7910413104024776,-1.2693746434024775,1.2693746434024775
0.21,1.269414130739507,-1.059414130739507,1.059414130739507
5.14,1.4046325036955862,3.7353674963044137,3.7353674963044137
0.751111111,1.2712488152679728,-0.5201377042679728,0.5201377042679728
1.803333333,2.02826520794745,-0.22493187494745004,0.22493187494745004
4.94,4.851348476752154,0.08865152324784642,0.08865152324784642
2.7,1.1792886403935827,1.5207113596064175,1.5207113596064175
1.3,1.3694158747572445,-0.06941587475724442,0.06941587475724442
0.55,0.29839493915640364,0.2516050608435964,0.2516050608435964
2.112592593,2.157199199728239,-0.04460660672823913,0.04460660672823913
1.977777778,1.2993010642079894,0.6784767137920107,0.6784767137920107
0.281428571,1.2634784965128893,-0.9820499255128894,0.9820499255128894
0.352,1.466483487995991,-1.114483487995991,1.114483487995991
0.94,0.5071314035413216,0.43286859645867837,0.43286859645867837
1.522857143,1.143510481720993,0.37934666127900707,0.37934666127900707
10.70864865,11.415393307413005,-0.7067446574130045,0.7067446574130045
0.1988,1.1443249806114302,-0.9455249806114302,0.9455249806114302
26.55666667,20.02819831164588,6.528468358354118,6.528468358354118
1.329411765,1.6355061541337903,-0.3060943891337904,0.3060943891337904
0.718333333,3.0841383061101197,-2.36580497311012,2.36580497311012
311.02,51.585541682019176,259.4344583179808,259.4344583179808
1.190833333,1.2571226720135162,-0.06628933901351619,0.06628933901351619
0.608947368,1.4501428737574398,-0.8411955057574397,0.8411955057574397
1.973013699,2.5128765753744324,-0.5398628763744324,0.5398628763744324
1.0,7.781024197608204,-6.781024197608204,6.781024197608204
2.77875,18.773356957044772,-15.994606957044772,15.994606957044772
0.918823529,1.3751124709212008,-0.45628894192120084,0.45628894192120084
0.832962963,2.1542345360301947,-1.3212715730301947,1.3212715730301947
5.58125,2.0495278638879553,3.5317221361120446,3.5317221361120446
11.47,2.076810907118392,9.39318909288161,9.39318909288161
0.283076923,0.8616311751306868,-0.5785542521306868,0.5785542521306868
0.3275,1.466483487995991,-1.1389834879959908,1.1389834879959908
1.386470588,1.4197982840785177,-0.03332769607851782,0.03332769607851782
0.28,1.3104874630915462,-1.0304874630915462,1.0304874630915462
0.285172414,3.37259919265212,-3.0874267786521203,3.0874267786521203
0.964782609,1.2630329421140545,-0.29825033311405447,0.29825033311405447
0.205714286,1.3012610210255882,-1.095546735025588,1.095546735025588
0.597142857,0.8082159705328259,-0.21107311353282587,0.21107311353282587
0.29,0.881883712715403,-0.5918837127154031,0.5918837127154031
0.368333333,1.4441031300653655,-1.0757697970653655,1.0757697970653655
0.548571429,1.2378996336062582,-0.6893282046062582,0.6893282046062582
0.643888889,1.3189143364842446,-0.6750254474842446,0.6750254474842446
0.986190476,1.5008373648482436,-0.5146468888482436,0.5146468888482436
1.424,1.2630329421140545,0.16096705788594545,0.16096705788594545
0.6,0.8195754536963419,-0.2195754536963419,0.2195754536963419
0.932173913,2.3188551939758857,-1.3866812809758857,1.3866812809758857
2.493809524,1.484512841110073,1.009296682889927,1.009296682889927
0.064166667,3.2182036890475363,-3.1540370220475364,3.1540370220475364
0.469090909,1.4339244273329743,-0.9648335183329744,0.9648335183329744
36.30214286,25.684081876921738,10.618060983078259,10.618060983078259
0.6075,0.835895521966696,-0.228395521966696,0.228395521966696
0.763333333,1.4417160003647413,-0.6783826673647414,0.6783826673647414
1.0,2.2568043413689645,-1.2568043413689645,1.2568043413689645
0.35,1.4672979868864284,-1.1172979868864283,1.1172979868864283
57.65846154,51.02992013566517,6.628541404334825,6.628541404334825
8.729333333,1.4531718436319718,7.276161489368028,7.276161489368028
0.4525,0.8434537614559273,-0.3909537614559273,0.3909537614559273
1.097,1.607738805112721,-0.5107388051127211,0.5107388051127211
12.52,30.716901904798064,-18.196901904798064,18.196901904798064
2.352727273,1.478732557488706,0.8739947155112942,0.8739947155112942
0.879444444,1.7568974336079726,-0.8774529896079726,0.8774529896079726
13.46731343,7.1657614993528265,6.301551930647174,6.301551930647174
12.75944444,6.180968617948595,6.578475822051404,6.578475822051404
0.97952381,1.304788193229788,-0.325264383229788,0.325264383229788
0.559,2.057609612585867,-1.498609612585867,1.498609612585867
1.675357143,1.6591354922003252,0.016221650799674858,0.016221650799674858
1.594166667,1.7372920578362314,-0.14312539083623133,0.14312539083623133
25.395,17.40484030030776,7.990159699692239,7.990159699692239
0.8,2.1539127855933606,-1.3539127855933606,1.3539127855933606
0.8,0.9608995453658088,-0.16089954536580875,0.16089954536580875
1.090909091,2.568956021150107,-1.478046930150107,1.478046930150107
0.24,1.4365584678462473,-1.1965584678462473,1.1965584678462473
0.661363636,1.4501428737574398,-0.7887792377574397,0.7887792377574397
0.944444444,2.56799208064075,-1.6235476366407497,1.6235476366407497
1.1028,2.6071602103475158,-1.5043602103475158,1.5043602103475158
0.741111111,1.819578526265632,-1.078467415265632,1.078467415265632
0.288125,0.8470594774773951,-0.558934477477395,0.558934477477395
1.563333333,1.2745355664243252,0.2887977665756749,0.2887977665756749
1.864117647,1.9421958262534025,-0.07807817925340244,0.07807817925340244
1.167142857,1.4610858176450428,-0.2939429606450428,0.2939429606450428
0.097727273,1.304788193229788,-1.207060920229788,1.207060920229788
2.132272727,1.2611750675066813,0.8710976594933189,0.8710976594933189
0.858181818,0.8987756032482374,-0.04059378524823731,0.04059378524823731
1.232083333,1.7568974336079726,-0.5248141006079725,0.5248141006079725
4.966428571,2.8249992159594726,2.1414293550405272,2.1414293550405272
3.366,1.7707394220524417,1.5952605779475584,1.5952605779475584
0.408333333,1.0256553501202101,-0.6173220171202101,0.6173220171202101
2.016,1.584083304252654,0.4319166957473459,0.4319166957473459
0.581818182,1.5008373648482436,-0.9190191828482436,0.9190191828482436
0.599655172,1.2217486095232353,-0.6220934375232353,0.6220934375232353
8.547777778,8.435394317978796,0.11238346002120458,0.11238346002120458
33.0,31.45087447424245,1.5491255257575496,1.5491255257575496
2.2925,1.0445511824661098,1.2479488175338902,1.2479488175338902
0.368421053,1.4501428737574398,-1.0817218207574397,1.0817218207574397
0.395,2.2854630733033905,-1.8904630733033905,1.8904630733033905
4.508,3.005443694478616,1.502556305521384,1.502556305521384
1.25,1.0001235495013596,0.24987645049864038,0.24987645049864038
1.302857143,1.2552879874850504,0.04756915551494956,0.04756915551494956
1.422083333,1.400682734851093,0.021400598148906935,0.021400598148906935
0.7675,2.1189480696110525,-1.3514480696110525,1.3514480696110525
1.643333333,1.5383524583524057,0.1049808746475942,0.1049808746475942
0.863333333,1.3024594000975005,-0.43912606709750046,0.43912606709750046
1.02375,0.7598021243556262,0.2639478756443737,0.2639478756443737
0.278275862,0.9908930808175191,-0.7126172188175192,0.7126172188175192
1.635,4.881916914508163,-3.246916914508163,3.246916914508163
0.968928571,1.5008373648482436,-0.5319087938482436,0.5319087938482436
9.08,3.088665679100969,5.991334320899031,5.991334320899031
0.405217391,1.277604639767346,-0.872387248767346,0.872387248767346
0.617407407,1.6205082230272922,-1.0031008160272923,1.0031008160272923
0.778333333,1.0725899810279838,-0.2942566480279838,0.2942566480279838
0.9,1.0645308102253463,-0.16453081022534632,0.16453081022534632
29.0,20.663791393680896,8.336208606319104,8.336208606319104
0.751538462,1.4484961249862658,-0.6969576629862658,0.6969576629862658
0.523333333,1.6355061541337903,-1.1121728211337905,1.1121728211337905
0.982,1.3189143364842446,-0.3369143364842446,0.3369143364842446
0.585,1.8063976393527101,-1.2213976393527102,1.2213976393527102
0.908,1.2076224662687787,-0.29962246626877864,0.29962246626877864
1.775,1.9640757832162903,-0.18907578321629037,0.18907578321629037
1.748181818,1.6896265366199597,0.05855528138004029,0.05855528138004029
8.256153846,16.179538910139016,-7.9233850641390156,7.9233850641390156
2.052916667,1.5596365629299944,0.49328010407000544,0.49328010407000544
0.83,0.9089543059806285,-0.07895430598062858,0.07895430598062858
0.644,1.2247132732212784,-0.5807132732212784,0.5807132732212784
9.54,7.729174820031299,1.8108251799686998,1.8108251799686998
2.617692308,1.4664052685133022,1.1512870394866979,1.1512870394866979
0.985,1.4368473198938012,-0.4518473198938012,0.4518473198938012
1.086363636,1.4197982840785177,-0.33343464807851775,0.33343464807851775
5636.355,5691.4855783481335,-55.130578348133895,55.130578348133895
0.319473684,2.1959644230198503,-1.8764907390198502,1.8764907390198502
0.08,2.5043657316415557,-2.4243657316415557,2.4243657316415557
13.186875,10.334047591593729,2.852827408406272,2.852827408406272
0.9016,1.4264847200849557,-0.5248847200849558,0.5248847200849558
1.094,1.1451778105132717,-0.05117781051327164,0.05117781051327164
0.6725,0.972718438509946,-0.300218438509946,0.300218438509946
0.3948,1.3302640692235137,-0.9354640692235137,0.9354640692235137
0.085,1.9970167367323075,-1.9120167367323075,1.9120167367323075
0.799056604,0.9610128221178008,-0.1619562181178008,0.1619562181178008
12.82,12.275630267876632,0.5443697321233678,0.5443697321233678
13834.07258,12704.169805414931,1129.902774585069,1129.902774585069
0.328518519,1.7568974336079726,-1.4283789146079726,1.4283789146079726
1.673888889,2.2674587608112704,-0.5935698718112703,0.5935698718112703
0.56,1.186183507835416,-0.6261835078354159,0.6261835078354159
5.4925,0.866623526797547,4.625876473202453,4.625876473202453
1.205,1.446929308894178,-0.24192930889417785,0.24192930889417785
0.318888889,0.907418367315899,-0.588529478315899,0.588529478315899
1.709333333,1.212027173510236,0.4973061594897641,0.4973061594897641
0.33,0.9701466348309652,-0.6401466348309652,0.6401466348309652
2.801428571,1.297996601896207,1.5034319691037932,1.5034319691037932
0.8,2.2610944774431614,-1.4610944774431613,1.4610944774431613
12.976875,11.074504810657116,1.902370189342884,1.902370189342884
1.515,2.075966165684916,-0.5609661656849163,0.5609661656849163
0.474615385,0.8185779262320464,-0.3439625412320464,0.3439625412320464
0.763928571,1.170032483752393,-0.406103912752393,0.406103912752393
3.725135135,2.1872190360263515,1.5379160989736484,1.5379160989736484
22.39388889,15.800982618969195,6.592906271030804,6.592906271030804
0.643333333,1.3719253259763022,-0.7285919929763023,0.7285919929763023
1.7875,3.6803152058371844,-1.8928152058371843,1.8928152058371843
54.72,55.96071478683102,-1.2407147868310204,1.2407147868310204
0.83,1.6057299247057695,-0.7757299247057695,0.7757299247057695
9.604285714,10.335533120146039,-0.7312474061460392,0.7312474061460392
2.91,4.253885838867104,-1.343885838867104,1.343885838867104
4.882,10.277014168657951,-5.395014168657951,5.395014168657951
0.58,0.8367765018915659,-0.256776501891566,0.256776501891566
1.89,1.5941927804092313,0.2958072195907686,0.2958072195907686
14.10642857,8.506543690304476,5.599884879695525,5.599884879695525
0.748571429,0.8987756032482374,-0.1502041742482374,0.1502041742482374
1.7325,2.0729577679716544,-0.3404577679716545,0.3404577679716545
3.025909091,1.4760552418801773,1.5498538491198226,1.5498538491198226
2.327692308,1.2838044979328138,1.0438878100671862,1.0438878100671862
2.067272727,2.3385012010976225,-0.2712284740976223,0.2712284740976223
0.489090909,0.7522035234851848,-0.2631126144851848,0.2631126144851848
1.755714286,0.9435837334039693,0.8121305525960306,0.8121305525960306
0.069411765,1.2712488152679728,-1.201837050267973,1.201837050267973
42.13096774,34.6037561954661,7.527211544533905,7.527211544533905
0.836153846,1.3710443460514325,-0.5348905000514326,0.5348905000514326
1.867142857,2.472409510162614,-0.6052666531626139,0.6052666531626139
3.03375,1.5023615043680052,1.5313884956319948,1.5313884956319948
0.467142857,1.1757234299930472,-0.7085805729930472,0.7085805729930472
0.21,1.0416836567650205,-0.8316836567650205,0.8316836567650205
37.17272727,46.11246703715895,-8.939739767158947,8.939739767158947
18.0,11.786906430452204,6.213093569547796,6.213093569547796
31.97541667,46.404058780117666,-14.428642110117664,14.428642110117664
0.62,1.1443249806114302,-0.5243249806114302,0.5243249806114302
0.604545455,1.2258885139965037,-0.6213430589965037,0.6213430589965037
0.568888889,1.5342898226182105,-0.9654009336182104,0.9654009336182104
1.060714286,6.133738657385175,-5.073024371385175,5.073024371385175
1.398888889,1.1851389463189312,0.21374994268106873,0.21374994268106873
0.1195,2.189608598520475,-2.0701085985204752,2.0701085985204752
2.152142857,1.4283977332311475,0.7237451237688524,0.7237451237688524
1.5,2.154587374061129,-0.654587374061129,0.654587374061129
0.397777778,1.267535801708448,-0.8697580237084479,0.8697580237084479
0.884558824,1.4365584678462473,-0.5519996438462473,0.5519996438462473
1.4925,1.9051642515239262,-0.4126642515239263,0.4126642515239263
0.65,1.9698485699963755,-1.3198485699963753,1.3198485699963753
6.611,4.20357113423193,2.40742886576807,2.40742886576807
1.55,2.0980759673522362,-0.5480759673522362,0.5480759673522362
0.982857143,1.4339244273329743,-0.45106728433297427,0.45106728433297427
2.552727273,1.307841072269786,1.244886200730214,1.244886200730214
0.750769231,1.277604639767346,-0.5268354087673459,0.5268354087673459
0.45,0.8987756032482374,-0.44877560324823734,0.44877560324823734
0.48,0.0994472528688603,0.3805527471311397,0.3805527471311397
0.159,0.913347300901529,-0.754347300901529,0.754347300901529
1.156923077,2.3664103538399353,-1.2094872768399352,1.2094872768399352
1.081176471,1.2712488152679728,-0.19007234426797281,0.19007234426797281
0.536086957,0.9977529008483778,-0.4616659438483778,0.4616659438483778
0.101666667,1.2712488152679728,-1.169582148267973,1.169582148267973
1.15,0.9195453752941868,0.23045462470581313,0.23045462470581313
0.479130435,0.7998690447014564,-0.32073860970145635,0.32073860970145635
0.808888889,1.4531718436319718,-0.6442829546319718,0.6442829546319718
2.05375,0.8987756032482374,1.1549743967517627,1.1549743967517627
1.005454545,1.5860059483890527,-0.5805514033890526,0.5805514033890526
0.46,1.2712488152679728,-0.8112488152679729,0.8112488152679729
0.236,1.516798192631166,-1.280798192631166,1.280798192631166
0.3435,1.0695282818180791,-0.7260282818180791,0.7260282818180791
0.647777778,1.1014873092186304,-0.45370953121863034,0.45370953121863034
5.48,15.126755503835811,-9.646755503835811,9.646755503835811
0.978333333,0.5859812997056305,0.3923520332943695,0.3923520332943695
0.672,2.057609612585867,-1.385609612585867,1.385609612585867
2.3668,1.7090840434727999,0.6577159565272002,0.6577159565272002
2.3,1.4267784547202764,0.8732215452797234,0.8732215452797234
1.641428571,1.8040790229771775,-0.16265045197717742,0.16265045197717742
0.56962963,1.6122693269688606,-1.0426396969688607,1.0426396969688607
5.2775,4.881916914508163,0.39558308549183696,0.39558308549183696
0.0,63.56288132657405,-63.56288132657405,63.56288132657405
1.285384615,1.0725899810279838,0.21279463397201615,0.21279463397201615
0.697,1.1170419373809937,-0.4200419373809937,0.4200419373809937
1.416666667,1.8063976393527101,-0.38973097235271004,0.38973097235271004
0.67,0.8666567605912837,-0.19665676059128367,0.19665676059128367
36.48703704,50.25296565805427,-13.765928618054275,13.765928618054275
0.5,1.7958676159689282,-1.2958676159689282,1.2958676159689282
0.514615385,2.1535455413976106,-1.6389301563976106,1.6389301563976106
0.215789474,1.2571226720135162,-1.0413331980135163,1.0413331980135163
0.231111111,1.4339244273329743,-1.2028133163329744,1.2028133163329744
49.0375,36.57455222086343,12.46294777913657,12.46294777913657
1.218235294,1.3638104270728335,-0.14557513307283343,0.14557513307283343
1.315789474,1.3189143364842446,-0.003124862484244595,0.003124862484244595
70.365,51.11631679041777,19.248683209582225,19.248683209582225
0.467272727,0.8082159705328259,-0.3409432435328259,0.3409432435328259
0.6125,1.5149635081027002,-0.9024635081027002,0.9024635081027002
0.9075,1.163422617681624,-0.25592261768162405,0.25592261768162405
0.913157895,0.8987756032482374,0.014382291751762644,0.014382291751762644
1.34,1.1054814736668608,0.2345185263331393,0.2345185263331393
0.816315789,1.8045629548242443,-0.9882471658242443,0.9882471658242443
1.182916667,1.4961616462025376,-0.3132449792025376,0.3132449792025376
0.828333333,1.1990712357889026,-0.3707379027889026,0.3707379027889026
0.5795,1.0994085405177974,-0.5199085405177973,0.5199085405177973
12.72,14.807884997241056,-2.087884997241055,2.087884997241055
0.20030303,1.6336714696053245,-1.4333684396053246,1.4333684396053246
22.60571429,16.86969147622303,5.736022813776973,5.736022813776973
0.344791667,1.4610858176450428,-1.1162941506450428,1.1162941506450428
0.199375,2.092853408270487,-1.893478408270487,1.893478408270487
0.738333333,1.7155432635363508,-0.9772099305363507,0.9772099305363507
0.532173913,0.6895644491365417,-0.15739053613654164,0.15739053613654164
3.279444444,1.9734572939066735,1.3059871500933267,1.3059871500933267
1.360588235,1.0725899810279838,0.2879982539720163,0.2879982539720163
1.929166667,1.2634784965128893,0.6656881704871107,0.6656881704871107
6.542857143,27.420739053357813,-20.877881910357814,20.877881910357814
4.96,2.4884788995117706,2.4715211004882294,2.4715211004882294
0.458461538,1.9622410986878243,-1.5037795606878244,1.5037795606878244
0.823037975,1.4282476247426155,-0.6052096497426155,0.6052096497426155
8.055714286,13.788384603469721,-5.7326703174697204,5.7326703174697204
36.67259259,48.98478699767409,-12.312194407674092,12.312194407674092
0.665862069,1.2217486095232353,-0.5558865405232353,0.5558865405232353
2.745,1.5989243872146535,1.1460756127853466,1.1460756127853466
0.51,1.8405415161472152,-1.3305415161472152,1.3305415161472152
3.74,2.3275668468953654,1.4124331531046348,1.4124331531046348
0.67625,1.3537267503167831,-0.6774767503167831,0.6774767503167831
1.226666667,1.4365584678462473,-0.20989180084624737,0.20989180084624737
0.49,1.1103512156978697,-0.6203512156978697,0.6203512156978697
2.71,2.8313550404588477,-0.12135504045884771,0.12135504045884771
1.0,1.724437886208394,-0.724437886208394,0.724437886208394
6.522727273,9.969198294122489,-3.4464710211224885,3.4464710211224885
1.513928571,2.2012110626138823,-0.6872824916138824,0.6872824916138824
1.956666667,1.7670803027903448,0.18958636420965513,0.18958636420965513
0.5025,0.7362851975342656,-0.23378519753426563,0.23378519753426563
0.555555556,1.7568974336079726,-1.2013418776079727,1.2013418776079727
22.38,7.959788811513382,14.420211188486617,14.420211188486617
0.251538462,2.282879133011019,-2.031340671011019,2.031340671011019
1.691052632,1.2712488152679728,0.41980381673202705,0.41980381673202705
0.83125,1.3710443460514325,-0.5397943460514325,0.5397943460514325
1.0,1.4264744276593042,-0.4264744276593042,0.4264744276593042
2.31,0.9672126802832689,1.3427873197167313,1.3427873197167313
0.45625,1.481589948549246,-1.025339948549246,1.025339948549246
2.703333333,1.3612562768676468,1.342077056132353,1.342077056132353
1.322857143,2.6182812109168476,-1.2954240679168476,1.2954240679168476
0.6,0.8669570077143377,-0.2669570077143377,0.2669570077143377
0.2975,2.282879133011019,-1.985379133011019,1.985379133011019
0.29,1.4531718436319718,-1.1631718436319718,1.1631718436319718
3.111724138,1.966473543476722,1.145250594523278,1.145250594523278
0.250588235,1.8023470347981396,-1.5517587997981397,1.5517587997981397
0.23,1.3157007716209828,-1.0857007716209828,1.0857007716209828
0.25,0.913347300901529,-0.663347300901529,0.663347300901529
0.650769231,1.4365584678462473,-0.7857892368462474,0.7857892368462474
1.929666667,1.8748433622555978,0.054823304744402224,0.054823304744402224
0.7875,1.1054814736668608,-0.3179814736668608,0.3179814736668608
0.53,1.0548141776527595,-0.5248141776527595,0.5248141776527595
0.924,2.138477177455391,-1.2144771774553909,1.2144771774553909
1.280714286,1.516798192631166,-0.23608390663116596,0.23608390663116596
1.335,2.3275668468953654,-0.9925668468953655,0.9925668468953655
4955.305,5537.983239848126,-582.6782398481255,582.6782398481255
0.5425,1.0725899810279838,-0.5300899810279838,0.5300899810279838
2.252857143,1.0170810142668425,1.2357761287331575,1.2357761287331575
1.15,1.2630329421140545,-0.11303294211405457,0.11303294211405457
0.9525,0.8795781955372798,0.07292180446272023,0.07292180446272023
1.232142857,1.2217486095232353,0.010394247476764651,0.010394247476764651
1.147857143,2.030861639245637,-0.8830044962456371,0.8830044962456371
0.63,1.7639707171372516,-1.1339707171372515,1.1339707171372515
4.01,1.6073837214050122,2.4026162785949876,2.4026162785949876
0.239047619,1.5860059483890527,-1.3469583293890528,1.3469583293890528
0.345714286,1.7568974336079726,-1.4111831476079726,1.4111831476079726
3.697272727,5.6374974888452964,-1.9402247618452964,1.9402247618452964
8795.260556,10896.188822013079,-2100.9282660130793,2100.9282660130793
0.612,1.1588966782647216,-0.5468966782647217,0.5468966782647217
0.812857143,1.9187368610369742,-1.1058797180369742,1.1058797180369742
36.35782609,10.317638176221001,26.040187913779,26.040187913779
1.360625,2.761372866960278,-1.400747866960278,1.400747866960278
0.556666667,1.7958676159689282,-1.2392009489689282,1.2392009489689282
0.594285714,1.4365584678462473,-0.8422727538462473,0.8422727538462473
8.54625,11.491927322313575,-2.945677322313575,2.945677322313575
0.879565217,1.484223989062519,-0.6046587720625191,0.6046587720625191
0.737916667,1.782197748336962,-1.0442810813369618,1.0442810813369618
1.594545455,3.2569063064523123,-1.6623608514523123,1.6623608514523123
0.605,0.46928642437532314,0.13571357562467684,0.13571357562467684
0.790833333,1.4368473198938012,-0.6460139868938012,0.6460139868938012
0.564210526,1.2712488152679728,-0.7070382892679729,0.7070382892679729
14.87722222,10.876898639321066,4.000323580678934,4.000323580678934
6785.354286,6660.488011953162,124.86627404683804,124.86627404683804
5.694814815,6.497252538375287,-0.8024377233752871,0.8024377233752871
0.266,1.4006426680127022,-1.1346426680127022,1.1346426680127022
1.30875,1.9660279890778867,-0.6572779890778866,0.6572779890778866
1.0375,0.8987756032482374,0.13872439675176274,0.13872439675176274
12.0725,10.152977403642414,1.9195225963575862,1.9195225963575862
1.61,0.8348138969230859,0.7751861030769142,0.7751861030769142
0.622,0.9464411244645091,-0.3244411244645091,0.3244411244645091
1.0675,1.3133790733688946,-0.2458790733688947,0.2458790733688947
6.936666667,8.010820289276063,-1.0741536222760635,1.0741536222760635
0.5175,0.8987756032482374,-0.3812756032482374,0.3812756032482374
0.764761905,1.4365584678462473,-0.6717965628462473,0.6717965628462473
7.005555556,10.323868888861332,-3.318313332861332,3.318313332861332
7.9425,3.4929668503957543,4.449533149604246,4.449533149604246
1.155555556,1.4365584678462473,-0.28100291184624737,0.28100291184624737
0.576428571,1.2712488152679728,-0.6948202442679728,0.6948202442679728
9.679090909,10.152977403642414,-0.4738864946424144,0.4738864946424144
3.106666667,1.4826400017807708,1.624026665219229,1.624026665219229
3.539677419,2.441933289059633,1.0977441299403674,1.0977441299403674
7.930714286,16.302889898996884,-8.372175612996884,8.372175612996884
5.85,1.8077266172886315,4.042273382711368,4.042273382711368
2.503333333,1.4339244273329743,1.0694089056670257,1.0694089056670257
0.964583333,2.6071602103475158,-1.6425768773475158,1.6425768773475158
24.83,16.116806408503,8.713193591497,8.713193591497
0.5575,1.0123691300556692,-0.4548691300556692,0.4548691300556692
0.21,0.8719931308299075,-0.6619931308299075,0.6619931308299075
0.329285714,1.2217486095232353,-0.8924628955232352,0.8924628955232352
1.075217391,2.1535455413976106,-1.0783281503976105,1.0783281503976105
0.721666667,1.2362504696957242,-0.5145838026957241,0.5145838026957241
0.677826087,1.116460862351002,-0.4386347753510019,0.4386347753510019
0.603333333,1.4339244273329743,-0.8305910943329743,0.8305910943329743
0.699230769,1.6355061541337903,-0.9362753851337903,0.9362753851337903
1.624285714,1.9640757832162903,-0.3397900692162903,0.3397900692162903
0.76,0.9875144568165481,-0.22751445681654814,0.22751445681654814
1.18875,1.3341506291876537,-0.14540062918765373,0.14540062918765373
0.441052632,1.3751124709212008,-0.9340598389212008,0.9340598389212008
2.076666667,1.400682734851093,0.675983932148907,0.675983932148907
1.870833333,0.7172984580222029,1.153534874977797,1.153534874977797
0.956666667,2.31954418860847,-1.3628775216084699,1.3628775216084699
3.0,1.490273570982509,1.509726429017491,1.509726429017491
80.268,30.200637611355884,50.06736238864411,50.06736238864411
0.173076923,2.7630584616295746,-2.5899815386295746,2.5899815386295746
1.114615385,1.191990501827702,-0.07737511682770193,0.07737511682770193
0.812083333,1.8123527916682824,-1.0002694586682823,1.0002694586682823
2.120322581,4.2442719804874836,-2.1239493994874836,2.1239493994874836
1.011818182,1.0640852558265115,-0.05226707382651141,0.05226707382651141
2.412307692,1.9145755774715527,0.49773211452844746,0.49773211452844746
0.352142857,2.910269013559275,-2.558126156559275,2.558126156559275
0.284615385,1.1443249806114302,-0.8597095956114302,0.8597095956114302
3.202307692,2.1872190360263515,1.0150886559736487,1.0150886559736487
1.118,1.395080920388405,-0.2770809203884048,0.2770809203884048
0.384782609,1.4672979868864284,-1.0825153778864285,1.0825153778864285
0.795806452,1.5517142544518006,-0.7559078024518006,0.7559078024518006
0.593333333,0.8987756032482374,-0.30544227024823734,0.30544227024823734
12.59,10.044448144872185,2.5455518551278153,2.5455518551278153
0.28,1.4347237833177815,-1.1547237833177815,1.1547237833177815
0.0,2.146830891302867,-2.146830891302867,2.146830891302867
0.974339623,1.683171675350062,-0.7088320523500621,0.7088320523500621
1.402857143,1.4531718436319718,-0.05031470063197174,0.05031470063197174
0.4675,0.835895521966696,-0.368395521966696,0.368395521966696
1.305526316,2.6548257315637875,-1.3492994155637876,1.3492994155637876
1.62,0.8987756032482374,0.7212243967517628,0.7212243967517628
0.680740741,1.481589948549246,-0.800849207549246,0.800849207549246
0.204166667,1.229894645196351,-1.025727978196351,1.025727978196351
1.1325,1.7568974336079726,-0.6243974336079725,0.6243974336079725
0.239230769,1.4347237833177815,-1.1954930143177815,1.1954930143177815
1.645833333,2.285717762540576,-0.6398844295405761,0.6398844295405761
1.0975,0.8987756032482374,0.19872439675176257,0.19872439675176257
4.26,1.6535314869996907,2.6064685130003094,2.6064685130003094
1.254545455,1.4339244273329743,-0.1793789723329744,0.1793789723329744
14.05764706,8.435394317978796,5.622252742021205,5.622252742021205
0.325,1.2763155128824555,-0.9513155128824555,0.9513155128824555
0.844666667,1.8312615297551984,-0.9865948627551984,0.9865948627551984
1.8296,1.7816520004436363,0.04794799955636364,0.04794799955636364
1.028148148,1.768052545711939,-0.7399043977119388,0.7399043977119388
1.0,2.1187681236500464,-1.1187681236500464,1.1187681236500464
0.342413793,1.0517430193015256,-0.7093292263015256,0.7093292263015256
0.255,0.7026823438452129,-0.4476823438452129,0.4476823438452129
0.906875,0.9464411244645091,-0.039566124464509134,0.039566124464509134
70.62176471,59.412497291957756,11.209267418042238,11.209267418042238
1.305555556,2.085467062690472,-0.7799115066904718,0.7799115066904718
1.113076923,1.9640757832162903,-0.8509988602162903,0.8509988602162903
0.42875,0.8987756032482374,-0.47002560324823733,0.47002560324823733
1.101111111,1.1443249806114302,-0.043213869611430145,0.043213869611430145
0.276875,1.2217486095232353,-0.9448736095232353,0.9448736095232353
0.63,0.9195453752941868,-0.2895453752941868,0.2895453752941868
0.420454545,1.4945948301104497,-1.0741402851104498,1.0741402851104498
5238.051739,7190.530709743057,-1952.4789707430564,1952.4789707430564
0.9525,1.3699627210078225,-0.41746272100782245,0.41746272100782245
0.650909091,1.4365584678462473,-0.7856493768462472,0.7856493768462472
15.73,20.86273907996844,-5.132739079968438,5.132739079968438
11.144,10.158306207155325,0.9856937928446747,0.9856937928446747
0.437209302,1.6336714696053245,-1.1964621676053244,1.1964621676053244
1.666666667,1.2261392252502759,0.44052744174972425,0.44052744174972425
2.116,2.1349672684352092,-0.018967268435209128,0.018967268435209128
0.450833333,1.6113062631180421,-1.160472930118042,1.160472930118042
13.48444444,17.024735611179004,-3.5402911711790033,3.5402911711790033
0.548947368,0.6895644491365417,-0.1406170811365417,0.1406170811365417
0.8,2.203734741774932,-1.403734741774932,1.403734741774932
0.285,1.5718798051345961,-1.2868798051345962,1.2868798051345962
5.57,1.691810649463693,3.8781893505363074,3.8781893505363074
1.2125,0.9722728841111111,0.2402271158888888,0.2402271158888888
1.088888889,1.277604639767346,-0.18871575076734604,0.18871575076734604
1.106363636,1.9619327956213974,-0.8555691596213975,0.8555691596213975
0.993928571,1.0203839597262176,-0.026455388726217666,0.026455388726217666
9.665454545,4.132168566624341,5.533285978375658,5.533285978375658
0.218571429,1.4989260003689597,-1.2803545713689597,1.2803545713689597
3.795555556,1.7672998234300465,2.0282557325699537,2.0282557325699537
0.356666667,1.484223989062519,-1.127557322062519,1.127557322062519
69.62148148,65.07294777232887,4.548533707671126,4.548533707671126
11.87384615,10.323868888861332,1.5499772611386682,1.5499772611386682
7.786,2.1687363962026853,5.617263603797314,5.617263603797314
3.69,5.466606003626378,-1.776606003626378,1.776606003626378
1.228,1.1853302952983529,0.042669704701647104,0.042669704701647104
0.72,2.6531514695758376,-1.9331514695758376,1.9331514695758376
0.817777778,1.3870582621015097,-0.5692804841015098,0.5692804841015098
38.04833333,30.30977274317508,7.738560586824917,7.738560586824917
0.47,2.1364785304224925,-1.6664785304224925,1.6664785304224925
1.577692308,2.324420379945352,-0.746728071945352,0.746728071945352
1.86,6.468535653923238,-4.608535653923238,4.608535653923238
1.835333333,1.4197982840785177,0.4155350489214822,0.4155350489214822
1.558918919,2.137718830281614,-0.5787999112816142,0.5787999112816142
0.382,1.3870582621015097,-1.0050582621015098,1.0050582621015098
0.159230769,1.2217486095232353,-1.0625178405232352,1.0625178405232352
0.7015,2.324420379945352,-1.622920379945352,1.622920379945352
15.8,20.548409128692853,-4.7484091286928525,4.7484091286928525
1.597837838,2.093266873928604,-0.495429035928604,0.495429035928604
0.58,1.4368473198938012,-0.8568473198938013,0.8568473198938013
0.210833333,1.4672979868864284,-1.2564646538864284,1.2564646538864284
0.843421053,0.9464411244645091,-0.10302007146450909,0.10302007146450909
1.665555556,1.2630329421140545,0.40252261388594546,0.40252261388594546
3.347037037,8.824377016539234,-5.477339979539234,5.477339979539234
0.237142857,1.2217486095232353,-0.9846057525232352,0.9846057525232352
2.474736842,1.3189143364842446,1.1558225055157554,1.1558225055157554
0.436,0.8315047062602249,-0.3955047062602249,0.3955047062602249
0.59,1.3602765208838377,-0.7702765208838377,0.7702765208838377
5.628,4.748520647602071,0.8794793523979294,0.8794793523979294
1.712653061,1.5149635081027002,0.19768955289729973,0.19768955289729973
1.268518519,1.469384593015796,-0.20086607401579615,0.20086607401579615
1.92,1.4046325036955862,0.5153674963044137,0.5153674963044137
7.0,10.706459718859097,-3.7064597188590973,3.7064597188590973
1.58,0.8434537614559273,0.7365462385440728,0.7365462385440728
0.2575,1.2630329421140545,-1.0055329421140544,1.0055329421140544
0.248076923,1.078656953479803,-0.830580030479803,0.830580030479803
5.617083333,2.8313550404588477,2.7857282925411524,2.7857282925411524
1.121428571,0.8987756032482374,0.2226529677517627,0.2226529677517627
11.5,2.3661301047580396,9.133869895241961,9.133869895241961
2.35,1.5754202883819381,0.7745797116180619,0.7745797116180619
0.229166667,1.1588966782647216,-0.9297300112647217,0.9297300112647217
0.415454545,1.3529771467964304,-0.9375226017964304,0.9375226017964304
0.235,1.277604639767346,-1.042604639767346,1.042604639767346
0.63,1.7958676159689282,-1.1658676159689283,1.1658676159689283
35.52157895,31.376402291673987,4.145176658326012,4.145176658326012
23.71172414,21.28853512927851,2.42318901072149,2.42318901072149
0.586956522,0.6895644491365417,-0.10260792713654165,0.10260792713654165
2.288,4.420175042859965,-2.132175042859965,2.132175042859965
0.934,0.9875144568165481,-0.053514456816548095,0.053514456816548095
1.137647059,1.2712488152679728,-0.13360175626797277,0.13360175626797277
0.703125,1.1460872618908575,-0.4429622618908575,0.4429622618908575
9.942,10.338440586514624,-0.39644058651462366,0.39644058651462366
1.355,1.1424875881499748,0.21251241185002523,0.21251241185002523
0.496785714,3.37259919265212,-2.87581347865212,2.87581347865212
3.415151515,2.1845849955130787,1.230566519486921,1.230566519486921
1.439,1.269414130739507,0.16958586926049302,0.16958586926049302
0.268846154,1.4531718436319718,-1.1843256896319718,1.1843256896319718
0.455714286,1.1121963314416181,-0.656482045441618,0.656482045441618
14.46173333,16.259453216798686,-1.7977198867986868,1.7977198867986868
0.515714286,1.267535801708448,-0.7518215157084479,0.7518215157084479
5.802727273,2.6178356565180136,3.1848916164819867,3.1848916164819867
1.656363636,1.7732781737202608,-0.11691453772026072,0.11691453772026072
68.724375,65.29788922020647,3.4264857797935235,3.4264857797935235
1.501304348,0.8724046509935288,0.6288996970064711,0.6288996970064711
0.878684211,1.6336714696053245,-0.7549872586053245,0.7549872586053245
0.281764706,1.3870582621015097,-1.1052935561015098,1.1052935561015098
0.6825,0.8987756032482374,-0.21627560324823736,0.21627560324823736
0.34625,1.1451778105132717,-0.7989278105132718,0.7989278105132718
5.2475,4.543485285588647,0.7040147144113522,0.7040147144113522
1.65875,1.8454826351138072,-0.18673263511380722,0.18673263511380722
0.765,1.0012051745449697,-0.2362051745449697,0.2362051745449697
11.315,12.355228133197208,-1.0402281331972087,1.0402281331972087
0.581666667,2.1535455413976106,-1.5718788743976106,1.5718788743976106
54.38111111,46.84879653481548,7.532314575184522,7.532314575184522
0.312,1.466483487995991,-1.1544834879959909,1.1544834879959909
0.9175,1.7864572770297376,-0.8689572770297376,0.8689572770297376
1.008181818,1.1588966782647216,-0.1507148602647217,0.1507148602647217
0.506956522,0.6895644491365417,-0.18260792713654173,0.18260792713654173
1.860909091,1.8473200275752635,0.013589063424736425,0.013589063424736425
2.97,1.5005084744644193,1.469491525535581,1.469491525535581
0.508888889,0.9722728841111111,-0.46338399511111117,0.46338399511111117
8.14625,4.463843370337944,3.682406629662056,3.682406629662056
1.759583333,5.629336935235646,-3.8697536022356456,3.8697536022356456
0.312083333,1.6758956759680548,-1.3638123429680546,1.3638123429680546
0.277692308,2.0913826047716833,-1.8136902967716833,1.8136902967716833
1.850357143,4.152459608772082,-2.302102465772082,2.302102465772082
21.5625,20.9095042123386,0.6529957876613999,0.6529957876613999
1.51,1.4017723508822846,0.10822764911771543,0.10822764911771543
12.05,10.334047591593729,1.715952408406272,1.715952408406272
1.29,1.6892212572700522,-0.3992212572700522,0.3992212572700522
0.615714286,1.0612892185852534,-0.4455749325852534,0.4455749325852534
18.4,10.587228467111705,7.812771532888293,7.812771532888293
48.28,24.14823396523693,24.13176603476307,24.13176603476307
1.4075,0.7142685429590064,0.6932314570409935,0.6932314570409935
18.69,20.713511763696086,-2.023511763696085,2.023511763696085
0.465555556,0.857421433176616,-0.39186587717661603,0.39186587717661603
0.267333333,1.2217486095232353,-0.9544152765232352,0.9544152765232352
0.6675,0.8348138969230859,-0.16731389692308596,0.16731389692308596
2.690588235,2.7388835658596693,-0.048295330859669416,0.048295330859669416
0.7325,0.9464411244645091,-0.21394112446450908,0.21394112446450908
7.44,10.947611022298918,-3.507611022298918,3.507611022298918
0.3,2.0337509369196303,-1.7337509369196302,1.7337509369196302
0.665555556,1.2217486095232353,-0.5561930535232352,0.5561930535232352
1.164074074,2.157199199728239,-0.9931251257282392,0.9931251257282392
30.28571429,34.59078706700793,-4.305072777007929,4.305072777007929
0.362857143,0.8947249986936668,-0.5318678556936669,0.5318678556936669
1.151276596,1.269414130739507,-0.11813753473950706,0.11813753473950706
0.355555556,0.9610128221178008,-0.6054572661178008,0.6054572661178008
33.24096774,41.191251288393254,-7.9502835483932515,7.9502835483932515
1.90375,1.9336911010519313,-0.029941101051931263,0.029941101051931263
0.562,1.1385583657688794,-0.5765583657688793,0.5765583657688793
0.756666667,1.385131194122959,-0.628464527122959,0.628464527122959
1.41,7.239872110173248,-5.829872110173248,5.829872110173248
22.43019608,13.316855922290962,9.11334015770904,9.11334015770904
1.589090909,1.0640852558265115,0.5250056531734886,0.5250056531734886
1.111351351,1.7568974336079726,-0.6455460826079726,0.6455460826079726
1.315,2.085467062690472,-0.7704670626904719,0.7704670626904719
1.0,2.2998939476648683,-1.2998939476648683,1.2998939476648683
0.670833333,1.8063976393527101,-1.13556430635271,1.13556430635271
1.778,1.0645308102253463,0.7134691897746537,0.7134691897746537
2.803846154,2.1349672684352092,0.6688788855647907,0.6688788855647907
1.745714286,2.151491171950098,-0.4057768859500983,0.4057768859500983
0.588214286,3.931742597356682,-3.3435283113566823,3.3435283113566823
2.025192308,1.9756436605256351,0.049548647474364715,0.049548647474364715
0.677241379,2.3188551939758857,-1.6416138149758857,1.6416138149758857
3.048095238,1.9939129321062394,1.0541823058937607,1.0541823058937607
0.5,1.691810649463693,-1.191810649463693,1.191810649463693
2.0,1.490273570982509,0.509726429017491,0.509726429017491
0.5,1.4295657474826124,-0.9295657474826124,0.9295657474826124
0.874545455,1.579799937170149,-0.705254482170149,0.705254482170149
1.0675,1.0725899810279838,-0.005089981027983859,0.005089981027983859
1.693529412,1.7595473130683557,-0.0660179010683557,0.0660179010683557
1.4275,2.285717762540576,-0.858217762540576,0.858217762540576
0.0575,2.184560349128748,-2.127060349128748,2.127060349128748
1.042,1.224189435169485,-0.18218943516948505,0.18218943516948505
0.285454545,1.3302640692235137,-1.0448095242235138,1.0448095242235138
0.5,0.5538624570486766,-0.05386245704867665,0.05386245704867665
1.5775,1.2021432337514943,0.37535676624850556,0.37535676624850556
0.734473684,1.2217486095232353,-0.48727492552323526,0.48727492552323526
0.940526316,1.1974014385013174,-0.2568751225013174,0.2568751225013174
2.952368421,2.093266873928604,0.8591015470713961,0.8591015470713961
3.094545455,1.5495525227430513,1.5449929322569487,1.5449929322569487
23.41576923,20.712494174911797,2.703275055088202,2.703275055088202
1.418333333,0.9566198271969003,0.4617135058030998,0.4617135058030998
6.365833333,10.658325910002018,-4.292492577002018,4.292492577002018
1.436363636,1.224189435169485,0.21217420083051497,0.21217420083051497
1.62,1.8380047784615892,-0.21800477846158905,0.21800477846158905
1.66125,0.8987756032482374,0.7624743967517625,0.7624743967517625
1.53,0.6387793689926532,0.8912206310073468,0.8912206310073468
5.757083333,7.9116723313000845,-2.1545889983000848,2.1545889983000848
21105.0,15591.93053464117,5513.069465358831,5513.069465358831
1.084,1.8867181273669469,-0.8027181273669468,0.8027181273669468
3.236818182,1.6580789691250182,1.5787392128749818,1.5787392128749818
0.854285714,1.078656953479803,-0.22437123947980298,0.22437123947980298
140.0,245.7805692006133,-105.78056920061329,105.78056920061329
0.618333333,1.078656953479803,-0.4603236204798029,0.4603236204798029
0.586666667,0.8599320963036682,-0.27326542930366815,0.27326542930366815
7.302,10.343116305160331,-3.0411163051603314,3.0411163051603314
0.120384615,1.2076224662687787,-1.0872378512687786,1.0872378512687786
0.8275,1.3710443460514325,-0.5435443460514325,0.5435443460514325
8.875,10.77671953708,-1.90171953708,1.90171953708
0.554642857,1.516798192631166,-0.962155335631166,0.962155335631166
0.375625,1.4368473198938012,-1.0612223198938011,1.0612223198938011
0.91,1.919820437362504,-1.009820437362504,1.009820437362504
0.612608696,1.491411630743596,-0.878802934743596,0.878802934743596
0.6,2.7189432035366976,-2.1189432035366975,2.1189432035366975
0.640740741,3.086031467904571,-2.4452907269045707,2.4452907269045707
3.45952381,2.5381430510998504,0.9213807589001495,0.9213807589001495
0.447894737,1.4501428737574398,-1.0022481367574398,1.0022481367574398
1.627692308,1.1954024141430841,0.43228989385691596,0.43228989385691596
1.432692308,1.4674638052947895,-0.034771497294789455,0.034771497294789455
14.64727273,7.053251403402453,7.594021326597546,7.594021326597546
0.303793103,1.3870582621015097,-1.0832651591015097,1.0832651591015097
0.449,1.6355061541337903,-1.1865061541337902,1.1865061541337902
0.200666667,1.2217486095232353,-1.0210819425232354,1.0210819425232354
0.782857143,1.6478360945095771,-0.8649789515095772,0.8649789515095772
0.253181818,1.3302640692235137,-1.0770822512235136,1.0770822512235136
17.0,4.728971589474574,12.271028410525426,12.271028410525426
10.163,9.968612860036243,0.1943871399637569,0.1943871399637569
0.4468,0.763061729999415,-0.31626172999941504,0.31626172999941504
0.351034483,1.2630329421140545,-0.9119984591140544,0.9119984591140544
0.573,1.904165163383683,-1.331165163383683,1.331165163383683
6.367142857,9.59991428712626,-3.2327714301262604,3.2327714301262604
1.15,1.3870582621015097,-0.23705826210150982,0.23705826210150982
0.075,1.4989260003689597,-1.4239260003689598,1.4239260003689598
12.85294118,6.4893699265702995,6.363571253429701,6.363571253429701
5.617142857,2.3522842105854784,3.2648586464145217,3.2648586464145217
0.899583333,1.7568974336079726,-0.8573141006079725,0.8573141006079725
7.279583333,10.357242448414787,-3.0776591154147876,3.0776591154147876
1.133636364,1.2381293496355237,-0.10449298563552367,0.10449298563552367
2.711666667,3.8394681632320764,-1.1278014962320766,1.1278014962320766
0.688928571,2.3188551939758857,-1.6299266229758858,1.6299266229758858
0.955333333,1.7672998234300465,-0.8119664904300465,0.8119664904300465
0.59625,1.8405415161472152,-1.2442915161472152,1.2442915161472152
3.632142857,1.7958676159689282,1.8362752410310716,1.8362752410310716
0.931818182,1.4339244273329743,-0.5021062453329743,0.5021062453329743
0.62,0.8599320963036682,-0.23993209630366819,0.23993209630366819
0.589285714,2.030861639245637,-1.4415759252456373,1.4415759252456373
0.0,3.931765662493945,-3.931765662493945,3.931765662493945
1.5375,1.7833583212501116,-0.24585832125011153,0.24585832125011153
39.59461538,34.18513100846857,5.409484371531434,5.409484371531434
0.372857143,0.8470594774773951,-0.47420233447739507,0.47420233447739507
0.623684211,1.2712488152679728,-0.6475646042679728,0.6475646042679728
0.03875,2.0281229298002432,-1.9893729298002432,1.9893729298002432
0.814705882,1.3140887538366064,-0.49938287183660635,0.49938287183660635
0.634074074,1.1641263835672737,-0.5300523095672737,0.5300523095672737
8.056875,9.954475271753704,-1.8976002717537046,1.8976002717537046
0.153181818,1.1121963314416181,-0.9590145134416181,0.9590145134416181
1.643333333,2.0163741203327286,-0.3730407873327286,0.3730407873327286
0.184166667,3.2182036890475363,-3.0340370220475363,3.0340370220475363
1.165,1.4299000659582073,-0.26490006595820725,0.26490006595820725
4.552272727,1.9571698410520388,2.595102885947961,2.595102885947961
1.08,1.395080920388405,-0.31508092038840485,0.31508092038840485
16.6337037,14.412177915219912,2.2215257847800896,2.2215257847800896
0.538888889,1.0454184220646494,-0.5065295330646494,0.5065295330646494
15.2939726,15.01660296672414,0.2773696332758604,0.2773696332758604
0.691818182,1.516798192631166,-0.824980010631166,0.824980010631166
1.173333333,2.084276843843498,-0.9109435108434982,0.9109435108434982
0.753333333,1.8953293714273138,-1.1419960384273138,1.1419960384273138
31.91931034,4.316115467390136,27.603194872609862,27.603194872609862
5.091481481,6.1248040017025644,-1.0333225207025647,1.0333225207025647
0.5125,1.1385583657688794,-0.6260583657688794,0.6260583657688794
1.630909091,1.395080920388405,0.235828170611595,0.235828170611595
1.1105,2.0847050298354737,-0.9742050298354736,0.9742050298354736
0.603333333,1.1237641643036407,-0.5204308313036407,0.5204308313036407
1.406190476,1.6336714696053245,-0.2274809936053246,0.2274809936053246
0.53,0.9083232729240899,-0.37832327292408985,0.37832327292408985
0.506923077,1.211762370742047,-0.704839293742047,0.704839293742047
1.41,7.180222965539585,-5.770222965539585,5.770222965539585
34.15642857,26.163349811090022,7.993078758909981,7.993078758909981
1.168125,2.0456013527123322,-0.8774763527123322,0.8774763527123322
0.9075,0.913347300901529,-0.005847300901529073,0.005847300901529073
21.084,12.386656523028005,8.697343476971994,8.697343476971994
3.191578947,1.48453826588116,1.70704068111884,1.70704068111884
1.145,1.2001528608325127,-0.055152860832512696,0.055152860832512696
0.318666667,1.4365584678462473,-1.1178918008462473,1.1178918008462473
0.81,1.186462143104091,-0.3764621431040909,0.3764621431040909
2.6759375,1.7393698097870183,0.9365676902129816,0.9365676902129816
1.5475,1.0559245212114121,0.491575478788588,0.491575478788588
0.752,1.8405415161472152,-1.0885415161472152,1.0885415161472152
7.856666667,10.827744655788665,-2.9710779887886654,2.9710779887886654
36.27592593,49.0765993693895,-12.800673439389499,12.800673439389499
3.15,1.3612562768676468,1.788743723132353,1.788743723132353
0.77,1.0012051745449697,-0.2312051745449697,0.2312051745449697
1.104705882,1.4672979868864284,-0.36259210488642846,0.36259210488642846
1.224545455,2.3275668468953654,-1.1030213918953655,1.1030213918953655
0.369375,1.3302640692235137,-0.9608890692235137,0.9608890692235137
0.3875,1.3729321188470531,-0.9854321188470532,0.9854321188470532
0.49,1.8000860624159662,-1.3100860624159663,1.3100860624159663
0.495454545,0.7522035234851848,-0.2567489784851848,0.2567489784851848
0.564615385,1.3302640692235137,-0.7656486842235137,0.7656486842235137
1.001428571,1.277604639767346,-0.276176068767346,0.276176068767346
0.665,1.385131194122959,-0.7201311941229589,0.7201311941229589
85.75,100.74815598719263,-14.998155987192632,14.998155987192632
0.516153846,1.2120556466317534,-0.6959018006317533,0.6959018006317533
3.32,1.2712488152679728,2.048751184732027,2.048751184732027
0.587826087,0.7522035234851848,-0.16437743648518477,0.16437743648518477
1.741666667,1.5718798051345961,0.16978686186540393,0.16978686186540393
0.986666667,1.607738805112721,-0.621072138112721,0.621072138112721
0.436666667,0.9683557296748205,-0.5316890626748205,0.5316890626748205
0.331333333,1.2712488152679728,-0.9399154822679728,0.9399154822679728
0.360714286,1.5718798051345961,-1.211165519134596,1.211165519134596
0.827727273,1.2520744226217886,-0.42434714962178854,0.42434714962178854
0.342857143,1.2571226720135162,-0.9142655290135162,0.9142655290135162
5.795,9.720247276221443,-3.9252472762214428,3.9252472762214428
0.4225,1.446929308894178,-1.0244293088941778,1.0244293088941778
0.873333333,0.8030073965273167,0.07032593647268337,0.07032593647268337
0.913478261,1.269414130739507,-0.3559358697395071,0.3559358697395071
1.405,1.6597482651557933,-0.2547482651557933,0.2547482651557933
0.705,1.2098854907529981,-0.5048854907529982,0.5048854907529982
1.311818182,1.277604639767346,0.03421354223265416,0.03421354223265416
0.985,1.4365584678462473,-0.4515584678462473,0.4515584678462473
1.32,3.6090807770658437,-2.289080777065844,2.289080777065844
1.898235294,1.4339244273329743,0.4643108666670257,0.4643108666670257
2.877407407,2.2748748520984283,0.6025325549015719,0.6025325549015719
3.304333333,2.7333735654881184,0.5709597675118818,0.5709597675118818
0.605,0.63043325605864,-0.025433256058639997,0.025433256058639997
1.012727273,1.277604639767346,-0.26487736676734586,0.26487736676734586
2.073333333,1.607738805112721,0.46559452788727884,0.46559452788727884
3.540357143,2.509392686316542,1.0309644566834582,1.0309644566834582
1.144,1.6154525263357142,-0.47145252633571433,0.47145252633571433
0.74,1.0640852558265115,-0.3240852558265115,0.3240852558265115
1.095,1.3848657163169553,-0.28986571631695535,0.28986571631695535
0.919565217,1.854063160568982,-0.9344979435689819,0.9344979435689819
0.506,0.9088844684998255,-0.4028844684998255,0.4028844684998255
1.310645161,1.353065767839808,-0.04242060683980786,0.04242060683980786
3.186388889,2.137718830281614,1.0486700587183857,1.0486700587183857
1.98,2.011433001366135,-0.03143300136613503,0.03143300136613503
0.5,2.7314486676441994,-2.2314486676441994,2.2314486676441994
0.215555556,1.229894645196351,-1.014339089196351,1.014339089196351
1.692631579,2.32939051718715,-0.6367589381871501,0.6367589381871501
0.97,1.8405415161472152,-0.8705415161472152,0.8705415161472152
68.77786667,62.09372201704403,6.684144652955965,6.684144652955965
0.63,1.3573536283230108,-0.7273536283230108,0.7273536283230108
0.690967742,1.8312615297551984,-1.1402937877551984,1.1402937877551984
2.428148148,1.3918665923721019,1.0362815556278981,1.0362815556278981
1.681111111,1.3729321188470531,0.308178992152947,0.308178992152947
4.05,0.22745478016724294,3.8225452198327567,3.8225452198327567
1.435384615,1.4339244273329743,0.0014601876670257141,0.0014601876670257141
5.77625,5.2350837832365515,0.5411662167634486,0.5411662167634486
6.834285714,3.7372111957372973,3.0970745182627026,3.0970745182627026
1.8225,1.4536143581081233,0.36888564189187667,0.36888564189187667
1.674545455,1.224189435169485,0.450356019830515,0.450356019830515
0.0,3.118058253978832,-3.118058253978832,3.118058253978832
1.897,2.31954418860847,-0.42254418860846976,0.42254418860846976
1.268205128,1.2712488152679728,-0.0030436872679728832,0.0030436872679728832
3.517058824,1.6765641392865225,1.8404946847134773,1.8404946847134773
11.27153846,9.148231589296799,2.1233068707032015,2.1233068707032015
0.98,0.6747201532739414,0.30527984672605857,0.30527984672605857
0.634615385,2.011741304432562,-1.377125919432562,1.377125919432562
0.31,1.0640852558265115,-0.7540852558265114,0.7540852558265114
0.671818182,2.324420379945352,-1.652602197945352,1.652602197945352
2.85,1.2380282836924381,1.611971716307562,1.611971716307562
13.4,12.364092201442146,1.0359077985578544,1.0359077985578544
0.689259259,1.2247132732212784,-0.5354540142212785,0.5354540142212785
0.126666667,1.402477352541168,-1.275810685541168,1.275810685541168
0.357142857,1.318139358391177,-0.960996501391177,0.960996501391177
0.477241379,3.1287238204950754,-2.6514824414950753,2.6514824414950753
0.6,0.5094105006956672,0.0905894993043328,0.0905894993043328
0.548333333,1.0725899810279838,-0.5242566480279838,0.5242566480279838
5.54,3.7072959420891114,1.8327040579108886,1.8327040579108886
0.72,1.318139358391177,-0.5981393583911769,0.5981393583911769
1.13,1.4079685673753877,-0.2779685673753878,0.2779685673753878
0.325416667,2.285717762540576,-1.960301095540576,1.960301095540576
1.16625,1.009709899746442,0.15654010025355802,0.15654010025355802
0.848461538,1.4339244273329743,-0.5854628893329743,0.5854628893329743
0.644230769,1.2120556466317534,-0.5678248776317534,0.5678248776317534
0.0,2.3092914962209856,-2.3092914962209856,2.3092914962209856
0.8175,1.0732575133580944,-0.2557575133580944,0.2557575133580944
1.062222222,1.3615407792735486,-0.2993185572735486,0.2993185572735486
1.947619048,1.6758956759680548,0.2717233720319452,0.2717233720319452
1.34625,1.3133790733688946,0.03287092663110536,0.03287092663110536
0.0,1.8641568932307537,-1.8641568932307537,1.8641568932307537
1.38,1.8405415161472152,-0.4605415161472153,0.4605415161472153
1.9009375,1.8458240973361562,0.05511340266384379,0.05511340266384379
0.49,2.1349672684352092,-1.6449672684352092,1.6449672684352092
0.463333333,1.2630329421140545,-0.7996996091140545,0.7996996091140545
10.38925926,6.441993911192362,3.9472653488076377,3.9472653488076377
8.469666667,7.588811587518557,0.8808550794814431,0.8808550794814431
0.864545455,1.6995294340800515,-0.8349839790800515,0.8349839790800515
0.5,1.549774057849958,-1.049774057849958,1.049774057849958
0.702727273,1.2630329421140545,-0.5603056691140544,0.5603056691140544
0.353243243,1.5149635081027002,-1.1617202651027,1.1617202651027
0.22375,1.2712488152679728,-1.0474988152679727,1.0474988152679727
1.407,1.9051642515239262,-0.4981642515239262,0.4981642515239262
0.728888889,1.4441031300653655,-0.7152142410653655,0.7152142410653655
0.5034,1.2217486095232353,-0.7183486095232353,0.7183486095232353
2.0,2.6531514695758376,-0.6531514695758376,0.6531514695758376
0.782333333,2.0590985225824068,-1.2767651895824068,1.2767651895824068
1.9425,1.7314877316098782,0.21101226839012166,0.21101226839012166
0.7825,1.277604639767346,-0.495104639767346,0.495104639767346
28.84285714,14.020852231381841,14.822004908618158,14.822004908618158
0.899259259,1.5342898226182105,-0.6350305636182104,0.6350305636182104
1.945,0.9722728841111111,0.9727271158888889,0.9727271158888889
0.55,2.1349672684352092,-1.5849672684352092,1.5849672684352092
3.898571429,1.1170419373809937,2.7815294916190063,2.7815294916190063
0.278095238,1.3302640692235137,-1.0521688312235136,1.0521688312235136
0.7775,0.835895521966696,-0.05839552196669606,0.05839552196669606
1.869444444,1.137664774082081,0.7317796699179189,0.7317796699179189
1.49,1.6597482651557933,-0.16974826515579333,0.16974826515579333
6.22,1.9145755774715527,4.305424422528447,4.305424422528447
0.785737705,1.683171675350062,-0.8974339703500621,0.8974339703500621
1.389166667,1.2021432337514943,0.18702343324850568,0.18702343324850568
0.888666667,1.2712488152679728,-0.3825821482679729,0.3825821482679729
0.905,2.1349672684352092,-1.2299672684352092,1.2299672684352092
1.451,2.7630584616295746,-1.3120584616295745,1.3120584616295745
0.992666667,1.277604639767346,-0.284937972767346,0.284937972767346
0.396,1.8045629548242443,-1.4085629548242444,1.4085629548242444
0.942222222,1.4339244273329743,-0.49170220533297426,0.49170220533297426
21.27,56.688983782166275,-35.41898378216628,35.41898378216628
1.607647059,1.9031479077963456,-0.2955008487963455,0.2955008487963455
0.575714286,1.009709899746442,-0.433995613746442,0.433995613746442
16.32777778,30.773117977701784,-14.445340197701782,14.445340197701782
0.576956522,1.6336714696053245,-1.0567149476053244,1.0567149476053244
0.348571429,1.2732116448464457,-0.9246402158464457,0.9246402158464457
0.496666667,0.8470594774773951,-0.35039281047739507,0.35039281047739507
12.99478261,7.337813595853147,5.656969014146853,5.656969014146853
8.34,3.3998235691987984,4.940176430801202,4.940176430801202
0.733333333,1.6355061541337903,-0.9021728211337903,0.9021728211337903
1.08,2.3371184302025463,-1.2571184302025462,1.2571184302025462
2.144545455,1.395080920388405,0.7494645346115949,0.7494645346115949
3.207142857,1.8147458240066165,1.3923970329933835,1.3923970329933835
15.62588235,10.367512142105028,5.258370207894972,5.258370207894972
0.57,0.6747201532739414,-0.10472015327394146,0.10472015327394146
0.852307692,1.3870582621015097,-0.5347505701015097,0.5347505701015097
0.416428571,1.420597640063325,-1.004169069063325,1.004169069063325
33.11285714,3.969527612458998,29.143329527541006,29.143329527541006
2.691363636,2.3672515658809306,0.3241120701190696,0.3241120701190696
0.765,0.8803474783197055,-0.11534747831970549,0.11534747831970549
2.6825,1.3833915809383612,1.2991084190616389,1.2991084190616389
15.27291667,10.309742745606876,4.963173924393125,4.963173924393125
6.710434783,10.277002723629868,-3.5665679406298683,3.5665679406298683
0.713076923,1.8312615297551984,-1.1181846067551984,1.1181846067551984
6.087142857,9.200315636022433,-3.113172779022433,3.113172779022433
16.15106061,16.259453216798686,-0.10839260679868801,0.10839260679868801
0.839166667,1.2712488152679728,-0.43208214826797287,0.43208214826797287
2.839642857,1.7675258571891796,1.0721169998108202,1.0721169998108202
1.386818182,1.80712421324125,-0.4203060312412499,0.4203060312412499
0.522083333,0.8548741017148155,-0.3327907687148155,0.3327907687148155
1.33875,0.8987756032482374,0.43997439675176275,0.43997439675176275
0.0625,1.5342898226182105,-1.4717898226182105,1.4717898226182105
0.955172414,3.2182036890475363,-2.2630312750475365,2.2630312750475365
1.104210526,1.8063976393527101,-0.7021871133527102,0.7021871133527102
0.75,2.2619342780711413,-1.5119342780711413,1.5119342780711413
1.48,1.6489397890866706,-0.16893978908667062,0.16893978908667062
0.5684,1.3111440177291611,-0.7427440177291611,0.7427440177291611
21.50819444,12.28634509892078,9.22184934107922,9.22184934107922
0.795,0.8222048042382745,-0.027204804238274427,0.027204804238274427
0.500769231,1.474139948875576,-0.9733707178755759,0.9733707178755759
0.403125,1.1170419373809937,-0.7139169373809937,0.7139169373809937
1.601428571,1.6758956759680548,-0.07446710496805475,0.07446710496805475
2.528,2.289000995352885,0.23899900464711488,0.23899900464711488
0.915714286,0.8599320963036682,0.05578218969633186,0.05578218969633186
1.455384615,1.4339244273329743,0.021460187667025732,0.021460187667025732
1.435098039,1.6254324063724988,-0.19033436737249865,0.19033436737249865
1.166818182,4.932606514856954,-3.765788332856954,3.765788332856954
0.67,2.7314486676441994,-2.0614486676441994,2.0614486676441994
0.204,1.3870582621015097,-1.1830582621015098,1.1830582621015098
0.67875,0.8470594774773951,-0.1683094774773951,0.1683094774773951
1.55,3.086031467904571,-1.5360314679045708,1.5360314679045708
0.651428571,1.025241748881942,-0.3738131778819421,0.3738131778819421
0.71,1.0659167891400112,-0.35591678914001124,0.35591678914001124
0.69,1.5608041742049472,-0.8708041742049473,0.8708041742049473
10.688,9.769665173748699,0.9183348262513018,0.9183348262513018
0.73125,1.2712488152679728,-0.5399988152679729,0.5399988152679729
0.920952381,1.007291062948516,-0.0863386819485159,0.0863386819485159
0.114,1.2571226720135162,-1.1431226720135161,1.1431226720135161
0.645,1.8312615297551984,-1.1862615297551984,1.1862615297551984
0.691176471,1.4672979868864284,-0.7761215158864284,0.7761215158864284
1.38,1.607738805112721,-0.22773880511272115,0.22773880511272115
0.448333333,1.5718798051345961,-1.123546472134596,1.123546472134596
1.084814815,2.9413675658748377,-1.8565527508748376,1.8565527508748376
0.505555556,0.7113456042285727,-0.20579004822857272,0.20579004822857272
1.158181818,4.947178212510246,-3.788996394510246,3.788996394510246
0.49,0.34874107041124375,0.14125892958875624,0.14125892958875624
0.736666667,1.9047588106180728,-1.1680921436180727,1.1680921436180727
1.020909091,2.132638787339474,-1.111729696339474,1.111729696339474
0.5175,1.0725899810279838,-0.5550899810279838,0.5550899810279838
0.975333333,1.4672979868864284,-0.4919646538864284,0.4919646538864284
1.17625,0.8987756032482374,0.27747439675176266,0.27747439675176266
23.96137255,13.316855922290962,10.644516627709038,10.644516627709038
0.838666667,1.3720494903056593,-0.5333828233056592,0.5333828233056592
0.211666667,1.3899126889860274,-1.1782460219860273,1.1782460219860273
0.71,2.1957060174845737,-1.4857060174845738,1.4857060174845738
0.885454545,1.4339244273329743,-0.5484698823329743,0.5484698823329743
0.416595745,1.3924116173471184,-0.9758158723471184,0.9758158723471184
0.761428571,1.1990712357889026,-0.43764266478890257,0.43764266478890257
8.936315789,9.870492485198788,-0.9341766961987883,0.9341766961987883
0.67,2.3037352170589838,-1.6337352170589838,1.6337352170589838
53.25,47.09455085566542,6.1554491443345825,6.1554491443345825
11.26714286,13.67585131175131,-2.408708451751311,2.408708451751311
0.432857143,1.2214955190756034,-0.7886383760756034,0.7886383760756034
5.593333333,10.663235446940886,-5.069902113940886,5.069902113940886
0.246875,0.8470594774773951,-0.600184477477395,0.600184477477395
0.9248,2.0456013527123322,-1.1208013527123324,1.1208013527123324
0.591666667,1.3573536283230108,-0.7656869613230107,0.7656869613230107
0.692857143,1.025241748881942,-0.3323846058819421,0.3323846058819421
4.287272727,1.9622410986878243,2.325031628312176,2.325031628312176
0.452,1.269414130739507,-0.8174141307395071,0.8174141307395071
1.32,7.239872110173248,-5.919872110173248,5.919872110173248
1.545714286,1.7282367958457754,-0.18252250984577545,0.18252250984577545
1.444126984,1.7393698097870183,-0.2952428257870183,0.2952428257870183
0.301176471,2.31954418860847,-2.01836771760847,2.01836771760847
1.405,2.0560679883295108,-0.6510679883295107,0.6510679883295107
1.016388889,1.7561354007529735,-0.7397465117529736,0.7397465117529736
0.715,2.203734741774932,-1.4887347417749321,1.4887347417749321
1.118181818,1.5055377739980527,-0.3873559559980526,0.3873559559980526
14.03470588,10.542870735008545,3.4918351449914553,3.4918351449914553
1.472857143,1.2630329421140545,0.20982420088594544,0.20982420088594544
0.736666667,1.1029708105398084,-0.36630414353980834,0.36630414353980834
75.33,74.99368526021783,0.33631473978216775,0.33631473978216775
0.813846154,1.3106984633303262,-0.4968523093303262,0.4968523093303262
0.69375,1.4368473198938012,-0.7430973198938012,0.7430973198938012
1.03,1.0695282818180791,-0.0395282818180791,0.0395282818180791
0.58,1.1460872618908575,-0.5660872618908576,0.5660872618908576
0.767692308,2.011741304432562,-1.244048996432562,1.244048996432562
0.3595,1.095360041464681,-0.735860041464681,0.735860041464681
2.292857143,0.918465534023387,1.3743916089766128,1.3743916089766128
1.363098592,1.5644637138474378,-0.2013651218474377,0.2013651218474377
1.01,2.1542345360301947,-1.1442345360301946,1.1442345360301946
2.31,1.2670189797602314,1.0429810202397687,1.0429810202397687
0.841818182,1.4501428737574398,-0.6083246917574398,0.6083246917574398
0.247272727,1.2217486095232353,-0.9744758825232352,0.9744758825232352
0.654814815,0.9351138264997342,-0.28029901149973413,0.28029901149973413
1.58,1.3189143364842446,0.26108566351575546,0.26108566351575546
6.214285714,3.106677218453113,3.107608495546887,3.107608495546887
3.159655172,2.1561668905958045,1.0034882814041954,1.0034882814041954
0.2492,1.4531718436319718,-1.2039718436319717,1.2039718436319717
13.8292,12.224159678132954,1.6050403218670457,1.6050403218670457
12.0,4.000120588349993,7.999879411650007,7.999879411650007
61.44,59.39613568533934,2.0438643146606594,2.0438643146606594
0.708,1.6584538922420222,-0.9504538922420223,0.9504538922420223
4.37,1.5578835156602748,2.8121164843397253,2.8121164843397253
1.892727273,2.3997839133933887,-0.5070566403933887,0.5070566403933887
0.724615385,1.5860059483890527,-0.8613905633890527,0.8613905633890527
1.413,5.458445450016727,-4.045445450016727,4.045445450016727
0.354259259,1.2217486095232353,-0.8674893505232353,0.8674893505232353
1.17,1.8560386769983577,-0.6860386769983577,0.6860386769983577
0.685,1.4365584678462473,-0.7515584678462472,0.7515584678462472
0.816,1.2001528608325127,-0.38415286083251277,0.38415286083251277
0.186875,0.9610128221178008,-0.7741378221178008,0.7741378221178008
0.471111111,1.1588966782647216,-0.6877855672647216,0.6877855672647216
0.8475,2.324420379945352,-1.4769203799453519,1.4769203799453519
0.95375,1.4006426680127022,-0.4468926680127022,0.4468926680127022
1.8325,1.6182347356082176,0.2142652643917824,0.2142652643917824
1.060434783,1.0590842169552246,0.0013505660447754586,0.0013505660447754586
21.80117647,13.697879225106838,8.103297244893163,8.103297244893163
1.311666667,2.1702930338502613,-0.8586263668502614,0.8586263668502614
7.255,3.4940484754393646,3.7609515245606353,3.7609515245606353
6.265,1.3694158747572445,4.895584125242755,4.895584125242755
1.51,0.9435837334039693,0.5664162665960307,0.5664162665960307
0.595,1.3779295904397855,-0.7829295904397855,0.7829295904397855
2.120714286,2.289000995352885,-0.16828670935288503,0.16828670935288503
6.69125,31.08532704581538,-24.39407704581538,24.39407704581538
4.84,0.9639991154200066,3.876000884579993,3.876000884579993
4.58,2.4884788995117706,2.0915211004882295,2.0915211004882295
1.83,1.3984611992671083,0.43153880073289175,0.43153880073289175
3.788823529,1.6765641392865225,2.1122593897134774,2.1122593897134774
2.564545455,2.2244954112018,0.34005004379820036,0.34005004379820036
1.8775,0.9672126802832689,0.910287319716731,0.910287319716731
0.283333333,3.1597792141937413,-2.8764458811937414,2.8764458811937414
3.029583333,2.285717762540576,0.7438655704594241,0.7438655704594241
22.46304348,4.330687165043428,18.13235631495657,18.13235631495657
38.13857143,26.26786566862925,11.87070576137075,11.87070576137075
1.165866667,1.7188765766650238,-0.5530099096650238,0.5530099096650238
1.649230769,1.0300927615648103,0.6191380074351898,0.6191380074351898
0.850714286,3.103707820613884,-2.252993534613884,2.252993534613884
2.7724,1.066430984816307,1.7059690151836933,1.7059690151836933
2.6268,1.6254324063724988,1.001367593627501,1.001367593627501
1.494285714,1.3477755264933666,0.14651018750663347,0.14651018750663347
0.825555556,1.4339244273329743,-0.6083688713329743,0.6083688713329743
1.0,1.7839171684458357,-0.7839171684458357,0.7839171684458357
0.568,1.277604639767346,-0.709604639767346,0.709604639767346
1.732333333,1.99623464172978,-0.2639013087297801,0.2639013087297801
7.595,3.5569285567209064,4.038071443279094,4.038071443279094
0.875,1.229894645196351,-0.35489464519635106,0.35489464519635106
0.8136,1.2634784965128893,-0.44987849651288936,0.44987849651288936
2.202142857,1.156558907198515,1.0455839498014852,1.0455839498014852
5.327272727,4.5054690947095954,0.821803632290405,0.821803632290405
1.133333333,1.5860059483890527,-0.4526726153890528,0.4526726153890528
0.9675,1.4674638052947895,-0.49996380529478945,0.49996380529478945
1.20375,0.943227559601247,0.26052244039875305,0.26052244039875305
0.702857143,1.7568974336079726,-1.0540402906079724,1.0540402906079724
0.8,1.8681043115916618,-1.0681043115916617,1.0681043115916617
0.32,1.0373027834081812,-0.7173027834081811,0.7173027834081811
1.003333333,1.0803632742862783,-0.07702994128627827,0.07702994128627827
11263.83,10982.578913976975,281.251086023025,281.251086023025
0.612,1.0382533367968112,-0.4262533367968112,0.4262533367968112
0.725714286,1.596020803143289,-0.870306517143289,0.870306517143289
0.3975,1.1588966782647216,-0.7613966782647217,0.7613966782647217
2.287777778,1.9805996867311777,0.30717809126882245,0.30717809126882245
85.06461538,67.51494191157872,17.54967346842129,17.54967346842129
0.53,1.0677541816014666,-0.5377541816014666,0.5377541816014666
1.252857143,1.3696905272069597,-0.11683338420695977,0.11683338420695977
1.423571429,1.2021692045600936,0.22140222443990654,0.22140222443990654
1.328461538,1.2021692045600936,0.12629233343990642,0.12629233343990642
0.348,1.4368473198938012,-1.0888473198938011,1.0888473198938011
1.228571429,2.037967400173822,-0.8093959711738221,0.8093959711738221
0.8025,1.0725899810279838,-0.27008998102798376,0.27008998102798376
0.526666667,1.4339244273329743,-0.9072577603329743,0.9072577603329743
0.016666667,0.9557420744572115,-0.9390754074572115,0.9390754074572115
0.415,0.42086260126679637,-0.005862601266796386,0.005862601266796386
1.36,1.4492226988748056,-0.0892226988748055,0.0892226988748055
2.104,2.011433001366135,0.09256699863386508,0.09256699863386508
1.046363636,1.277604639767346,-0.23124100376734602,0.23124100376734602
2.53,2.2485436043783067,0.2814563956216931,0.2814563956216931
0.66,2.324420379945352,-1.6644203799453519,1.6644203799453519
0.293103448,0.8987756032482374,-0.6056721552482374,0.6056721552482374
0.24,1.2217486095232353,-0.9817486095232353,0.9817486095232353
0.97375,1.294473547041469,-0.320723547041469,0.320723547041469
0.301764706,2.2772320226378064,-1.9754673166378065,1.9754673166378065
1.592307692,1.353065767839808,0.2392419241601922,0.2392419241601922
4.166470588,1.5929125021862214,2.5735580858137785,2.5735580858137785
5011.155,5478.687550595343,-467.5325505953433,467.5325505953433
0.60375,1.158798690760891,-0.5550486907608909,0.5550486907608909
6.21047619,2.7982759098314083,3.4122002801685913,3.4122002801685913
0.820909091,1.277604639767346,-0.45669554876734597,0.45669554876734597
1.0,2.474626702277903,-1.4746267022779032,1.4746267022779032
0.906153846,1.6254324063724988,-0.7192785603724987,0.7192785603724987
1.199444444,1.3302640692235137,-0.13081962522351365,0.13081962522351365
1.284074074,2.1569581927953405,-0.8728841187953404,0.8728841187953404
0.9724,0.8987756032482374,0.07362439675176269,0.07362439675176269
0.855,1.031235810956362,-0.17623581095636198,0.17623581095636198
0.168571429,3.29179624000054,-3.12322481100054,3.12322481100054
0.316923077,1.0725899810279838,-0.7556669040279838,0.7556669040279838
0.271666667,1.1588966782647216,-0.8872300112647217,0.8872300112647217
126.3876923,25.40385186175128,100.98384043824872,100.98384043824872
1.324642857,0.9824272403485386,0.3422156166514614,0.3422156166514614
5.5225,4.57762916238315,0.9448708376168495,0.9448708376168495
1.0275,1.2434275663423136,-0.21592756634231347,0.21592756634231347
1.489393939,1.99623464172978,-0.5068407027297801,0.5068407027297801
31.14714286,20.953050668951107,10.194092191048892,10.194092191048892
13.117,11.839056982032208,1.277943017967793,1.277943017967793
1.317560976,2.7055413180280383,-1.3879803420280383,1.3879803420280383
1.135555556,1.3870582621015097,-0.2515027061015098,0.2515027061015098
0.996041667,3.1208033617075697,-2.1247616947075696,2.1247616947075696
6.84375,33.91633290400927,-27.072582904009273,27.072582904009273
2.51,2.9556153310726168,-0.44561533107261697,0.44561533107261697
1.07,2.7982759098314083,-1.7282759098314082,1.7282759098314082
1.386666667,1.5105860233897803,-0.12391935638978024,0.12391935638978024
1.767142857,0.9435837334039693,0.8235591235960308,0.8235591235960308
0.2075,1.3870582621015097,-1.1795582621015097,1.1795582621015097
1.615272727,1.7702938676536069,-0.15502114065360684,0.15502114065360684
0.76625,1.078656953479803,-0.31240695347980296,0.31240695347980296
0.545416667,1.22447226628838,-0.67905559928838,0.67905559928838
4.706666667,2.4884788995117706,2.2181877674882298,2.2181877674882298
0.583636364,1.0725899810279838,-0.4889536170279838,0.4889536170279838
1.3396,1.078656953479803,0.26094304652019695,0.26094304652019695
0.548333333,1.6351682703521735,-1.0868349373521735,1.0868349373521735
0.568421053,1.3189143364842446,-0.7504932834842446,0.7504932834842446
0.862666667,1.8253431565108602,-0.9626764895108602,0.9626764895108602
5.938913043,8.004295263762044,-2.065382220762044,2.065382220762044
0.538333333,1.7910413104024776,-1.2527079774024776,1.2527079774024776
0.24,1.5860059483890527,-1.3460059483890527,1.3460059483890527
3.892857143,3.2569063064523123,0.6359508365476878,0.6359508365476878
44.39435897,32.97357565862385,11.420783311376148,11.420783311376148
0.782857143,1.2001528608325127,-0.41729571783251274,0.41729571783251274
0.551555556,1.3189143364842446,-0.7673587804842447,0.7673587804842447
1.331428571,1.3111440177291611,0.02028455327083889,0.02028455327083889
17.19387097,9.162357732551255,8.031513237448744,8.031513237448744
6.940740741,4.524447674457714,2.416293066542286,2.416293066542286
17.73888889,37.89945991428855,-20.16057102428855,20.16057102428855
32.58882353,1.5342898226182105,31.05453370738179,31.05453370738179
3.0,2.247422143255416,0.7525778567445842,0.7525778567445842
4972.855,5537.983239848126,-565.1282398481262,565.1282398481262
1.0,1.919820437362504,-0.9198204373625041,0.9198204373625041
1.204,1.4339244273329743,-0.22992442733297436,0.22992442733297436
1.2575,1.6355061541337903,-0.37800615413379024,0.37800615413379024
1.4,0.8987756032482374,0.5012243967517626,0.5012243967517626
2.363913043,1.2902138365812943,1.0736992064187059,1.0736992064187059
0.247333333,0.8987756032482374,-0.6514422702482374,0.6514422702482374
9.559090909,3.9372405070684504,5.62185040193155,5.62185040193155
5.23125,10.76565794763657,-5.534407947636569,5.534407947636569
1.0,2.427695826587884,-1.4276958265878839,1.4276958265878839
1.383333333,1.4368473198938012,-0.05351398689380127,0.05351398689380127
1.297272727,2.9413675658748377,-1.6440948388748378,1.6440948388748378
72.35545455,57.098096993898785,15.25735755610122,15.25735755610122
0.728888889,1.6220503756435025,-0.8931614866435025,0.8931614866435025
0.606363636,1.2113168163432122,-0.6049531803432122,0.6049531803432122
0.736206897,1.2217486095232353,-0.4855417125232353,0.4855417125232353
3.883333333,0.732723345552262,3.150609987447738,3.150609987447738
2.459090909,1.565241585649547,0.893849323350453,0.893849323350453
7.213181818,3.310647834299472,3.9025339837005277,3.9025339837005277
0.584,1.607738805112721,-1.0237388051127212,1.0237388051127212
6.001,12.538721097094484,-6.537721097094484,6.537721097094484
0.585,1.1237641643036407,-0.5387641643036407,0.5387641643036407
1.398,0.9722728841111111,0.4257271158888888,0.4257271158888888
0.392727273,1.2930299703600043,-0.9003026973600043,0.9003026973600043
0.56,-0.11291047281061972,0.6729104728106198,0.6729104728106198
0.625,1.1263224746960747,-0.5013224746960747,0.5013224746960747
0.321304348,3.130483424257581,-2.809179076257581,2.809179076257581
0.473333333,0.8992211576470722,-0.4258878246470722,0.4258878246470722
0.331428571,2.085467062690472,-1.7540384916904719,1.7540384916904719
1.65625,1.0300927615648103,0.6261572384351897,0.6261572384351897
0.2,1.2712488152679728,-1.0712488152679729,1.0712488152679729
2.101851852,2.2526991754054713,-0.15084732340547147,0.15084732340547147
1.52,3.1701105287552807,-1.6501105287552806,1.6501105287552806
1.22,1.3638104270728335,-0.14381042707283354,0.14381042707283354
0.842222222,1.1580821793742844,-0.3158599573742844,0.3158599573742844
0.607,2.5637575880671597,-1.9567575880671597,1.9567575880671597
0.51,0.835895521966696,-0.325895521966696,0.325895521966696
1.785925926,1.9863077145093195,-0.20038178850931954,0.20038178850931954
1.942244898,2.369044394353207,-0.42679949635320713,0.42679949635320713
1.728918919,2.093266873928604,-0.36434795492860395,0.36434795492860395
1.26375,0.8987756032482374,0.3649743967517626,0.3649743967517626
1.1,1.224189435169485,-0.124189435169485,0.124189435169485
0.54,1.1235820618225492,-0.5835820618225491,0.5835820618225491
1.0,1.2712488152679728,-0.27124881526797284,0.27124881526797284
0.35,0.873667839561484,-0.523667839561484,0.523667839561484
0.5475,1.446929308894178,-0.8994293088941779,0.8994293088941779
2.001111111,2.0047873661544378,-0.003676255154437591,0.003676255154437591
1.223571429,1.7910413104024776,-0.5674698814024777,0.5674698814024777
12012.7625,11586.304103682816,426.45839631718445,426.45839631718445
1.06203125,1.3189143364842446,-0.2568830864842446,0.2568830864842446
0.538333333,0.6895644491365417,-0.15123111613654172,0.15123111613654172
5.3396875,2.4276621135372496,2.9120253864627506,2.9120253864627506
1.67,1.8280080656471038,-0.1580080656471039,0.1580080656471039
3.0,1.6892212572700522,1.3107787427299478,1.3107787427299478
0.323617021,1.2217486095232353,-0.8981315885232353,0.8981315885232353
0.862307692,1.6535314869996907,-0.7912237949996906,0.7912237949996906
13.99122449,12.043322026804582,1.947902463195419,1.947902463195419
1.33125,1.3870582621015097,-0.05580826210150969,0.05580826210150969
0.884782609,1.1372192196832462,-0.2524366106832462,0.2524366106832462
0.78,1.9145755774715527,-1.1345755774715527,1.1345755774715527
0.71,0.9331391007364788,-0.2231391007364788,0.2231391007364788
1.660869565,1.277604639767346,0.3832649252326541,0.3832649252326541
2.376923077,1.481589948549246,0.8953331284507537,0.8953331284507537
0.834545455,1.4339244273329743,-0.5993789723329743,0.5993789723329743
0.526,1.583790028362948,-1.057790028362948,1.057790028362948
1.5225,0.7990018051029176,0.7234981948970823,0.7234981948970823
11.255,7.695893955140337,3.5591060448596634,3.5591060448596634
0.769411765,1.2662005658762452,-0.4967888008762452,0.4967888008762452
0.31,2.085467062690472,-1.7754670626904718,1.7754670626904718
20.62111111,16.86969147622303,3.7514196337769725,3.7514196337769725
0.1985,1.2639846458501405,-1.0654846458501406,1.0654846458501406
0.912,1.4089217980839186,-0.49692179808391856,0.49692179808391856
17.0,4.564743561939908,12.435256438060092,12.435256438060092
3.825789474,1.3751124709212008,2.450677003078799,2.450677003078799
8.193666667,5.377509738478856,2.8161569285211447,2.8161569285211447
1.281290323,1.3870582621015097,-0.10576793910150983,0.10576793910150983
0.912,1.5094351493790892,-0.5974351493790891,0.5974351493790891
6522.32,6335.256276944575,187.06372305542482,187.06372305542482
83.41653846,67.93595440129508,15.48058405870492,15.48058405870492
5.766190476,10.152977403642414,-4.386786927642413,4.386786927642413
1.730666667,1.5942376604900814,0.13642900650991852,0.13642900650991852
0.945714286,1.961071962872344,-1.0153576768723442,1.0153576768723442
1.001428571,1.2630329421140545,-0.26160437111405455,0.26160437111405455
10719.08742,10210.14332311296,508.94409688704036,508.94409688704036
0.976875,1.683171675350062,-0.706296675350062,0.706296675350062
2.510909091,1.478732557488706,1.0321765335112938,1.0321765335112938
0.710434783,0.6895644491365417,0.020870333863458268,0.020870333863458268
3.435652174,5.16829858436716,-1.7326464103671602,1.7326464103671602
0.965714286,1.277604639767346,-0.311890353767346,0.311890353767346
0.29125,1.2217486095232353,-0.9304986095232353,0.9304986095232353
1.035,1.4531718436319718,-0.4181718436319719,0.4181718436319719
1.185,1.854063160568982,-0.6690631605689819,0.6690631605689819
1.4275,1.6355061541337903,-0.2080061541337903,0.2080061541337903
1.08,1.5677870051194425,-0.4877870051194424,0.4877870051194424
7.162857143,3.7623293951178796,3.4005277478821205,3.4005277478821205
1.577272727,1.4836787269987164,0.0935940000012836,0.0935940000012836
0.475,2.085467062690472,-1.6104670626904718,1.6104670626904718
0.191034483,1.2113168163432122,-1.0202823333432123,1.0202823333432123
0.446666667,1.1121963314416181,-0.6655296644416181,0.6655296644416181
0.865,1.460192225958244,-0.5951922259582441,0.5951922259582441
0.751111111,1.318139358391177,-0.5670282473911769,0.5670282473911769
10.55714286,5.426106889885737,5.131035970114263,5.131035970114263
2.41,1.4267784547202764,0.9832215452797237,0.9832215452797237
18.15833333,16.464488578812112,1.6938447511878891,1.6938447511878891
1.106363636,2.562630094810326,-1.4562664588103262,1.4562664588103262
0.253103448,1.1588966782647216,-0.9057932302647216,0.9057932302647216
0.562,1.792418022810629,-1.230418022810629,1.230418022810629
0.498148148,0.9175131760634588,-0.4193650280634588,0.4193650280634588
2.556190476,2.56799208064075,-0.011801604640750085,0.011801604640750085
69.400625,65.29788922020647,4.102735779793534,4.102735779793534
8.716428571,2.2772320226378064,6.439196548362194,6.439196548362194
2.093,1.742771290353516,0.350228709646484,0.350228709646484
2.6802,3.8241422452054943,-1.1439422452054941,1.1439422452054941
0.537333333,1.0054647784708104,-0.4681314454708104,0.4681314454708104
0.425555556,0.7938248405084677,-0.3682692845084677,0.3682692845084677
0.66625,1.318139358391177,-0.6518893583911769,0.6518893583911769
1.891875,1.502370150235862,0.389504849764138,0.389504849764138
0.9984,1.4759849258296933,-0.47758492582969336,0.47758492582969336
1.198888889,1.078656953479803,0.12023193552019706,0.12023193552019706
4.02625,1.7683814484736566,2.2578685515263435,2.2578685515263435
0.180416667,1.5860059483890527,-1.4055892813890527,1.4055892813890527
0.509565217,0.8548741017148155,-0.34530888471481547,0.34530888471481547
1.817916667,1.5715742200700127,0.2463424469299873,0.2463424469299873
6.985,4.451558157628449,2.533441842371551,2.533441842371551
0.33,1.3283625419700422,-0.9983625419700421,0.9983625419700421
1.46875,1.9660279890778867,-0.4972779890778867,0.4972779890778867
1.0475,1.0803632742862783,-0.03286327428627822,0.03286327428627822
1.20375,0.943227559601247,0.26052244039875305,0.26052244039875305
2.8275,1.5175760644332752,1.309923935566725,1.309923935566725
0.785,1.2997399438380604,-0.5147399438380603,0.5147399438380603
0.91875,1.7568974336079726,-0.8381474336079726,0.8381474336079726
0.25,1.2217486095232353,-0.9717486095232353,0.9717486095232353
1.431,2.3788907229318874,-0.9478907229318874,0.9478907229318874
2.755833333,1.5175760644332752,1.2382572685667248,1.2382572685667248
1.967857143,1.7683814484736566,0.1994756945263434,0.1994756945263434
1.828888889,1.277604639767346,0.551284249232654,0.551284249232654
0.591818182,0.63043325605864,-0.03861507405863995,0.03861507405863995
54.9975,36.41784993760925,18.579650062390755,18.579650062390755
0.5375,1.0725899810279838,-0.5350899810279838,0.5350899810279838
0.505555556,1.3189143364842446,-0.8133587804842446,0.8133587804842446
1.733333333,2.336666516569157,-0.6033331835691569,0.6033331835691569
0.897333333,2.3522842105854784,-1.4549508775854785,1.4549508775854785
0.285,2.085467062690472,-1.800467062690472,1.800467062690472
0.47,3.004993914874032,-2.5349939148740317,2.5349939148740317
0.375,1.466483487995991,-1.091483487995991,1.091483487995991
0.468888889,1.3529771467964304,-0.8840882577964304,0.8840882577964304
0.7315625,1.5860059483890527,-0.8544434483890527,0.8544434483890527
0.6864,1.0538217880023586,-0.3674217880023586,0.3674217880023586
0.340689655,1.481589948549246,-1.140900293549246,1.140900293549246
0.759,2.3720859011616238,-1.6130859011616239,1.6130859011616239
0.323571429,1.2076224662687787,-0.8840510372687787,0.8840510372687787
0.136,2.085467062690472,-1.9494670626904718,1.9494670626904718
1.8875,0.7979201800593075,1.0895798199406923,1.0895798199406923
1.106666667,1.1588966782647216,-0.0522300112647216,0.0522300112647216
0.79,1.2157685019418945,-0.4257685019418944,0.4257685019418944
2.1975,1.3970307104691955,0.8004692895308043,0.8004692895308043
1.043333333,1.009709899746442,0.0336234332535581,0.0336234332535581
0.1235,2.189608598520475,-2.0661085985204752,2.0661085985204752
0.95,1.7298268403427466,-0.7798268403427466,0.7798268403427466
0.095555556,1.516798192631166,-1.421242636631166,1.421242636631166
2.175306122,1.7848655653068983,0.3904405566931015,0.3904405566931015
0.601481481,1.6732616354547818,-1.0717801544547818,1.0717801544547818
6.122857143,9.280555360807352,-3.1576982178073516,3.1576982178073516
0.8175,0.9435399018624316,-0.12603990186243164,0.12603990186243164
0.2804,1.4339244273329743,-1.1535244273329743,1.1535244273329743
47.165,24.75230922639378,22.41269077360622,22.41269077360622
0.297307692,2.195518868621016,-1.898211176621016,1.898211176621016
2.605294118,1.607738805112721,0.9975553128872792,0.9975553128872792
0.358,0.8676001359090068,-0.5096001359090068,0.5096001359090068
0.685,1.2712488152679728,-0.5862488152679728,0.5862488152679728
0.764,1.8435331371852,-1.0795331371852,1.0795331371852
0.63375,1.3193282202805903,-0.6855782202805902,0.6855782202805902
0.602857143,1.0538217880023586,-0.45096464500235856,0.45096464500235856
0.81,1.6073837214050122,-0.7973837214050121,0.7973837214050121
8.47,9.954029717354869,-1.4840297173548684,1.4840297173548684
0.960909091,1.4339244273329743,-0.4730153363329743,0.4730153363329743
0.652222222,1.2378996336062582,-0.5856774116062582,0.5856774116062582
1.76,1.854063160568982,-0.0940631605689819,0.0940631605689819
12.485,2.689383360114932,9.795616639885068,9.795616639885068
1.495,1.2870083718984204,0.20799162810157967,0.20799162810157967
0.794782609,2.324420379945352,-1.5296377709453521,1.5296377709453521
0.6508,2.324420379945352,-1.673620379945352,1.673620379945352
0.833333333,1.2712488152679728,-0.43791548226797283,0.43791548226797283
1.71625,5.886117172974722,-4.1698671729747225,4.1698671729747225
3.015,20.20103682470357,-17.18603682470357,17.18603682470357
0.881666667,1.3779295904397855,-0.4962629234397855,0.4962629234397855
1.0,1.229894645196351,-0.22989464519635106,0.22989464519635106
0.642083333,1.4365584678462473,-0.7944751348462473,0.7944751348462473
1.056785714,2.1062963123805276,-1.0495105983805275,1.0495105983805275
0.732592593,1.2120556466317534,-0.47946305363175334,0.47946305363175334
1.76375,1.2712488152679728,0.4925011847320271,0.4925011847320271
0.98,2.467558379263438,-1.487558379263438,1.487558379263438
0.323939394,1.6336714696053245,-1.3097320756053246,1.3097320756053246
3.034444444,1.5202101049465482,1.5142343390534518,1.5142343390534518
0.914285714,1.025241748881942,-0.11095603488194206,0.11095603488194206
0.711052632,1.3710443460514325,-0.6599917140514325,0.6599917140514325
0.51,0.7565915717634438,-0.24659157176344382,0.24659157176344382
2.36,1.563721177211195,0.7962788227888049,0.7962788227888049
0.98,2.7380538012382116,-1.7580538012382116,1.7580538012382116
0.465454545,0.9277670586386518,-0.46231251363865183,0.46231251363865183
5.11,1.4046325036955862,3.7053674963044143,3.7053674963044143
1.353,1.277604639767346,0.07539536023265403,0.07539536023265403
1.824545455,1.5677870051194425,0.2567584498805575,0.2567584498805575
0.290666667,1.2571226720135162,-0.9664560050135163,0.9664560050135163
0.691,1.1357018214436587,-0.4447018214436588,0.4447018214436588
1.162941176,1.3189143364842446,-0.1559731604842447,0.1559731604842447
1.61,0.8599320963036682,0.7500679036963319,0.7500679036963319
2.22,1.0725899810279838,1.1474100189720164,1.1474100189720164
8.145,4.482888234791228,3.6621117652087714,3.6621117652087714
52.85172414,45.663440381138045,7.188283758861957,7.188283758861957
0.499310345,3.1287238204950754,-2.6294134754950753,2.6294134754950753
0.515294118,1.3924116173471184,-0.8771174993471184,0.8771174993471184
2.711666667,2.1427670796733413,0.5688995873266585,0.5688995873266585
0.392941176,1.5718798051345961,-1.178938629134596,1.178938629134596
2.852,1.3947956548294622,1.4572043451705377,1.4572043451705377
4.176666667,9.135973432506301,-4.959306765506301,4.959306765506301
0.986666667,1.3907271878764649,-0.4040605208764648,0.4040605208764648
0.7352,1.54323924301806,-0.80803924301806,0.80803924301806
0.3575,1.3243839690893875,-0.9668839690893876,0.9668839690893876
0.545714286,1.4368473198938012,-0.8911330338938012,0.8911330338938012
0.74,1.4339244273329743,-0.6939244273329743,0.6939244273329743
0.52,1.8380047784615892,-1.3180047784615891,1.3180047784615891
0.414705882,2.334963279048128,-1.9202573970481278,1.9202573970481278
1.559375,1.7963238915914186,-0.23694889159141863,0.23694889159141863
3.562580645,2.4586473637261994,1.1039332812738007,1.1039332812738007
0.227307692,1.2217486095232353,-0.9944409175232353,0.9944409175232353
1.64,1.4472107448831135,0.19278925511688638,0.19278925511688638
0.73125,1.8453678217136658,-1.1141178217136658,1.1141178217136658
1.01047619,2.0951015584570696,-1.0846253684570695,1.0846253684570695
1.078,1.224189435169485,-0.14618943516948502,0.14618943516948502
0.31625,1.7568974336079726,-1.4406474336079726,1.4406474336079726
0.457777778,1.1544777125352226,-0.6966999345352225,0.6966999345352225
0.519545455,0.6895644491365417,-0.17001899413654165,0.17001899413654165
59.56181818,47.20975421232021,12.35206396767979,12.35206396767979
1.4325,1.8454826351138072,-0.41298263511380706,0.41298263511380706
2.112592593,1.5718798051345961,0.5407127878654039,0.5407127878654039
13.02666667,24.11033675876223,-11.083670088762231,11.083670088762231
0.661333333,2.1542345360301947,-1.4929012030301947,1.4929012030301947
1.994,0.8323835069706652,1.1616164930293347,1.1616164930293347
0.839166667,1.2732116448464457,-0.4340449778464457,0.4340449778464457
1.375333333,1.3252701609836177,0.05006317201638222,0.05006317201638222
13.02875,10.475950409917413,2.5527995900825875,2.5527995900825875
71.79642857,64.12205651479063,7.674372055209375,7.674372055209375
1.773333333,1.3710443460514325,0.4022889869485675,0.4022889869485675
0.404264706,1.8063976393527101,-1.4021329333527102,1.4021329333527102
6.931875,4.7499368470291765,2.1819381529708233,2.1819381529708233
1.081904762,1.854063160568982,-0.7721583985689819,0.7721583985689819
9.615454545,8.56984843323276,1.0456061117672402,1.0456061117672402
0.625714286,1.4484961249862658,-0.8227818389862658,0.8227818389862658
0.0,2.9581367564005157,-2.9581367564005157,2.9581367564005157
0.428181818,0.7938248405084677,-0.3656430225084677,0.3656430225084677
0.514444444,1.0815113803643208,-0.5670669363643208,0.5670669363643208
0.773181818,1.506341008194396,-0.733159190194396,0.733159190194396
0.71047619,1.5383524583524057,-0.8278762683524058,0.8278762683524058
1.99,1.4672979868864284,0.5227020131135716,0.5227020131135716
2.46,0.22745478016724294,2.232545219832757,2.232545219832757
1.00472973,2.045734847474518,-1.041005117474518,1.041005117474518
0.505714286,0.9591344930867413,-0.45342020708674124,0.45342020708674124
0.385384615,1.5718798051345961,-1.1864951901345961,1.1864951901345961
2.0,2.3661301047580396,-0.36613010475803964,0.36613010475803964
0.511111111,1.9145755774715527,-1.4034644664715528,1.4034644664715528
0.499565217,0.7998690447014564,-0.30030382770145636,0.30030382770145636
1.04125,1.6355061541337903,-0.5942561541337903,0.5942561541337903
9.321071429,11.044178997558562,-1.7231075685585626,1.7231075685585626
1.99,0.9824272403485386,1.0075727596514614,1.0075727596514614
1.92,1.592984030721451,0.32701596927854903,0.32701596927854903
5.702083333,8.498047492762486,-2.7959641597624865,2.7959641597624865
0.555,0.6747201532739414,-0.11972015327394137,0.11972015327394137
1.105526316,1.5101363571852566,-0.4046100411852567,0.4046100411852567
0.677058824,1.3870582621015097,-0.7099994381015098,0.7099994381015098
10.54486486,11.537036862035952,-0.9921720020359519,0.9921720020359519
0.500666667,1.3870582621015097,-0.8863915951015098,0.8863915951015098
2.348518519,2.02826520794745,0.32025331105255006,0.32025331105255006
2.976363636,1.6355061541337903,1.3408574818662096,1.3408574818662096
16.5,10.057879505423367,6.442120494576633,6.442120494576633
2.835,1.6254324063724988,1.2095675936275012,1.2095675936275012
0.85625,2.011433001366135,-1.155183001366135,1.155183001366135
1.535,1.722628346437335,-0.18762834643733517,0.18762834643733517
3.63,10.377681577761743,-6.747681577761743,6.747681577761743
2.646086957,2.0900533090653424,0.5560336479346577,0.5560336479346577
0.747777778,1.6373749732149108,-0.8895971952149108,0.8895971952149108
0.805471698,1.1517909173365377,-0.34631921933653775,0.34631921933653775
1.096666667,1.6355061541337903,-0.5388394871337903,0.5388394871337903
1.28,2.2610944774431614,-0.9810944774431614,0.9810944774431614
4.623809524,1.7393698097870183,2.884439714212982,2.884439714212982
0.732647059,1.8312615297551984,-1.0986144707551984,1.0986144707551984
0.968888889,1.4368473198938012,-0.4679584308938012,0.4679584308938012
0.83037037,1.170032483752393,-0.33966211375239297,0.33966211375239297
7.95,10.475950409917413,-2.525950409917413,2.525950409917413
2.020434783,1.484223989062519,0.5362107939374807,0.5362107939374807
0.207368421,1.3507612267703257,-1.1433928057703258,1.1433928057703258
6.446666667,4.8349700444116195,1.6116966225883802,1.6116966225883802
0.514642857,0.8987756032482374,-0.38413274624823734,0.38413274624823734
2.72,17.418718211089782,-14.698718211089782,14.698718211089782
6.207083333,11.421358864804223,-5.214275531804223,5.214275531804223
0.519090909,1.1022261491301737,-0.5831352401301737,0.5831352401301737
0.6675,0.8987756032482374,-0.23127560324823737,0.23127560324823737
0.12,1.7648694334776245,-1.6448694334776244,1.6448694334776244
0.418888889,1.8405415161472152,-1.4216526271472152,1.4216526271472152
16.97882353,10.70600715410215,6.27281637589785,6.27281637589785
0.53,0.943227559601247,-0.413227559601247,0.413227559601247
1.6,2.589189763250686,-0.9891897632506859,0.9891897632506859
0.43,1.2010338407573824,-0.7710338407573825,0.7710338407573825
0.550769231,1.9145755774715527,-1.3638063464715526,1.3638063464715526
2.571052632,1.7090840434727999,0.8619685885271999,0.8619685885271999
0.51,1.318139358391177,-0.8081393583911769,0.8081393583911769
0.773846154,3.2579593835243843,-2.484113229524384,2.484113229524384
0.893913043,1.4347237833177815,-0.5408107403177815,0.5408107403177815
0.697142857,2.01284920079324,-1.31570634379324,1.31570634379324
33.76481481,50.25296565805427,-16.488150848054275,16.488150848054275
0.4525,0.8987756032482374,-0.44627560324823734,0.44627560324823734
0.705185185,1.22447226628838,-0.51928708128838,0.51928708128838
1.4825,1.079607506868433,0.40289249313156694,0.40289249313156694
0.418,1.4339244273329743,-1.0159244273329744,1.0159244273329744
0.871538462,2.324420379945352,-1.452881917945352,1.452881917945352
0.836666667,1.351841633163168,-0.5151749661631679,0.5151749661631679
0.595454545,1.607738805112721,-1.012284260112721,1.012284260112721
19.55793103,20.477590147152956,-0.9196591171529569,0.9196591171529569
0.928666667,1.2712488152679728,-0.34258214826797284,0.34258214826797284
0.340833333,1.1588966782647216,-0.8180633452647217,0.8180633452647217
0.833333333,1.2712488152679728,-0.43791548226797283,0.43791548226797283
22.18,7.959788811513382,14.220211188486617,14.220211188486617
14.88166667,8.911398350466214,5.970268319533785,5.970268319533785
0.885,1.0725899810279838,-0.18758998102798374,0.18758998102798374
0.0,3.133141128757861,-3.133141128757861,3.133141128757861
0.55,1.1131495132722,-0.5631495132722,0.5631495132722
0.672297297,2.045734847474518,-1.373437550474518,1.373437550474518
20.73388889,14.114903040579401,6.618985849420598,6.618985849420598
2.609459459,2.093266873928604,0.516192585071396,0.516192585071396
1.528974359,1.516798192631166,0.012176166368834007,0.012176166368834007
0.44047619,1.2098854907529981,-0.7694093007529981,0.7694093007529981
0.597826087,1.2247132732212784,-0.6268871862212785,0.6268871862212785
0.25,2.085467062690472,-1.8354670626904719,1.8354670626904719
0.76375,0.7938248405084677,-0.03007484050846765,0.03007484050846765
25.34375,22.434606842652457,2.9091431573475433,2.9091431573475433
1.27,0.9960191820180203,0.2739808179819797,0.2739808179819797
0.6425,0.835895521966696,-0.19339552196669607,0.19339552196669607
0.9575,1.0012051745449697,-0.043705174544969694,0.043705174544969694
5.5525,3.8781707806368524,1.6743292193631478,1.6743292193631478
0.567272727,1.0538217880023586,-0.4865490610023586,0.4865490610023586
7.44,11.940296353766227,-4.500296353766227,4.500296353766227
13.81285714,30.591174355560128,-16.77831721556013,16.77831721556013
21.167,11.054319594262237,10.112680405737764,10.112680405737764
0.042857143,1.2712488152679728,-1.2283916722679729,1.2283916722679729
0.6295,2.007592618786341,-1.3780926187863412,1.3780926187863412
1.28,1.9984027156469732,-0.7184027156469732,0.7184027156469732
0.696842105,1.4197982840785177,-0.7229561790785177,0.7229561790785177
43.52,33.532926771155594,9.987073228844409,9.987073228844409
0.79,1.0001235495013596,-0.21012354950135959,0.21012354950135959
1.992222222,2.4379059768874285,-0.4456837548874284,0.4456837548874284
0.753333333,1.1235820618225492,-0.3702487288225491,0.3702487288225491
0.805,1.2001528608325127,-0.39515286083251266,0.39515286083251266
0.489,1.518286799374705,-1.029286799374705,1.029286799374705
0.627735849,1.3447460961308466,-0.7170102471308466,0.7170102471308466
0.746153846,2.324420379945352,-1.578266533945352,1.578266533945352
0.68,1.3984611992671083,-0.7184611992671083,0.7184611992671083
1.51,2.22587784850482,-0.7158778485048198,0.7158778485048198
0.295526316,1.4561416214036735,-1.1606153054036734,1.1606153054036734
0.498,0.913347300901529,-0.41534730090152905,0.41534730090152905
0.206,2.1535455413976106,-1.9475455413976106,1.9475455413976106
11.068,3.3601480400442094,7.70785195995579,7.70785195995579
0.545,1.267535801708448,-0.7225358017084479,0.7225358017084479
1.35,0.9868445817644027,0.3631554182355974,0.3631554182355974
31.71,9.285884438586923,22.42411556141308,22.42411556141308
0.226153846,1.092608854840588,-0.8664550088405879,0.8664550088405879
0.890909091,1.395080920388405,-0.5041718293884049,0.5041718293884049
9.842142857,4.998969469738379,4.843173387261622,4.843173387261622
6.369090909,2.1542345360301947,4.214856372969805,4.214856372969805
1.023333333,1.3870582621015097,-0.36372492910150966,0.36372492910150966
0.187142857,1.382208301562132,-1.195065444562132,1.195065444562132
1.10375,1.009709899746442,0.09404010025355802,0.09404010025355802
6728.865,6640.301745167137,88.5632548328631,88.5632548328631
23.00081081,14.63826072535971,8.36255008464029,8.36255008464029
1.38375,1.9031479077963456,-0.5193979077963455,0.5193979077963455
0.723333333,1.549774057849958,-0.8264407248499579,0.8264407248499579
20.16636364,10.34990006144372,9.81646357855628,9.81646357855628
2.8,1.860112742488972,0.9398872575110278,0.9398872575110278
0.812,0.6739959979309947,0.13800400206900532,0.13800400206900532
6.32375,10.167549101295705,-3.843799101295705,3.843799101295705
1.775,1.490273570982509,0.2847264290174909,0.2847264290174909
13.465,29.65560264529346,-16.19060264529346,16.19060264529346
0.5875,1.0640852558265115,-0.47658525582651146,0.47658525582651146
0.878888889,1.5008373648482436,-0.6219484758482436,0.6219484758482436
1.969375,2.3385012010976225,-0.3691262010976224,0.3691262010976224
2.916666667,2.9550922395994057,-0.03842557259940582,0.03842557259940582
10.3632,3.788934001123576,6.574265998876425,6.574265998876425
2.775,1.5989243872146535,1.1760756127853464,1.1760756127853464
1.825,1.3503932065040574,0.4746067934959426,0.4746067934959426
0.647241379,0.9722728841111111,-0.3250315051111111,0.3250315051111111
0.47,1.8405415161472152,-1.3705415161472152,1.3705415161472152
0.824482759,1.3353421363306675,-0.5108593773306674,0.5108593773306674
3.997333333,2.455737538261925,1.541595794738075,1.541595794738075
0.894545455,1.516798192631166,-0.622252737631166,0.622252737631166
0.57,1.1357018214436587,-0.5657018214436588,0.5657018214436588
0.666333333,0.913347300901529,-0.24701396790152907,0.24701396790152907
0.86,1.607738805112721,-0.7477388051127211,0.7477388051127211
0.565,1.3924116173471184,-0.8274116173471184,0.8274116173471184
1.225925926,2.157199199728239,-0.9312732737282392,0.9312732737282392
0.982307692,1.0640852558265115,-0.08177756382651147,0.08177756382651147
111.4553333,94.16417291575486,17.291160384245146,17.291160384245146
0.78,0.46928642437532314,0.3107135756246769,0.3107135756246769
17.14,20.947770186910844,-3.807770186910844,3.807770186910844
0.3,1.4295657474826124,-1.1295657474826124,1.1295657474826124
38.00357143,47.49682141878571,-9.493249988785706,9.493249988785706
0.192857143,1.4365584678462473,-1.2437013248462474,1.2437013248462474
0.985,0.8317403787759962,0.15325962122400383,0.15325962122400383
0.497777778,1.888207037363487,-1.3904292593634868,1.3904292593634868
1.612222222,1.683171675350062,-0.07094945335006209,0.07094945335006209
0.606666667,1.9099010690806053,-1.3032344020806053,1.3032344020806053
0.336666667,1.4339244273329743,-1.0972577603329743,1.0972577603329743
0.78,2.0702600922929038,-1.2902600922929037,1.2902600922929037
0.628333333,1.2712488152679728,-0.6429154822679728,0.6429154822679728
0.74,2.275886692357902,-1.535886692357902,1.535886692357902
2.310740741,1.0222992527308192,1.2884414882691808,1.2884414882691808
0.868571429,1.4672979868864284,-0.5987265578864285,0.5987265578864285
0.330909091,1.2217486095232353,-0.8908395185232353,0.8908395185232353
1.566875,1.875713486108208,-0.3088384861082081,0.3088384861082081
2.897142857,1.9640757832162903,0.9330670737837097,0.9330670737837097
0.65,0.6615494201335688,-0.011549420133568744,0.011549420133568744
0.625384615,2.1349672684352092,-1.5095826534352093,1.5095826534352093
0.472173913,0.7998690447014564,-0.32769513170145637,0.32769513170145637
5.1,-0.08959045901171682,5.189590459011717,5.189590459011717
1.0125,1.7568974336079726,-0.7443974336079726,0.7443974336079726
22.59461538,43.735107040325346,-21.140491660325345,21.140491660325345
16.20208333,8.007496196373523,8.194587133626477,8.194587133626477
1.0,1.6355061541337903,-0.6355061541337903,0.6355061541337903
0.7475,1.025241748881942,-0.27774174888194203,0.27774174888194203
0.208888889,1.2076224662687787,-0.9987335772687786,0.9987335772687786
0.571666667,1.4339244273329743,-0.8622577603329743,0.8622577603329743
1.0215625,1.4339244273329743,-0.4123619273329744,0.4123619273329744
0.5,1.6086955156564495,-1.1086955156564495,1.1086955156564495
2.9272,1.5511154423950906,1.3760845576049094,1.3760845576049094
18.17769231,10.632715751881875,7.544976558118126,7.544976558118126
2.87,2.093814761103257,0.7761852388967432,0.7761852388967432
2.935581395,3.5401427389587696,-0.6045613439587698,0.6045613439587698
7.566956522,10.511819601595908,-2.9448630795959083,2.9448630795959083
0.878823529,1.5860059483890527,-0.7071824193890527,0.7071824193890527
3.393214286,2.285717762540576,1.107496523459424,1.107496523459424
17.018,12.236480792345084,4.781519207654917,4.781519207654917
0.973448276,1.5008373648482436,-0.5273890888482436,0.5273890888482436
0.745,0.8987756032482374,-0.15377560324823736,0.15377560324823736
1.009285714,1.2217486095232353,-0.21246289552323527,0.21246289552323527
22.33333333,20.9095042123386,1.4238291176613984,1.4238291176613984
0.28,1.078656953479803,-0.7986569534798029,0.7986569534798029
1.021,1.2217486095232353,-0.20074860952323537,0.20074860952323537
0.371111111,1.5860059483890527,-1.2148948373890527,1.2148948373890527
2.743529412,1.7745096076191313,0.9690198043808687,0.9690198043808687
2.03,1.064800726154451,0.9651992738455488,0.9651992738455488
0.978636364,1.441903810524614,-0.46326744652461405,0.46326744652461405
0.632222222,1.3189143364842446,-0.6866921144842446,0.6866921144842446
0.5,9.551267583429858,-9.051267583429858,9.051267583429858
1.655,33.64154432736398,-31.98654432736398,31.98654432736398
1.331666667,1.3477755264933666,-0.016108859493366712,0.016108859493366712
14.15512195,12.646251441862944,1.508870508137056,1.508870508137056
0.945294118,1.1545036833438218,-0.20920956534382185,0.20920956534382185
2.983333333,2.7828737712328557,0.2004595617671443,0.2004595617671443
0.534761905,3.251341120482846,-2.716579215482846,2.716579215482846
3.109230769,1.7675258571891796,1.3417049118108202,1.3417049118108202
1.126,1.2001528608325127,-0.07415286083251282,0.07415286083251282
0.914318182,1.6254324063724988,-0.7111142243724987,0.7111142243724987
0.750588235,1.3189143364842446,-0.5683261014842446,0.5683261014842446
13.99944444,16.85727005955115,-2.8578256195511518,2.8578256195511518
1.62,4.825731312552355,-3.2057313125523548,3.2057313125523548
2.969545455,1.9189457110526753,1.0505997439473247,1.0505997439473247
1.024444444,1.9640757832162903,-0.9396313392162903,0.9396313392162903
2.040294118,1.7090840434727999,0.33121007452719997,0.33121007452719997
0.825555556,1.1022261491301737,-0.2766705931301737,0.2766705931301737
0.9456,1.2202662367430617,-0.2746662367430617,0.2746662367430617
2.879411765,2.987674828024476,-0.10826306302447586,0.10826306302447586
0.806,1.8405415161472152,-1.0345415161472151,1.0345415161472151
1.086428571,0.9722728841111111,0.11415568688888877,0.11415568688888877
1.491538462,1.1117507770427832,0.3797876849572168,0.3797876849572168
1.639090909,2.1539127855933606,-0.5148218765933605,0.5148218765933605
11.95,4.014692286003283,7.935307713996716,7.935307713996716
0.28,0.9484074237305175,-0.6684074237305174,0.6684074237305174
1.705,1.9145755774715527,-0.20957557747155264,0.20957557747155264
0.445217391,0.763061729999415,-0.317844338999415,0.317844338999415
0.295925926,1.2065621994809934,-0.9106362734809934,0.9106362734809934
0.719565217,2.324420379945352,-1.604855162945352,1.604855162945352
0.585,1.4264744276593042,-0.8414744276593042,0.8414744276593042
0.708571429,1.2712488152679728,-0.5626773862679728,0.5626773862679728
0.873333333,0.6387793689926532,0.23455396400734685,0.23455396400734685
0.508846154,1.5008373648482436,-0.9919912108482436,0.9919912108482436
30.362,56.31541513762148,-25.95341513762148,25.95341513762148
13532.98667,10158.267891398027,3374.718778601973,3374.718778601973
1.056956522,1.3710443460514325,-0.31408782405143265,0.31408782405143265
0.282857143,1.0669396827110293,-0.7840825397110294,0.7840825397110294
0.72,0.8987756032482374,-0.17877560324823738,0.17877560324823738
5.701538462,3.6062748485996097,2.0952636134003906,2.0952636134003906
0.2825,1.2217486095232353,-0.9392486095232353,0.9392486095232353
0.781,1.4759849258296933,-0.6949849258296933,0.6949849258296933
36.88928571,25.51319039170281,11.376095318297192,11.376095318297192
0.945,2.324420379945352,-1.3794203799453522,1.3794203799453522
0.861014493,1.6263954702233172,-0.7653809772233172,0.7653809772233172
4.095,1.4046325036955862,2.6903674963044137,2.6903674963044137
1.3975,1.3710443460514325,0.026455653948567415,0.026455653948567415
0.4775,1.2630329421140545,-0.7855329421140544,0.7855329421140544
0.6812,2.324420379945352,-1.643220379945352,1.643220379945352
0.566666667,1.009709899746442,-0.443043232746442,0.443043232746442
0.258571429,1.516798192631166,-1.258226763631166,1.258226763631166
0.9025,0.910273782754439,-0.007773782754439074,0.007773782754439074
12.60526316,12.658243557487546,-0.05298039748754668,0.05298039748754668
5.3975,1.5860059483890527,3.8114940516109472,3.8114940516109472
9.997272727,10.323868888861332,-0.3265961618613318,0.3265961618613318
0.225769231,1.2217486095232353,-0.9959793785232353,0.9959793785232353
1.69047619,2.045734847474518,-0.355258657474518,0.355258657474518
1.663488372,1.7090840434727999,-0.04559567147279986,0.04559567147279986
0.603333333,1.1357018214436587,-0.5323684884436587,0.5323684884436587
2.228421053,1.0116993420945573,1.2167217109054427,1.2167217109054427
4.74,9.149724576321743,-4.409724576321743,4.409724576321743
0.338571429,1.402477352541168,-1.063905923541168,1.063905923541168
1.629130435,5.838451651758451,-4.20932121675845,4.20932121675845
2.0,2.7189432035366976,-0.7189432035366976,0.7189432035366976
0.28,1.2217486095232353,-0.9417486095232352,0.9417486095232352
1.584736842,1.8930333429299375,-0.30829650092993743,0.30829650092993743
1.3275,1.0814448993298884,0.2460551006701115,0.2460551006701115
0.872881356,1.2611750675066813,-0.38829371150668124,0.38829371150668124
7.283125,10.823635562580291,-3.540510562580291,3.540510562580291
1.145,0.8795781955372798,0.26542180446272023,0.26542180446272023
0.5,0.5094105006956672,-0.009410500695667179,0.009410500695667179
3.6,0.9331391007364788,2.666860899263521,2.666860899263521
0.666666667,1.5860059483890527,-0.9193392813890527,0.9193392813890527
0.32,1.3870582621015097,-1.0670582621015097,1.0670582621015097
0.8,1.4385574452116667,-0.6385574452116667,0.6385574452116667
97.33137931,68.219438459916,29.111940850083997,29.111940850083997
12.08833333,8.004295263762044,4.084038066237955,4.084038066237955
5.142857143,2.005075907534945,3.1377812354650545,3.1377812354650545
0.168125,3.1362224521472277,-2.968097452147228,2.968097452147228
0.166666667,1.1395567620320717,-0.9728900950320717,0.9728900950320717
1.443333333,3.130483424257581,-1.687150091257581,1.687150091257581
1.2828,1.3106984633303262,-0.027898463330326306,0.027898463330326306
0.27,1.3477755264933666,-1.0777755264933666,1.0777755264933666
0.231071429,1.2630329421140545,-1.0319615131140545,1.0319615131140545
66.59133333,65.41928049968067,1.1720528303193305,1.1720528303193305
0.0,2.3720859011616238,-2.3720859011616238,2.3720859011616238
2.26047619,1.516798192631166,0.7436779973688339,0.7436779973688339
1.233846154,1.2662005658762452,-0.032354411876245104,0.032354411876245104
4.45,3.0152644757062794,1.4347355242937208,1.4347355242937208
0.577857143,1.8368699791636394,-1.2590128361636395,1.2590128361636395
1.842222222,3.88376575171912,-2.04154352971912,2.04154352971912
1.19,1.4365584678462473,-0.24655846784624735,0.24655846784624735
1.280555556,1.3870582621015097,-0.1065027061015098,0.1065027061015098
3.01,3.0668244708651113,-0.056824470865111554,0.056824470865111554
0.642727273,1.7349109299235956,-1.0921836569235956,1.0921836569235956
0.288928571,1.0199384053273828,-0.7310098343273828,0.7310098343273828
0.605,0.7512909522839047,-0.14629095228390476,0.14629095228390476
0.8,2.0495278638879553,-1.2495278638879552,1.2495278638879552
1.511764706,1.078656953479803,0.43310775252019695,0.43310775252019695
1.0145,2.210090566274307,-1.1955905662743072,1.1955905662743072
0.9,1.1805518730035527,-0.28055187300355267,0.28055187300355267
2.0,2.3019018012642047,-0.30190180126420474,0.30190180126420474
13.51289474,10.323868888861332,3.189025851138668,3.189025851138668
0.249333333,1.2217486095232353,-0.9724152765232352,0.9724152765232352
0.511764706,1.4484961249862658,-0.9367314189862658,0.9367314189862658
0.84,1.4046325036955862,-0.5646325036955863,0.5646325036955863
1.395882353,1.1263224746960747,0.26955987830392525,0.26955987830392525
1.51625,0.8987756032482374,0.6174743967517627,0.6174743967517627
0.75,1.0640852558265115,-0.3140852558265115,0.3140852558265115
0.688888889,1.3189143364842446,-0.6300254474842446,0.6300254474842446
1.698648649,1.5860059483890527,0.11264270061094717,0.11264270061094717
1.282307692,0.8987756032482374,0.3835320887517627,0.3835320887517627
0.871428571,1.6355061541337903,-0.7640775831337903,0.7640775831337903
0.829230769,1.4339244273329743,-0.6046936583329743,0.6046936583329743
0.790666667,1.4484961249862658,-0.6578294579862658,0.6578294579862658
0.563333333,1.0640852558265115,-0.5007519228265115,0.5007519228265115
9.490909091,3.8011729020624494,5.689736188937552,5.689736188937552
1.324117647,2.1427670796733413,-0.8186494326733413,0.8186494326733413
0.400344828,1.4339244273329743,-1.0335795993329744,1.0335795993329744
1.39,2.008896263680509,-0.6188962636805091,0.6188962636805091
0.0,10.11518857257966,-10.11518857257966,10.11518857257966
0.255714286,1.9927038916170532,-1.7369896056170533,1.7369896056170533
0.6,1.706635195008236,-1.106635195008236,1.106635195008236
18.97342857,12.15660516839112,6.816823401608879,6.816823401608879
2.9475,1.8405415161472152,1.1069584838527846,1.1069584838527846
52.1675,40.988211698665324,11.179288301334672,11.179288301334672
0.59,1.0001235495013596,-0.41012354950135965,0.41012354950135965
0.68125,1.4119379236485974,-0.7306879236485974,0.7306879236485974
2.552857143,2.151491171950098,0.401365971049902,0.401365971049902
0.5825,1.2217486095232353,-0.6392486095232353,0.6392486095232353
1.08,1.277604639767346,-0.19760463976734588,0.19760463976734588
8.51,5.773977765980021,2.7360222340199787,2.7360222340199787
0.736666667,0.9875144568165481,-0.2508477898165481,0.2508477898165481
12.98,10.851877257149757,2.128122742850243,2.128122742850243
0.230833333,1.2217486095232353,-0.9909152765232353,0.9909152765232353
0.592,1.9421958262534025,-1.3501958262534024,1.3501958262534024
0.902857143,1.6355061541337903,-0.7326490111337903,0.7326490111337903
0.423333333,1.4046325036955862,-0.9812991706955863,0.9812991706955863
24.73863636,17.359656658577546,7.378979701422455,7.378979701422455
1.272083333,1.22447226628838,0.047611066711620076,0.047611066711620076
1.008,1.7568974336079726,-0.7488974336079726,0.7488974336079726
9678.503667,7808.282835728618,1870.2208312713828,1870.2208312713828
1.104545455,1.1990712357889026,-0.09452578078890261,0.09452578078890261
1.535352113,2.3021993811502086,-0.7668472681502085,0.7668472681502085
0.427894737,1.3779295904397855,-0.9500348534397854,0.9500348534397854
3.506666667,0.5618318603333421,2.944834806666658,2.944834806666658
0.616666667,0.857421433176616,-0.24075476617661606,0.24075476617661606
28.7637931,21.34845669260297,7.415336407397032,7.415336407397032
2.785555556,1.9303026067821296,0.8552529492178702,0.8552529492178702
0.805454545,1.277604639767346,-0.47215009476734593,0.47215009476734593
0.733913043,1.2217486095232353,-0.48783556652323523,0.48783556652323523
0.4125,0.835895521966696,-0.42339552196669605,0.42339552196669605
5.58,1.690729024420083,3.889270975579917,3.889270975579917
0.567692308,2.182632789651481,-1.614940481651481,1.614940481651481
1.691764706,2.282879133011019,-0.5911144270110189,0.5911144270110189
0.55,1.4027489599937437,-0.8527489599937437,0.8527489599937437
1.149,2.085467062690472,-0.9364670626904719,0.9364670626904719
0.65,1.0471933652936771,-0.3971933652936771,0.3971933652936771
7.076666667,3.3998235691987984,3.676843097801201,3.676843097801201
1.98,1.961517517271179,0.018482482728821026,0.018482482728821026
0.242857143,0.8666567605912837,-0.6237996175912837,0.6237996175912837
1.32875,1.474139948875576,-0.14538994887557588,0.14538994887557588
0.429111111,1.2712488152679728,-0.8421377042679729,0.8421377042679729
0.443333333,1.591394002621009,-1.148060669621009,1.148060669621009
3.132222222,2.3385012010976225,0.7937210209023773,0.7937210209023773
3.673513514,6.107723745322942,-2.434210231322942,2.434210231322942
0.42,1.2378996336062582,-0.8178996336062583,0.8178996336062583
0.368421053,1.4531718436319718,-1.0847507906319718,1.0847507906319718
1.236363636,1.1588966782647216,0.07746695773527845,0.07746695773527845
0.565,1.3189143364842446,-0.7539143364842447,0.7539143364842447
1.267241379,1.1449408556855545,0.12230052331444541,0.12230052331444541
1.5905,1.7008992067515525,-0.11039920675155246,0.11039920675155246
2.081666667,5.86623281115296,-3.78456614415296,3.78456614415296
2.745813953,2.509392686316542,0.23642126668345798,0.23642126668345798
2.211428571,1.7825735524370498,0.42885501856295005,0.42885501856295005
1.401969697,1.5550379797427902,-0.15306828274279027,0.15306828274279027
0.683333333,1.4368473198938012,-0.7535139868938012,0.7535139868938012
3.579090909,1.9145755774715527,1.6645153315284473,1.6645153315284473
0.749090909,0.9722728841111111,-0.22318197511111115,0.22318197511111115
0.820833333,0.9502386385714475,-0.12940530557144747,0.12940530557144747
2.5792,1.4610858176450428,1.1181141823549574,1.1181141823549574
10.73090909,13.735343216248136,-3.0044341262481353,3.0044341262481353
1.106666667,1.2662005658762452,-0.15953389887624514,0.15953389887624514
0.755,1.1512599694227699,-0.39625996942276986,0.39625996942276986
0.6271875,1.3696905272069597,-0.7425030272069597,0.7425030272069597
0.65,1.4368473198938012,-0.7868473198938012,0.7868473198938012
34.51142857,26.067836357298102,8.443592212701898,8.443592212701898
0.951857143,1.5105860233897803,-0.5587288803897803,0.5587288803897803
0.72,0.913347300901529,-0.19334730090152907,0.19334730090152907
0.45,2.01481180576172,-1.56481180576172,1.56481180576172
0.584,1.792418022810629,-1.208418022810629,1.208418022810629
0.81,1.8746844401422635,-1.0646844401422635,1.0646844401422635
0.975483871,2.31954418860847,-1.3440603176084698,1.3440603176084698
1.141818182,1.4368473198938012,-0.29502913789380125,0.29502913789380125
0.510666667,1.2552879874850504,-0.7446213204850505,0.7446213204850505
5.763333333,3.7807932229519854,1.982540110048015,1.982540110048015
7.232666667,10.657244284958407,-3.4245776179584073,3.4245776179584073
0.535714286,0.9502386385714475,-0.4145243525714475,0.4145243525714475
0.725,1.0640852558265115,-0.3390852558265115,0.3390852558265115
0.63625,1.2552879874850504,-0.6190379874850505,0.6190379874850505
0.9175,1.0803632742862783,-0.16286327428627834,0.16286327428627834
0.2388,1.742771290353516,-1.5039712903535158,1.5039712903535158
0.53,1.5254901999208508,-0.9954901999208507,0.9954901999208507
1.606,1.3303883941054755,0.2756116058945246,0.2756116058945246
0.848125,1.1473551100180603,-0.2992301100180603,0.2992301100180603
0.123333333,0.8470594774773951,-0.723726144477395,0.723726144477395
0.439655172,0.8987756032482374,-0.45912043124823737,0.45912043124823737
6.005,1.1131495132722,4.8918504867278,4.8918504867278
2.943,1.600449829731467,1.342550170268533,1.342550170268533
12.0,8.627091875108205,3.3729081248917954,3.3729081248917954
0.75,1.8280080656471038,-1.0780080656471038,1.0780080656471038
0.774615385,1.8063976393527101,-1.0317822543527102,1.0317822543527102
0.598333333,1.6355061541337903,-1.0371728211337903,1.0371728211337903
1.1525,0.8987756032482374,0.2537243967517627,0.2537243967517627
1.8875,1.8063976393527101,0.08110236064728982,0.08110236064728982
0.516551724,2.27270425417451,-1.7561525301745098,1.7561525301745098
0.969090909,1.1588966782647216,-0.1898057692647217,0.1898057692647217
2.081,1.4139157063238146,0.6670842936761854,0.6670842936761854
0.6525,1.0012051745449697,-0.34870517454496974,0.34870517454496974
0.880555556,1.2552879874850504,-0.3747324314850504,0.3747324314850504
7.02,9.360057324746593,-2.340057324746594,2.340057324746594
0.375,1.4501428737574398,-1.0751428737574398,1.0751428737574398
0.414,2.1349672684352092,-1.7209672684352093,1.7209672684352093
11820.71,9584.9405345704,2235.769465429599,2235.769465429599
1.693783784,2.57783840921943,-0.8840546252194301,0.8840546252194301
2.911363636,1.4501428737574398,1.4612207622425601,1.4612207622425601
1.965294118,1.890049276453011,0.07524484154698907,0.07524484154698907
8.33,4.866622205759157,3.4633777942408432,3.4633777942408432
5.624285714,1.792418022810629,3.831867691189371,3.831867691189371
14.36222222,30.82261818344652,-16.46039596344652,16.46039596344652
0.9,3.820197490922452,-2.920197490922452,2.920197490922452
1.723478261,2.1541168124126107,-0.43063855141261076,0.43063855141261076
0.57125,1.2001528608325127,-0.6289028608325127,0.6289028608325127
1.444285714,1.9222284559277745,-0.4779427419277744,0.4779427419277744
1.0,2.2379434830981237,-1.2379434830981237,1.2379434830981237
0.588571429,0.8082159705328259,-0.21964454153282587,0.21964454153282587
0.3545,1.2217486095232353,-0.8672486095232352,0.8672486095232352
1.542727273,1.3106984633303262,0.23202880966967365,0.23202880966967365
0.255,1.2195326894971306,-0.9645326894971306,0.9645326894971306
69.57740741,64.1861200181379,5.391287391862107,5.391287391862107
0.338181818,0.7938248405084677,-0.45564302250846767,0.45564302250846767
0.2655,1.5160708793486002,-1.2505708793486001,1.2505708793486001
1.549230769,0.8348138969230859,0.7144168720769141,0.7144168720769141
0.931944444,0.8987756032482374,0.03316884075176263,0.03316884075176263
3.108695652,2.2197932395949986,0.8889024124050016,0.8889024124050016
0.058571429,1.2712488152679728,-1.212677386267973,1.212677386267973
0.75,0.8987756032482374,-0.14877560324823735,0.14877560324823735
0.415,0.5538624570486766,-0.13886245704867667,0.13886245704867667
0.498571429,0.8987756032482374,-0.40020417424823734,0.40020417424823734
2.67,1.890049276453011,0.7799507235469889,0.7799507235469889
0.568,0.8987756032482374,-0.3307756032482374,0.3307756032482374
77.41266667,60.5719683907552,16.84069827924479,16.84069827924479
1.152857143,1.2630329421140545,-0.1101757991140544,0.1101757991140544
3.159090909,1.5662665974096175,1.5928243115903826,1.5928243115903826
2.167857143,1.865915303673503,0.301941839326497,0.301941839326497
4.458333333,10.461824266662957,-6.003490933662957,6.003490933662957
2.057391304,3.1595287487674453,-1.1021374447674455,1.1021374447674455
0.38,1.5818830932320587,-1.2018830932320586,1.2018830932320586
43.005,40.13511636625178,2.8698836337482234,2.8698836337482234
0.595,0.8987756032482374,-0.3037756032482374,0.3037756032482374
0.428571429,0.7522035234851848,-0.3236320944851848,0.3236320944851848
2.668333333,1.1481824473256472,1.5201508856743529,1.5201508856743529
9.771428571,3.18925655482529,6.5821720161747095,6.5821720161747095
0.5884,3.130483424257581,-2.542083424257581,2.542083424257581
17.94875,20.726620318166255,-2.7778703181662543,2.7778703181662543
1.189583333,1.6254324063724988,-0.4358490733724987,0.4358490733724987
0.369615385,1.5860059483890527,-1.2163905633890528,1.2163905633890528
0.643333333,1.4438575960309459,-0.8005242630309459,0.8005242630309459
1.468333333,1.7816520004436363,-0.31331866744363635,0.31331866744363635
0.509090909,1.5696012773453212,-1.0605103683453212,1.0605103683453212
3.26,1.7546907307452349,1.505309269254765,1.505309269254765
0.307777778,1.7051813078371303,-1.3974035298371303,1.3974035298371303
0.326153846,0.8987756032482374,-0.5726217572482373,0.5726217572482373
1.39,2.784968626278008,-1.3949686262780079,1.3949686262780079
98.0,94.93756260147786,3.0624373985221354,3.0624373985221354
0.8998,2.084276843843498,-1.1844768438434983,1.1844768438434983
2.251666667,1.400682734851093,0.8509839321489068,0.8509839321489068
0.7625,1.3104874630915462,-0.5479874630915462,0.5479874630915462
0.0,1.2662005658762452,-1.2662005658762452,1.2662005658762452
1.159375,1.2378996336062582,-0.07852463360625817,0.07852463360625817
0.44037037,0.6895644491365417,-0.24919407913654168,0.24919407913654168
1.83,1.4339244273329743,0.39607557266702575,0.39607557266702575
4.245,2.176829889985528,2.068170110014472,2.068170110014472
0.54,3.836003981557075,-3.296003981557075,3.296003981557075
0.796666667,1.0725899810279838,-0.27592331402798376,0.27592331402798376
0.664444444,1.3477755264933666,-0.6833310824933666,0.6833310824933666
0.24125,0.857421433176616,-0.616171433176616,0.616171433176616
0.432608696,1.516798192631166,-1.084189496631166,1.084189496631166
0.643333333,0.6387793689926532,0.004553964007346756,0.004553964007346756
20.26272727,10.624927810511972,9.637799459488027,9.637799459488027
61.47185185,24.03943035955354,37.43242149044646,37.43242149044646
0.595769231,2.3664103538399353,-1.7706411228399352,1.7706411228399352
0.868,1.101133418078353,-0.23313341807835297,0.23313341807835297
0.66483871,1.5517142544518006,-0.8868755444518005,0.8868755444518005
0.992,1.3573536283230108,-0.36535362832301077,0.36535362832301077
0.278571429,1.1460872618908575,-0.8675158328908575,0.8675158328908575
0.185454545,1.2712488152679728,-1.0857942702679728,1.0857942702679728
0.39625,1.2630329421140545,-0.8667829421140545,0.8667829421140545
24.84571429,17.233948815088834,7.6117654749111665,7.6117654749111665
0.656666667,1.6584538922420222,-1.0017872252420221,1.0017872252420221
11.22666667,1.9336911010519313,9.29297556894807,9.29297556894807
1.388666667,1.4733508853164203,-0.08468421831642026,0.08468421831642026
7.861538462,9.86221734563947,-2.0006788836394698,2.0006788836394698
0.6,0.943227559601247,-0.34322755960124707,0.34322755960124707
0.9452,1.7963238915914186,-0.8511238915914185,0.8511238915914185
3.0109375,1.7963238915914186,1.2146136084085812,1.2146136084085812
13.44588235,10.46369262100081,2.98218972899919,2.98218972899919
2.131,1.8799755286917195,0.2510244713082803,0.2510244713082803
6.026666667,1.6535314869996907,4.373135180000309,4.373135180000309
1.991707317,1.3448267046069824,0.6468806123930175,0.6468806123930175
0.684,2.085467062690472,-1.4014670626904717,1.4014670626904717
2.135,1.3720494903056593,0.7629505096943405,0.7629505096943405
0.3,0.8604971064211115,-0.5604971064211115,0.5604971064211115
5.096071429,3.086031467904571,2.0100399610954294,2.0100399610954294
9.942727273,10.156145027404605,-0.21341775440460609,0.21341775440460609
0.913333333,1.2712488152679728,-0.3579154822679729,0.3579154822679729
1.016153846,1.0725899810279838,-0.056436135027983836,0.056436135027983836
0.64,1.4365584678462473,-0.7965584678462473,0.7965584678462473
3.160714286,4.868644808531802,-1.707930522531802,1.707930522531802
1.116666667,1.3710443460514325,-0.2543776790514325,0.2543776790514325
9.558571429,10.286032914401298,-0.7274614854012977,0.7274614854012977
9.675652174,6.3011484386920955,3.374503735307904,3.374503735307904
1.7075,1.2611750675066813,0.4463249324933187,0.4463249324933187
6.998,4.528128956638413,2.4698710433615876,2.4698710433615876
0.55,1.2712488152679728,-0.7212488152679728,0.7212488152679728
0.836153846,1.2630329421140545,-0.4268790961140545,0.4268790961140545
0.733076923,1.607738805112721,-0.874661882112721,0.874661882112721
1.182666667,0.918465534023387,0.26420113297661285,0.26420113297661285
81.17,100.74815598719263,-19.57815598719263,19.57815598719263
1.594166667,1.6355061541337903,-0.04133948713379021,0.04133948713379021
0.691428571,1.3696905272069597,-0.6782619562069597,0.6782619562069597
3.9855,1.935317962157322,2.050182037842678,2.050182037842678
6.894,10.657244284958407,-3.7632442849584073,3.7632442849584073
1.089285714,1.6336714696053245,-0.5443857556053244,0.5443857556053244
5.504347826,1.7910413104024776,3.7133065155975222,3.7133065155975222
4.384347826,9.434481058746377,-5.050133232746377,5.050133232746377
1.398,1.395080920388405,0.002919079611594988,0.002919079611594988
0.113,0.8987756032482374,-0.7857756032482374,0.7857756032482374
1.04,1.2662005658762452,-0.22620056587624515,0.22620056587624515
57.03888889,46.83422483716218,10.20466405283782,10.20466405283782
0.39125,1.1357018214436587,-0.7444518214436587,0.7444518214436587
1.043333333,1.0640852558265115,-0.020751922826511393,0.020751922826511393
0.625,1.8453678217136658,-1.2203678217136658,1.2203678217136658
1.6,1.4531718436319718,0.14682815636802826,0.14682815636802826
0.4,0.5859812997056305,-0.1859812997056305,0.1859812997056305
0.66,0.8987756032482374,-0.23877560324823732,0.23877560324823732
2.884642857,2.3410608341511394,0.5435820228488604,0.5435820228488604
1.18,1.6073837214050122,-0.42738372140501224,0.42738372140501224
3.395925926,5.212750540720169,-1.816824614720169,1.816824614720169
1.654888889,1.2611750675066813,0.3937138214933187,0.3937138214933187
2.08,1.3984611992671083,0.6815388007328917,0.6815388007328917
0.232857143,1.4365584678462473,-1.2037013248462474,1.2037013248462474
1.196666667,1.3503932065040574,-0.15372653950405746,0.15372653950405746
0.353,1.4501428737574398,-1.0971428737574398,1.0971428737574398
0.511904762,0.7522035234851848,-0.2402987614851848,0.2402987614851848
0.732537313,1.5860059483890527,-0.8534686353890527,0.8534686353890527
0.306428571,2.324420379945352,-2.017991808945352,2.017991808945352
0.93,0.6387793689926532,0.29122063100734685,0.29122063100734685
0.282777778,1.2712488152679728,-0.9884710372679728,0.9884710372679728
2.105,1.2001528608325127,0.9048471391674873,0.9048471391674873
23.321,14.63826072535971,8.68273927464029,8.68273927464029
0.339565217,2.9999456654823047,-2.6603804484823046,2.6603804484823046
4.5035,1.7582221547644958,2.745277845235504,2.745277845235504
0.4,7.249876037650422,-6.8498760376504215,6.8498760376504215
0.461153846,1.3106984633303262,-0.8495446173303263,0.8495446173303263
1.615,1.9227216131446685,-0.3077216131446685,0.3077216131446685
1.904166667,1.5718798051345961,0.3322868618654038,0.3322868618654038
0.7,0.7153501680026165,-0.015350168002616571,0.015350168002616571
0.32375,1.2712488152679728,-0.9474988152679729,0.9474988152679729
16.14615385,10.213799346376828,5.9323545036231735,5.9323545036231735
0.938888889,1.5860059483890527,-0.6471170593890527,0.6471170593890527
1.116666667,1.5465915215852315,-0.42992485458523144,0.42992485458523144
6.345,1.3694158747572445,4.975584125242755,4.975584125242755
0.61,2.3232131143834254,-1.7132131143834255,1.7132131143834255
4.0,10.166036188595442,-6.166036188595442,6.166036188595442
1.0175,0.835895521966696,0.18160447803330404,0.18160447803330404
0.388888889,0.9868445817644027,-0.5979556927644027,0.5979556927644027
1.358,4.346227015732902,-2.988227015732902,2.988227015732902
0.62,0.8987756032482374,-0.27877560324823736,0.27877560324823736
1.06875,1.4546959831517334,-0.38594598315173334,0.38594598315173334
0.875,1.4678241912145937,-0.5928241912145937,0.5928241912145937
12.83875,14.509148690608223,-1.6703986906082235,1.6703986906082235
1.7395,1.5028157046346968,0.23668429536530322,0.23668429536530322
1.52952381,1.2217486095232353,0.30777520047676465,0.30777520047676465
1.16,1.516798192631166,-0.3567981926311661,0.3567981926311661
0.82,1.1451778105132717,-0.32517781051327177,0.32517781051327177
0.397,0.8526679268858351,-0.45566792688583513,0.45566792688583513
1.303636364,1.2630329421140545,0.04060342188594546,0.04060342188594546
0.419230769,1.4531718436319718,-1.0339410746319717,1.0339410746319717
1.185714286,1.792418022810629,-0.606703736810629,0.606703736810629
0.676428571,1.3447460961308466,-0.6683175251308466,0.6683175251308466
1.55,1.2381293496355237,0.31187065036447637,0.31187065036447637
0.75,2.3037352170589838,-1.5537352170589838,1.5537352170589838
2.15,1.407553475078266,0.742446524921734,0.742446524921734
2.097777778,1.354900452368274,0.7428773256317263,0.7428773256317263
0.8375,1.0012051745449697,-0.1637051745449697,0.1637051745449697
0.801875,1.318139358391177,-0.5162643583911769,0.5162643583911769
0.465666667,2.3665207151921575,-1.9008540481921574,1.9008540481921574
1.75037037,1.3861110371978014,0.3642593328021986,0.3642593328021986
1.516842105,1.3699627210078225,0.1468793839921776,0.1468793839921776
0.733333333,1.277604639767346,-0.5442713067673459,0.5442713067673459
6.267142857,9.73527041914238,-3.4681275621423797,3.4681275621423797
1.491538462,1.2630329421140545,0.22850551988594558,0.22850551988594558
1.44,6.979125544529403,-5.539125544529403,5.539125544529403
76.54074074,61.70934136482305,14.831399375176957,14.831399375176957
2.049090909,1.275642138928003,0.7734487700719967,0.7734487700719967
0.068888889,1.9970167367323075,-1.9281278477323076,1.9281278477323076
92.69038462,69.22491326336187,23.465471356638133,23.465471356638133
16.27210526,24.171372740667195,-7.899267480667195,7.899267480667195
0.94125,1.722628346437335,-0.7813783464373351,0.7813783464373351
2.57,2.526342828048745,0.043657171951254625,0.043657171951254625
17.11714286,32.76904000067016,-15.651897140670158,15.651897140670158
0.623958333,2.1542345360301947,-1.5302762030301946,1.5302762030301946
1.757777778,1.9145755774715527,-0.1567977994715528,0.1567977994715528
0.740909091,0.9722728841111111,-0.2313637931111111,0.2313637931111111
0.540689655,1.6314555495792198,-1.0907658945792198,1.0907658945792198
0.973571429,2.948090064401968,-1.9745186354019677,1.9745186354019677
0.042857143,1.2712488152679728,-1.2283916722679729,1.2283916722679729
2.676153846,1.8405490707082737,0.8356047752917264,0.8356047752917264
0.775,1.021991043083913,-0.24699104308391295,0.24699104308391295
3.205555556,1.854063160568982,1.3514923954310183,1.3514923954310183
0.648571429,0.8599320963036682,-0.2113606673036682,0.2113606673036682
0.717307692,1.6254324063724988,-0.9081247143724988,0.9081247143724988
1.28125,0.8987756032482374,0.38247439675176265,0.38247439675176265
5.326296296,3.251341120482846,2.074955175517154,2.074955175517154
1.725555556,1.888207037363487,-0.16265148136348695,0.16265148136348695
16.44,10.213799346376828,6.226200653623174,6.226200653623174
1.543076923,1.3252701609836177,0.21780676201638238,0.21780676201638238
0.528333333,1.2217486095232353,-0.6934152765232353,0.6934152765232353
0.847777778,1.5860059483890527,-0.7382281703890528,0.7382281703890528
1.3,8.09211693489203,-6.79211693489203,6.79211693489203
3.423333333,1.0559245212114121,2.3674088117885876,2.3674088117885876
1.294705882,1.607738805112721,-0.31303292311272113,0.31303292311272113
0.833333333,2.0534270373780745,-1.2200937043780744,1.2200937043780744
0.270909091,1.2712488152679728,-1.0003397242679728,1.0003397242679728
1.3875,1.4402273936212024,-0.05272739362120249,0.05272739362120249
1.295714286,3.958836255759171,-2.663121969759171,2.663121969759171
8.184444444,2.1349672684352092,6.049477175564791,6.049477175564791
7.258148148,11.629670592344556,-4.371522444344556,4.371522444344556
0.3575,1.99623464172978,-1.6387346417297801,1.6387346417297801
1.603157895,1.4469596743905861,0.1561982206094139,0.1561982206094139
1.121111111,1.277604639767346,-0.1564935287673459,0.1564935287673459
1.589090909,1.4961616462025376,0.0929292627974625,0.0929292627974625
0.966,1.4339244273329743,-0.46792442733297435,0.46792442733297435
0.419565217,1.3302640692235137,-0.9106988522235138,0.9106988522235138
0.287777778,3.1208033617075697,-2.8330255837075695,2.8330255837075695
0.917166667,1.269414130739507,-0.352247463739507,0.352247463739507
1.5,1.5067244448698744,-0.006724444869874446,0.006724444869874446
6.776666667,4.219727648016708,2.556939018983292,2.556939018983292
3.293636364,1.6355061541337903,1.6581302098662098,1.6581302098662098
22.995,11.817182028094399,11.177817971905602,11.177817971905602
0.607894737,0.8987756032482374,-0.2908808662482374,0.2908808662482374
1.037894737,1.4672979868864284,-0.4294032498864284,0.4294032498864284
0.57,0.8572381802097863,-0.2872381802097863,0.2872381802097863
8.331,10.598834305072756,-2.267834305072757,2.267834305072757
7.9475,3.802477934084101,4.145022065915899,4.145022065915899
0.27,1.0505100233593314,-0.7805100233593314,0.7805100233593314
16.65909091,27.901952559821165,-11.242861649821165,11.242861649821165
0.83,1.5860059483890527,-0.7560059483890528,0.7560059483890528
0.902592593,1.0538217880023586,-0.15122919500235854,0.15122919500235854
0.274666667,1.3529771467964304,-1.0783104797964305,1.0783104797964305
0.405714286,1.4339244273329743,-1.0282101413329743,1.0282101413329743
1.47875,1.7670803027903448,-0.2883303027903448,0.2883303027903448
1.101818182,1.2630329421140545,-0.16121476011405456,0.16121476011405456
0.45,1.6073837214050122,-1.1573837214050122,1.1573837214050122
49.621,52.478463199929685,-2.8574631999296827,2.8574631999296827
3.852,1.8312615297551984,2.0207384702448015,2.0207384702448015
1.09,1.402477352541168,-0.31247735254116793,0.31247735254116793
1.123333333,1.4339244273329743,-0.3105910943329744,0.3105910943329744
18.0,11.408564189087775,6.591435810912225,6.591435810912225
0.97375,1.4672979868864284,-0.4935479868864284,0.4935479868864284
2.475,1.0012051745449697,1.4737948254550304,1.4737948254550304
2.483571429,1.4536143581081233,1.0299570708918766,1.0299570708918766
1.98,1.576960687989727,0.4030393120102729,0.4030393120102729
2.06,0.9824272403485386,1.0775727596514615,1.0775727596514615
0.933571429,2.5904636310464673,-1.6568922020464671,1.6568922020464671
0.332272727,1.4531718436319718,-1.1208991166319717,1.1208991166319717
2.085142857,1.269414130739507,0.8157287262604931,0.8157287262604931
8.821764706,8.529346480076546,0.2924182259234538,0.2924182259234538
60.966,50.32720401014528,10.63879598985472,10.63879598985472
5.198888889,10.72120599128356,-5.5223171022835595,5.5223171022835595
1.038888889,2.005075907534945,-0.966187018534945,0.966187018534945
0.583333333,0.8987756032482374,-0.31544227024823734,0.31544227024823734
1.02625,1.478732557488706,-0.4524825574887059,0.4524825574887059
50.7125,39.81742724264119,10.895072757358811,10.895072757358811
1.416666667,1.7090840434727999,-0.29241737647279975,0.29241737647279975
14.50666667,5.305079726876686,9.201586943123313,9.201586943123313
0.296,1.6254324063724988,-1.3294324063724987,1.3294324063724987
2.125,9.718912040389242,-7.593912040389242,7.593912040389242
0.4965,1.4531718436319718,-0.9566718436319719,0.9566718436319719
2.88,3.0668244708651113,-0.18682447086511145,0.18682447086511145
1.0455,1.2634784965128893,-0.21797849651288925,0.21797849651288925
0.848181818,1.2065621994809934,-0.3583803814809934,0.3583803814809934
1.423333333,1.5094351493790892,-0.0861018163790892,0.0861018163790892
0.194,1.4672979868864284,-1.2732979868864285,1.2732979868864285
7.978571429,1.6355061541337903,6.343065274866209,6.343065274866209
1.483636364,1.3252701609836177,0.15836620301638238,0.15836620301638238
2.928333333,1.7702938676536069,1.158039465346393,1.158039465346393
1.386153846,1.7670803027903448,-0.38092645679034476,0.38092645679034476
0.608076923,1.3447460961308466,-0.7366691731308466,0.7366691731308466
1.23375,0.9608995453658088,0.2728504546341911,0.2728504546341911
37.39125,41.2776194270143,-3.8863694270143014,3.8863694270143014
0.6275,1.3710443460514325,-0.7435443460514326,0.7435443460514326
6.2215,2.26894736755481,3.95255263244519,3.95255263244519
0.435,1.4365584678462473,-1.0015584678462472,1.0015584678462472
0.8096,1.742771290353516,-0.933171290353516,0.933171290353516
0.89,1.0994085405177974,-0.20940854051779734,0.20940854051779734
50.18152174,55.08766323701678,-4.906141497016776,4.906141497016776
0.706666667,0.7966554798381945,-0.08998881283819449,0.08998881283819449
0.252,1.484223989062519,-1.232223989062519,1.232223989062519
2.0675,0.8987756032482374,1.1687243967517627,1.1687243967517627
0.401111111,0.7938248405084677,-0.39271372950846767,0.39271372950846767
0.594117647,1.2630329421140545,-0.6689152951140545,0.6689152951140545
2.125,3.269184110235706,-1.144184110235706,1.144184110235706
1.044347826,1.269414130739507,-0.22506630473950695,0.22506630473950695
1.6,1.0402714642972015,0.5597285357027986,0.5597285357027986
2.58,2.3661301047580396,0.21386989524196043,0.21386989524196043
3.223333333,1.5175760644332752,1.7057572685667246,1.7057572685667246
0.27625,1.9933579055655117,-1.7171079055655118,1.7171079055655118
1.4536,2.1876345614261083,-0.7340345614261083,0.7340345614261083
9.29,3.9612770814054223,5.328722918594577,5.328722918594577
0.2725,1.4013418389079055,-1.1288418389079056,1.1288418389079056
1.3276,1.0612892185852534,0.2663107814147465,0.2663107814147465
2.991666667,2.1331325839067437,0.8585340830932564,0.8585340830932564
0.856,1.0012051745449697,-0.14520517454496973,0.14520517454496973
5.578518519,6.497011531442388,-0.9184930124423882,0.9184930124423882
5.0,12.739830575595896,-7.739830575595896,7.739830575595896
0.86,0.8987756032482374,-0.03877560324823737,0.03877560324823737
0.793333333,0.913347300901529,-0.12001396790152907,0.12001396790152907
1.39,2.968422277230427,-1.578422277230427,1.578422277230427
3.02,1.2278307684327334,1.7921692315672666,1.7921692315672666
10.12181818,3.305624904740656,6.816193275259344,6.816193275259344
0.167727273,1.5860059483890527,-1.4182786753890526,1.4182786753890526
2.070909091,1.402477352541168,0.6684317384588319,0.6684317384588319
0.5,1.4299000659582073,-0.9299000659582073,0.9299000659582073
0.6575,3.2182036890475363,-2.5607036890475365,2.5607036890475365
0.475555556,1.143510481720993,-0.6679549257209929,0.6679549257209929
3.595,1.5677870051194425,2.027212994880558,2.027212994880558
2.428181818,2.085467062690472,0.3427147553095282,0.3427147553095282
1.896285714,1.3189143364842446,0.5773713775157554,0.5773713775157554
2.121851852,2.324420379945352,-0.20256852794535218,0.20256852794535218
0.977222222,1.5644637138474378,-0.5872414918474378,0.5872414918474378
0.94,1.3377154899087114,-0.3977154899087114,0.3977154899087114
2.34,1.2279766177117313,1.1120233822882686,1.1120233822882686
5.5184,15.336061914095723,-9.817661914095723,9.817661914095723
3.541538462,2.151591075969819,1.389947386030181,1.389947386030181
1.940555556,1.2575510119692699,0.6830045440307302,0.6830045440307302
3.331666667,1.8748433622555978,1.4568233047444021,1.4568233047444021
0.1,1.7085547614077268,-1.6085547614077267,1.6085547614077267
10.27166667,10.89749431970415,-0.6258276497041493,0.6258276497041493
0.472857143,1.2098854907529981,-0.7370283477529982,0.7370283477529982
0.840967742,1.4733508853164203,-0.6323831433164203,0.6323831433164203
1.08,1.6355061541337903,-0.5555061541337902,0.5555061541337902
12.255,4.49398507984391,7.761014920156091,7.761014920156091
0.62,0.8987756032482374,-0.27877560324823736,0.27877560324823736
0.81125,0.9089543059806285,-0.09770430598062851,0.09770430598062851
0.805882353,1.4925983016154178,-0.6867159486154178,0.6867159486154178
1.61,0.835895521966696,0.7741044780333041,0.7741044780333041
2.37037037,7.872017495072376,-5.501647125072376,5.501647125072376
22.094,14.63826072535971,7.45573927464029,7.45573927464029
1.36,2.289659608868966,-0.9296596088689657,0.9296596088689657
0.83,1.2378996336062582,-0.40789963360625825,0.40789963360625825
0.8775,1.0640852558265115,-0.18658525582651153,0.18658525582651153
1.057826087,2.1979974977506207,-1.1401714107506207,1.1401714107506207
0.737916667,1.4610858176450428,-0.7231691506450427,0.7231691506450427
0.93,1.8253431565108602,-0.8953431565108602,0.8953431565108602
1.546774194,5.680052022364947,-4.133277828364947,4.133277828364947
0.709285714,2.285717762540576,-1.576432048540576,1.576432048540576
0.68,3.0105389509646234,-2.3305389509646233,2.3305389509646233
73.26,64.12710476418235,9.132895235817656,9.132895235817656
0.5485,0.8992211576470722,-0.35072115764707223,0.35072115764707223
2.555,1.3658048796074487,1.1891951203925515,1.1891951203925515
1.0,1.9828648547333774,-0.9828648547333774,0.9828648547333774
7.626818182,10.475950409917413,-2.849132227917413,2.849132227917413
0.642222222,1.7683814484736566,-1.1261592264736566,1.1261592264736566
2.105,1.1990712357889026,0.9059287642110974,0.9059287642110974
1.288333333,1.4339244273329743,-0.14559109433297435,0.14559109433297435
1.465555556,1.6758956759680548,-0.2103401199680548,0.2103401199680548
0.696666667,1.3573536283230108,-0.6606869613230107,0.6606869613230107
1.265333333,1.4368473198938012,-0.17151398689380115,0.17151398689380115
14.71425532,11.044178997558562,3.670076322441437,3.670076322441437
1.055,1.8405415161472152,-0.7855415161472152,0.7855415161472152
0.34,1.591394002621009,-1.2513940026210089,1.2513940026210089
0.61,1.792418022810629,-1.1824180228106291,1.1824180228106291
1.23,1.1896297668662816,0.04037023313371835,0.04037023313371835
1.9025,0.835895521966696,1.066604478033304,1.066604478033304
1.584651163,2.203734741774932,-0.619083578774932,0.619083578774932
0.6,1.8681043115916618,-1.268104311591662,1.268104311591662
0.4475,0.8987756032482374,-0.45127560324823734,0.45127560324823734
0.992,0.7512909522839047,0.24070904771609525,0.24070904771609525
0.462380952,0.7522035234851848,-0.2898225714851848,0.2898225714851848
0.465,1.2010338407573824,-0.7360338407573823,0.7360338407573823
1.13,0.34874107041124375,0.7812589295887562,0.7812589295887562
1.603636364,2.5075580017880763,-0.9039216377880763,0.9039216377880763
1.21,1.395080920388405,-0.18508092038840496,0.18508092038840496
0.279111111,1.2195326894971306,-0.9404215784971306,0.9404215784971306
1.868461538,2.136919474296807,-0.2684579362968069,0.2684579362968069
3.976666667,0.7181516478989703,3.2585150191010297,3.2585150191010297
8.962,3.0750809481254566,5.886919051874543,5.886919051874543
0.869393939,1.3924116173471184,-0.5230176783471184,0.5230176783471184
10.15,3.9128110762289845,6.237188923771016,6.237188923771016
0.998970588,1.3870582621015097,-0.3880876741015097,0.3880876741015097
11.71181818,5.426106889885737,6.285711290114262,6.285711290114262
0.668095238,1.5465915215852315,-0.8784962835852315,0.8784962835852315
1.126,0.7512909522839047,0.37470904771609514,0.37470904771609514
1.0825,1.7568974336079726,-0.6743974336079726,0.6743974336079726
10.345,5.399400413085643,4.945599586914358,4.945599586914358
0.828947368,5.357063177142838,-4.528115809142839,4.528115809142839
0.633333333,1.2712488152679728,-0.6379154822679728,0.6379154822679728
63.5,60.21406687638877,3.2859331236112297,3.2859331236112297
0.985,1.2001528608325127,-0.21515286083251273,0.21515286083251273
0.950769231,1.4339244273329743,-0.4831551963329743,0.4831551963329743
4.63,10.277002723629868,-5.6470027236298685,5.6470027236298685
44.66484848,51.19660710886165,-6.531758628861645,6.531758628861645
1.28,1.6658116357811117,-0.38581163578111166,0.38581163578111166
0.849166667,1.4365584678462473,-0.5873918008462473,0.5873918008462473
2.892,1.3407743091138171,1.5512256908861828,1.5512256908861828
0.91,3.0152644757062794,-2.1052644757062793,2.1052644757062793
1.405333333,1.2819747733484688,0.1233585596515312,0.1233585596515312
21.92,20.53494147739568,1.3850585226043215,1.3850585226043215
0.5925,1.2712488152679728,-0.6787488152679728,0.6787488152679728
2.0,1.8280080656471038,0.17199193435289617,0.17199193435289617
5.22,9.833172021129606,-4.613172021129606,4.613172021129606
24.20928571,18.035207988187935,6.174077721812065,6.174077721812065
0.605333333,1.2217486095232353,-0.6164152765232352,0.6164152765232352
0.454444444,0.9502386385714475,-0.4957941945714475,0.4957941945714475
1.6225,1.1650965364301895,0.45740346356981054,0.45740346356981054
2.075416667,2.228047686740994,-0.15263101974099413,0.15263101974099413
0.4,1.2476406611017121,-0.8476406611017121,0.8476406611017121
37.40956522,48.91128971681122,-11.50172449681122,11.50172449681122
0.894915254,1.2712488152679728,-0.3763335612679728,0.3763335612679728
0.806363636,1.2630329421140545,-0.45666930611405443,0.45666930611405443
0.333333333,1.2630329421140545,-0.9296996091140545,0.9296996091140545
0.306666667,1.9619327956213974,-1.6552661286213974,1.6552661286213974
12.88444444,20.477144592754122,-7.592700152754123,7.592700152754123
0.492592593,1.3111440177291611,-0.8185514247291611,0.8185514247291611
0.5,2.4234282147339434,-1.9234282147339434,1.9234282147339434
0.522222222,2.1542345360301947,-1.6320123140301948,1.6320123140301948
1.312222222,1.137664774082081,0.17455744791791883,0.17455744791791883
6.346666667,8.879023405633642,-2.5323567386336423,2.5323567386336423
1.185714286,0.8987756032482374,0.2869386827517627,0.2869386827517627
1.78,1.6896265366199597,0.09037346338004038,0.09037346338004038
0.799411765,1.4327967153392307,-0.6333849503392307,0.6333849503392307
81.79941176,66.58970683291778,15.209704927082214,15.209704927082214
0.877142857,0.913347300901529,-0.03620444390152899,0.03620444390152899
5.20375,10.72120599128356,-5.517455991283559,5.517455991283559
0.519130435,0.6895644491365417,-0.1704340141365417,0.1704340141365417
5.21,1.722628346437335,3.487371653562665,3.487371653562665
1.076,1.224189435169485,-0.14818943516948502,0.14818943516948502
2.738333333,1.8063976393527101,0.9319356936472898,0.9319356936472898
9.303333333,10.44790565387687,-1.14457232087687,1.14457232087687
22.6352,17.599184743016483,5.036015256983518,5.036015256983518
0.335555556,1.277604639767346,-0.942049083767346,0.942049083767346
0.587777778,1.8312615297551984,-1.2434837517551984,1.2434837517551984
0.718,1.5608041742049472,-0.8428041742049472,0.8428041742049472
0.277,1.0218627606018074,-0.7448627606018073,0.7448627606018073
0.5196,1.2217486095232353,-0.7021486095232353,0.7021486095232353
10.39166667,9.840183100099809,0.5514835699001903,0.5514835699001903
0.973333333,0.8348138969230859,0.13851943607691408,0.13851943607691408
0.6740625,1.5860059483890527,-0.9119434483890527,0.9119434483890527
1.31625,1.3710443460514325,-0.05479434605143263,0.05479434605143263
11.0822449,11.209488650136835,-0.1272437501368362,0.1272437501368362
1.848076923,1.4339244273329743,0.4141524956670257,0.4141524956670257
0.615,0.835895521966696,-0.22089552196669604,0.22089552196669604
2.0755,1.2670189797602314,0.8084810202397685,0.8084810202397685
9.938,5.7041140498193,4.2338859501807,4.2338859501807
0.828,5.0566318348444055,-4.228631834844405,4.228631834844405
0.910212766,1.3924116173471184,-0.4821988513471184,0.4821988513471184
1.966363636,1.3529771467964304,0.6133864892035696,0.6133864892035696
0.068571429,1.788825390376373,-1.720253961376373,1.720253961376373
1.690909091,1.8453678217136658,-0.15445873071366578,0.15445873071366578
0.325217391,1.3157007716209828,-0.9904833806209827,0.9904833806209827
0.635,1.0226230126308622,-0.3876230126308622,0.3876230126308622
3.600769231,2.3861667223138943,1.2146025086861059,1.2146025086861059
0.502,1.402477352541168,-0.900477352541168,0.900477352541168
0.912777778,1.8253431565108602,-0.9125653785108602,0.9125653785108602
0.733125,1.3302640692235137,-0.5971390692235137,0.5971390692235137
8.4792,9.76878487705004,-1.2895848770500393,1.2895848770500393
1.402,1.6586666401121832,-0.2566666401121833,0.2566666401121833
5.765714286,3.5970197425396044,2.1686945434603953,2.1686945434603953
11.33333333,16.55365462876636,-5.220321298766359,5.220321298766359
0.82625,1.395080920388405,-0.5688309203884049,0.5688309203884049
2.008461538,1.8473200275752635,0.16114151042473668,0.16114151042473668
2.868333333,1.960994310959438,0.9073390220405617,0.9073390220405617
3.897777778,3.2182036890475363,0.6795740889524637,0.6795740889524637
0.573333333,1.6925090517537793,-1.1191757187537794,1.1191757187537794
0.8575,1.3710443460514325,-0.5135443460514325,0.5135443460514325
0.619375,1.2378996336062582,-0.6185246336062582,0.6185246336062582
0.733333333,1.4339244273329743,-0.7005910943329743,0.7005910943329743
0.543695652,1.484223989062519,-0.940528337062519,0.940528337062519
8486.539565,6461.3878157128,2025.151749287199,2025.151749287199
0.85,2.385657770138932,-1.5356577701389318,1.5356577701389318
0.577931034,3.1287238204950754,-2.5507927864950752,2.5507927864950752
1.027058824,2.3664103538399353,-1.3393515298399352,1.3393515298399352
14.90944444,10.323868888861332,4.5855755511386675,4.5855755511386675
0.57,2.5379495276186335,-1.9679495276186336,1.9679495276186336
1.440625,1.2630329421140545,0.17759205788594556,0.17759205788594556
5.834375,5.65656626948196,0.17780873051803958,0.17780873051803958
2.443157895,1.4587641080215017,0.9843937869784984,0.9843937869784984
0.6475,0.8987756032482374,-0.2512756032482374,0.2512756032482374
15.335,9.86221734563947,5.472782654360531,5.472782654360531
0.485,1.5718798051345961,-1.086879805134596,1.086879805134596
0.222307692,2.083251142664367,-1.8609434506643672,1.8609434506643672
58.57666667,50.44766608617317,8.12900058382683,8.12900058382683
5.73173913,2.819950966567745,2.9117881634322553,2.9117881634322553
1.852666667,2.472409510162614,-0.6197428431626137,0.6197428431626137
66.67,52.393339283595104,14.276660716404898,14.276660716404898
0.576666667,1.6355061541337903,-1.0588394871337903,1.0588394871337903
7.345555556,4.084863172729304,3.2606923832706958,3.2606923832706958
1.11,0.884328746355845,0.22567125364415508,0.22567125364415508
7.387647059,1.4531718436319718,5.934475215368028,5.934475215368028
20.19111111,42.5572543241005,-22.366143214100497,22.366143214100497
0.554,0.9591344930867413,-0.4051344930867412,0.4051344930867412
0.72,1.0779328843338583,-0.3579328843338583,0.3579328843338583
2.397368421,2.0314752094578754,0.3658932115421245,0.3658932115421245
0.78,2.355451342829826,-1.5754513428298258,1.5754513428298258
1.244,1.3106984633303262,-0.06669846333032625,0.06669846333032625
0.487391304,1.7376356851578425,-1.2502443811578425,1.2502443811578425
47.73208333,37.924927202240184,9.807156127759818,9.807156127759818
0.965,1.1990712357889026,-0.23407123578890265,0.23407123578890265
1.34375,0.8987756032482374,0.44497439675176265,0.44497439675176265
0.0,1.230880865663365,-1.230880865663365,1.230880865663365
0.159833333,1.340695491576276,-1.1808621585762762,1.1808621585762762
1.09,0.6387793689926532,0.4512206310073469,0.4512206310073469
0.9535,1.4290726514970655,-0.4755726514970655,0.4755726514970655
1.497,3.2182036890475363,-1.7212036890475362,1.7212036890475362
1.0075,0.8987756032482374,0.10872439675176271,0.10872439675176271
0.45125,1.3302640692235137,-0.8790140692235138,0.8790140692235138
0.459459459,1.516798192631166,-1.057338733631166,1.057338733631166
0.616153846,1.3353421363306675,-0.7191882903306674,0.7191882903306674
0.94,2.1349672684352092,-1.1949672684352093,1.1949672684352093
1.163636364,1.277604639767346,-0.11396827576734592,0.11396827576734592
1.36,2.22587784850482,-0.8658778485048197,0.8658778485048197
0.723333333,1.2010338407573824,-0.4777005077573824,0.4777005077573824
0.473818182,1.4365584678462473,-0.9627402858462473,0.9627402858462473
0.83875,1.2001528608325127,-0.3614028608325127,0.3614028608325127
1.712222222,1.0640852558265115,0.6481369661734886,0.6481369661734886
13.55111111,16.853844125960077,-3.302733015960076,3.302733015960076
0.2945,1.0517430193015256,-0.7572430193015256,0.7572430193015256
0.307674419,2.203734741774932,-1.896060322774932,1.896060322774932
0.208333333,1.8063976393527101,-1.5980643063527102,1.5980643063527102
3.990526316,1.3751124709212008,2.615413845078799,2.615413845078799
0.673333333,1.082325879254758,-0.4089925462547581,0.4089925462547581
23.14047619,17.233948815088834,5.9065273749111675,5.9065273749111675
0.447,1.2726678433185452,-0.8256678433185451,0.8256678433185451
5.12,8.019437956147044,-2.899437956147044,2.899437956147044
1.0425,1.7958676159689282,-0.7533676159689282,0.7533676159689282
1.118571429,1.8063976393527101,-0.6878262103527102,0.6878262103527102
0.346041667,1.269414130739507,-0.9233724637395071,0.9233724637395071
3.781176471,1.646047656007636,2.135128814992364,2.135128814992364
1.736190476,1.598615145203001,0.1375753307969989,0.1375753307969989
1.144285714,1.4339244273329743,-0.2896387133329743,0.2896387133329743
5.0,12.739830575595896,-7.739830575595896,7.739830575595896
0.715,1.516798192631166,-0.801798192631166,0.801798192631166
1.852857143,0.9639991154200066,0.8888580275799934,0.8888580275799934
0.48,0.8679919964234867,-0.3879919964234867,0.3879919964234867
2.12,7.239872110173248,-5.119872110173248,5.119872110173248
0.003571429,1.4365584678462473,-1.4329870388462473,1.4329870388462473
0.546666667,1.2630329421140545,-0.7163662751140545,0.7163662751140545
0.81625,1.7568974336079726,-0.9406474336079725,0.9406474336079725
0.270909091,1.2113168163432122,-0.9404077253432122,0.9404077253432122
1.34875,0.7938248405084677,0.5549251594915322,0.5549251594915322
90.19,47.237079937459114,42.95292006254088,42.95292006254088
0.693333333,1.4365584678462473,-0.7432251348462473,0.7432251348462473
1.276666667,1.031235810956362,0.245430856043638,0.245430856043638
0.81,1.2520744226217886,-0.44207442262178853,0.44207442262178853
1.12,1.1954024141430841,-0.07540241414308402,0.07540241414308402
12.0858,8.950756516295144,3.135043483704857,3.135043483704857
43.50181818,46.9705376033815,-3.4687194233815006,3.4687194233815006
1.824,1.516798192631166,0.30720180736883407,0.30720180736883407
0.17,1.0863146413608973,-0.9163146413608972,0.9163146413608972
6.432,4.868644808531802,1.5633551914681982,1.5633551914681982
2.18,2.355451342829826,-0.17545134282982566,0.17545134282982566
1.374285714,1.6336714696053245,-0.2593857556053245,0.2593857556053245
3.134642857,1.9055202348648306,1.2291226221351692,1.2291226221351692
0.93875,1.6355061541337903,-0.6967561541337903,0.6967561541337903
0.336,1.0991526309830837,-0.7631526309830836,0.7631526309830836
98.52,77.85746398520463,20.662536014795364,20.662536014795364
1.56,1.9031479077963456,-0.3431479077963455,0.3431479077963455
4.657368421,3.283758960089363,1.3736094609106373,1.3736094609106373
0.472,2.27270425417451,-1.80070425417451,1.80070425417451
0.526666667,1.2712488152679728,-0.7445821482679729,0.7445821482679729
1.09,1.0012051745449697,0.08879482545503037,0.08879482545503037
1.82,1.0899189255350334,0.7300810744649666,0.7300810744649666
0.177857143,1.374758301888462,-1.196901158888462,1.196901158888462
4.138235294,2.1920143003418655,1.9462209936581347,1.9462209936581347
0.195,1.4339244273329743,-1.2389244273329743,1.2389244273329743
2.165714286,1.961517517271179,0.2041967687288211,0.2041967687288211
1.205517241,1.078656953479803,0.12686028752019696,0.12686028752019696
2.840555556,1.607738805112721,1.232816750887279,1.232816750887279
0.71,1.2010338407573824,-0.49103384075738243,0.49103384075738243
11.01444444,9.894814128976495,1.1196303110235046,1.1196303110235046
2.36,1.7568974336079726,0.6031025663920273,0.6031025663920273
0.67,2.005075907534945,-1.3350759075349452,1.3350759075349452
0.791666667,2.005075907534945,-1.2134092405349453,1.2134092405349453
1.64,1.607738805112721,0.032261194887278855,0.032261194887278855
0.300740741,3.086031467904571,-2.785290726904571,2.785290726904571
1.3956,1.6535314869996907,-0.2579314869996907,0.2579314869996907
0.201904762,1.3302640692235137,-1.1283593072235136,1.1283593072235136
1.495714286,0.8987756032482374,0.5969386827517625,0.5969386827517625
14.3425,4.975721909911937,9.366778090088062,9.366778090088062
2.013928571,3.913122400650274,-1.8991938296502737,1.8991938296502737
0.81125,1.1515005741146933,-0.3402505741146933,0.3402505741146933
3.483,1.2712488152679728,2.2117511847320275,2.2117511847320275
0.69,1.6073837214050122,-0.9173837214050122,0.9173837214050122
0.58,1.1613288345962947,-0.5813288345962947,0.5813288345962947
2.562333333,1.683171675350062,0.8791616576499381,0.8791616576499381
0.712727273,1.9970167367323075,-1.2842894637323075,1.2842894637323075
2.035714286,2.3658478329914283,-0.33013354699142816,0.33013354699142816
0.414,0.8572381802097863,-0.4432381802097863,0.4432381802097863
5.559705882,2.1845849955130787,3.3751208864869215,3.3751208864869215
1.033333333,1.4079685673753877,-0.3746352343753876,0.3746352343753876
0.556470588,2.324420379945352,-1.767949791945352,1.767949791945352
1.402173913,1.5860059483890527,-0.1838320353890528,0.1838320353890528
1.04,1.888207037363487,-0.8482070373634869,0.8482070373634869
0.311212121,1.0549565841647877,-0.7437444631647876,0.7437444631647876
1.04125,1.3848657163169553,-0.3436157163169553,0.3436157163169553
64.52933333,71.58102456936913,-7.051691239369134,7.051691239369134
1.3459375,1.7568974336079726,-0.41095993360797256,0.41095993360797256
2.335909091,1.600449829731467,0.7354592612685329,0.7354592612685329
0.71,1.2712488152679728,-0.5612488152679729,0.5612488152679729
1.126666667,1.078656953479803,0.04800971352019712,0.04800971352019712
1.360212766,1.5644637138474378,-0.2042509478474377,0.2042509478474377
0.075555556,2.0139308258368502,-1.9383752698368502,1.9383752698368502
0.535789474,1.3189143364842446,-0.7831248624842446,0.7831248624842446
3.054444444,1.3054002466235362,1.7490441973764639,1.7490441973764639
0.3,0.9960191820180203,-0.6960191820180204,0.6960191820180204
0.97,1.0245281811264393,-0.05452818112643931,0.05452818112643931
0.643,1.9145755774715527,-1.2715755774715527,1.2715755774715527
2.82,2.3170011379680515,0.5029988620319483,0.5029988620319483
0.320454545,1.2630329421140545,-0.9425783971140544,0.9425783971140544
30.61888889,15.153588680521903,15.465300209478098,15.465300209478098
2.93,2.3385012010976225,0.5914987989023777,0.5914987989023777
0.487083333,1.5149635081027002,-1.0278801751027002,1.0278801751027002
1.016,5.818567289936689,-4.802567289936689,4.802567289936689
0.49,2.289839554829972,-1.799839554829972,1.799839554829972
2.568571429,1.7300576512661217,0.8385137777338783,0.8385137777338783
0.4236,3.086031467904571,-2.662431467904571,2.662431467904571
0.231111111,1.3870582621015097,-1.1559471511015098,1.1559471511015098
0.5575,0.8222048042382745,-0.26470480423827447,0.26470480423827447
16935.05846,14215.294067652369,2719.7643923476317,2719.7643923476317
0.957391304,1.6846894499921459,-0.7272981459921458,0.7272981459921458
0.97875,1.8853619966114339,-0.9066119966114339,0.9066119966114339
0.395714286,1.2712488152679728,-0.8755345292679728,0.8755345292679728
1.659090909,2.0729577679716544,-0.41386685897165454,0.41386685897165454
70.67444444,64.09927065512147,6.57517378487853,6.57517378487853
1.314705882,1.8045629548242443,-0.4898570728242444,0.4898570728242444
6.822857143,3.310647834299472,3.512209308700528,3.512209308700528
0.7475,1.5860059483890527,-0.8385059483890527,0.8385059483890527
1.67375,1.277604639767346,0.3961453602326541,0.3961453602326541
19.065,2.7388835658596693,16.32611643414033,16.32611643414033
1.73,2.835633834303307,-1.105633834303307,1.105633834303307
0.9925,1.7670803027903448,-0.7745803027903447,0.7745803027903447
0.58,1.7989627411372398,-1.21896274113724,1.21896274113724
0.674347826,2.1535455413976106,-1.4791977153976106,1.4791977153976106
2.0275,0.835895521966696,1.191604478033304,1.191604478033304
0.7809375,0.8987756032482374,-0.1178381032482374,0.1178381032482374
2.77,2.093266873928604,0.676733126071396,0.676733126071396
1.910833333,2.5184918748960126,-0.6076585418960125,0.6076585418960125
2.63,1.8435331371852,0.7864668628147999,0.7864668628147999
2.303333333,2.070447933293602,0.23288539970639777,0.23288539970639777
10.2886,4.111907007398572,6.176692992601429,6.176692992601429
1.035,0.835895521966696,0.1991044780333039,0.1991044780333039
0.867727273,2.5671623160192922,-1.6994350430192924,1.6994350430192924
0.4648,1.491411630743596,-1.026611630743596,1.026611630743596
0.525217391,1.3302640692235137,-0.8050466782235137,0.8050466782235137
0.25875,1.4365584678462473,-1.1778084678462473,1.1778084678462473
9.853636364,5.447004513878809,4.406631850121191,4.406631850121191
1.27,1.2378996336062582,0.03210036639374181,0.03210036639374181
1.266666667,1.4365584678462473,-0.16989180084624733,0.16989180084624733
0.796086957,1.860252985145613,-1.0641660281456131,1.0641660281456131
2.2,1.722628346437335,0.4773716535626651,0.4773716535626651
1.0,1.229894645196351,-0.22989464519635106,0.22989464519635106
0.278181818,1.8435331371852,-1.5653513191852,1.5653513191852
17.72565217,30.836744326700977,-13.111092156700977,13.111092156700977
0.518,1.466483487995991,-0.9484834879959909,0.9484834879959909
0.615,1.5860059483890527,-0.9710059483890527,0.9710059483890527
1.076666667,1.2712488152679728,-0.19458214826797282,0.19458214826797282
0.94,1.2286285554325063,-0.2886285554325063,0.2886285554325063
1.837037037,0.9279726381547674,0.9090643988452326,0.9090643988452326
12.04827586,10.735777688936851,1.3124981710631491,1.3124981710631491
0.506923077,1.2217486095232353,-0.7148255325232352,0.7148255325232352
0.61,1.3984611992671083,-0.7884611992671083,0.7884611992671083
0.706875,1.3696905272069597,-0.6628155272069597,0.6628155272069597
1.059090909,1.3157007716209828,-0.25660986262098273,0.25660986262098273
0.5,1.624963340366936,-1.124963340366936,1.124963340366936
0.96,1.5094351493790892,-0.5494351493790892,0.5494351493790892
0.840285714,0.9464411244645091,-0.10615541046450916,0.10615541046450916
0.728571429,0.8987756032482374,-0.1702041742482373,0.1702041742482373
1.114666667,1.607738805112721,-0.493072138112721,0.493072138112721
0.4268,1.706635195008236,-1.2798351950082358,1.2798351950082358
0.745,1.8453678217136658,-1.1003678217136659,1.1003678217136659
0.85,1.2001528608325127,-0.35015286083251274,0.35015286083251274
0.474,1.4989260003689597,-1.0249260003689598,1.0249260003689598
0.901,1.1466781054831834,-0.24567810548318336,0.24567810548318336
3.246153846,1.9145755774715527,1.3315782685284472,1.3315782685284472
2.5,1.7496883457899,0.7503116542101,0.7503116542101
0.73,1.3502076557103129,-0.6202076557103129,0.6202076557103129
0.68,1.277604639767346,-0.5976046397673459,0.5976046397673459
1.363333333,0.879170227476496,0.48416310552350394,0.48416310552350394
9.342727273,2.775499010214735,6.567228262785264,6.567228262785264
1.612222222,1.7873600282217774,-0.17513780622177744,0.17513780622177744
57.96166667,51.05896546017504,6.902701209824961,6.902701209824961
1.16125,0.9661310552396588,0.19511894476034108,0.19511894476034108
1.425384615,0.8599320963036682,0.5654525186963318,0.5654525186963318
1.026,1.556224650614612,-0.530224650614612,0.530224650614612
0.484444444,0.9089543059806285,-0.42450986198062857,0.42450986198062857
8.301428571,4.035917290225788,4.265511280774213,4.265511280774213
11.18,9.674460084036232,1.5055399159637677,1.5055399159637677
0.6948,3.1208033617075697,-2.42600336170757,2.42600336170757
37.77538462,4.233476964727694,33.541907655272304,33.541907655272304
1.96,1.861891725228555,0.09810827477144501,0.09810827477144501
0.425689655,0.9610128221178008,-0.5353231671178008,0.5353231671178008
0.4205,1.4955737218017882,-1.0750737218017883,1.0750737218017883
0.945,0.8987756032482374,0.0462243967517626,0.0462243967517626
0.794333333,1.3779295904397855,-0.5835962574397855,0.5835962574397855
0.690909091,1.4000270898984155,-0.7091179988984155,0.7091179988984155
1.19,1.5860059483890527,-0.3960059483890528,0.3960059483890528
0.47,1.9577276753889035,-1.4877276753889035,1.4877276753889035
2.875,1.0725899810279838,1.8024100189720162,1.8024100189720162
0.803636364,1.1588966782647216,-0.3552603142647216,0.3552603142647216
0.632222222,1.1443249806114302,-0.5121027586114302,0.5121027586114302
1.908666667,1.7963238915914186,0.11234277540858151,0.11234277540858151
7.075,10.475950409917413,-3.400950409917413,3.400950409917413
1.083636364,1.2630329421140545,-0.17939657811405452,0.17939657811405452
0.625,1.6892212572700522,-1.0642212572700522,1.0642212572700522
0.267222222,0.9577992572545385,-0.6905770352545385,0.6905770352545385
0.889285714,1.4955737218017882,-0.6062880078017882,0.6062880078017882
1.453333333,1.2630329421140545,0.19030039088594553,0.19030039088594553
3.023333333,13.984380316850723,-10.961046983850723,10.961046983850723
0.850833333,1.5860059483890527,-0.7351726153890528,0.7351726153890528
0.621730769,0.9610128221178008,-0.3392820531178008,0.3392820531178008
1.232307692,2.3720859011616238,-1.1397782091616238,1.1397782091616238
1.211666667,1.5596365629299944,-0.3479698959299944,0.3479698959299944
0.64,1.277604639767346,-0.6376046397673459,0.6376046397673459
0.734615385,1.9622410986878243,-1.2276257136878241,1.2276257136878241
1.0378125,1.683171675350062,-0.645359175350062,0.645359175350062
0.157,1.384842342075405,-1.227842342075405,1.227842342075405
11.78333333,2.195518868621016,9.587814461378983,9.587814461378983
2.378181818,1.536823480732273,0.8413583372677269,0.8413583372677269
3.67,3.086031467904571,0.5839685320954291,0.5839685320954291
1.964545455,1.1954024141430841,0.769143040856916,0.769143040856916
0.536666667,1.1545036833438218,-0.6178370163438218,0.6178370163438218
12.05,12.791229621589505,-0.741229621589504,0.741229621589504
1.846,1.5032160643745118,0.34278393562548826,0.34278393562548826
2.93,1.2415685593812134,1.6884314406187868,1.6884314406187868
2.238571429,1.2838044979328138,0.954766931067186,0.954766931067186
1.836,1.3189143364842446,0.5170856635157555,0.5170856635157555
6.543913043,14.163537775854717,-7.619624732854717,7.619624732854717
1.798571429,0.9435837334039693,0.8549876955960308,0.8549876955960308
11.46928571,7.254218267609662,4.215067442390337,4.215067442390337
0.661818182,1.402477352541168,-0.740659170541168,0.740659170541168
0.871111111,1.2217486095232353,-0.3506374985232352,0.3506374985232352
0.44875,1.3189143364842446,-0.8701643364842446,0.8701643364842446
1.6528125,1.6355061541337903,0.017306345866209716,0.017306345866209716
0.565135135,0.8987756032482374,-0.33364046824823734,0.33364046824823734
0.63,1.1966408458364821,-0.5666408458364821,0.5666408458364821
0.246052632,1.269414130739507,-1.023361498739507,1.023361498739507
0.29875,0.913347300901529,-0.6145973009015291,0.6145973009015291
0.618,1.082325879254758,-0.4643258792547581,0.4643258792547581
10.772,9.589783823517134,1.182216176482866,1.182216176482866
20.33626667,11.415393307413005,8.920873362586995,8.920873362586995
4.503529412,1.5929125021862214,2.910616909813778,2.910616909813778
0.5825,0.9083111777859593,-0.32581117778595925,0.32581117778595925
0.596956522,3.2182036890475363,-2.621247167047536,2.621247167047536
1.046666667,0.8599320963036682,0.18673457069633181,0.18673457069633181
1.39125,1.2184491232301164,0.17280087676988365,0.17280087676988365
4.410967742,1.2712488152679728,3.1397189267320273,3.1397189267320273
1.9025,3.8991611260895946,-1.9966611260895946,1.9966611260895946
1.226666667,1.6263954702233172,-0.3997288032233173,0.3997288032233173
2.16,1.163259143968734,0.996740856031266,0.996740856031266
5.7375,9.413978188753589,-3.676478188753589,3.676478188753589
0.565,1.0123691300556692,-0.44736913005566925,0.44736913005566925
2.1215,1.4365584678462473,0.6849415321537529,0.6849415321537529
0.448627451,1.7963238915914186,-1.3476964405914185,1.3476964405914185
0.926666667,1.277604639767346,-0.35093797276734595,0.35093797276734595
1.101842105,1.484223989062519,-0.38238188406251905,0.38238188406251905
10.05416667,10.88969471265211,-0.8355280426521094,0.8355280426521094
0.767142857,0.9591344930867413,-0.1919916360867413,0.1919916360867413
18.37333333,12.370959675736218,6.002373654263783,6.002373654263783
8.9675,4.93384671019973,4.033653289800269,4.033653289800269
0.487272727,1.3106984633303262,-0.8234257363303262,0.8234257363303262
0.393333333,1.8063976393527101,-1.4130643063527102,1.4130643063527102
1.128888889,1.4339244273329743,-0.30503553833297437,0.30503553833297437
52.94266667,50.521163367036046,2.4215033029639557,2.4215033029639557
3.2775,2.1227933310423506,1.1547066689576493,1.1547066689576493
0.379666667,1.4339244273329743,-1.0542577603329744,1.0542577603329744
0.881666667,0.7153501680026165,0.16631649899738343,0.16631649899738343
1.071388889,2.3997839133933887,-1.3283950243933886,1.3283950243933886
0.346666667,1.3899126889860274,-1.0432460219860273,1.0432460219860273
1.951666667,1.5903760819701755,0.3612905850298245,0.3612905850298245
0.511,1.1990712357889026,-0.6880712357889026,0.6880712357889026
0.305,1.1451778105132717,-0.8401778105132718,0.8401778105132718
0.662916667,1.3696905272069597,-0.7067738602069598,0.7067738602069598
9.862857143,1.8063976393527101,8.05645950364729,8.05645950364729
0.1825,0.9205567583402686,-0.7380567583402686,0.7380567583402686
0.758333333,2.085467062690472,-1.327133729690472,1.327133729690472
0.599166667,1.0538217880023586,-0.4546551210023586,0.4546551210023586
1.702222222,1.2017350485635498,0.5004871734364502,0.5004871734364502
0.56125,1.3429114116023808,-0.7816614116023808,0.7816614116023808
0.52125,0.5859812997056305,-0.06473129970563052,0.06473129970563052
0.538333333,1.8063976393527101,-1.2680643063527102,1.2680643063527102
78.571875,67.75859967654392,10.813275323456082,10.813275323456082
0.756363636,0.8987756032482374,-0.14241196724823735,0.14241196724823735
3.27,1.236946658648828,2.033053341351172,2.033053341351172
2.259444444,1.706119413458294,0.5533250305417061,0.5533250305417061
12.108,10.02564628297202,2.0823537170279813,2.0823537170279813
0.447272727,2.112880365958573,-1.6656076389585728,1.6656076389585728
1.04,3.126094218555398,-2.086094218555398,2.086094218555398
1.69,1.9031479077963456,-0.21314790779634563,0.21314790779634563
7.385666667,11.552379021210768,-4.166712354210769,4.166712354210769
1.213333333,1.0591310224336952,0.15420231056630485,0.15420231056630485
1.044666667,1.7672998234300465,-0.7226331564300466,0.7226331564300466
22.17956522,30.78724412095624,-8.607678900956241,8.607678900956241
0.81,1.490273570982509,-0.680273570982509,0.680273570982509
0.252244898,1.516798192631166,-1.264553294631166,1.264553294631166
1.761666667,1.6336714696053245,0.12799519739467557,0.12799519739467557
1.033333333,1.0012051745449697,0.032128158455030364,0.032128158455030364
7.347857143,13.78730297842611,-6.439445835426111,6.439445835426111
0.134285714,1.2076224662687787,-1.0733367522687787,1.0733367522687787
1.002916667,1.5149635081027002,-0.5120468411027002,0.5120468411027002
0.854705882,1.5860059483890527,-0.7313000663890528,0.7313000663890528
0.344761905,1.2965491299969623,-0.9517872249969623,0.9517872249969623
1.013333333,1.4531718436319718,-0.43983851063197177,0.43983851063197177
0.3865,1.3302640692235137,-0.9437640692235136,0.9437640692235136
0.534642857,2.27270425417451,-1.7380613971745098,1.7380613971745098
2.68125,1.478732557488706,1.2025174425112939,1.2025174425112939
2.13,2.324420379945352,-0.1944203799453521,0.1944203799453521
0.366734694,1.5644637138474378,-1.1977290198474377,1.1977290198474377
6.318571429,9.085374886022352,-2.766803457022352,2.766803457022352
0.528571429,1.8405415161472152,-1.3119700871472153,1.3119700871472153
0.405,0.7945413518950742,-0.3895413518950742,0.3895413518950742
0.758333333,1.294473547041469,-0.5361402140414689,0.5361402140414689
0.892307692,1.4339244273329743,-0.5416167353329743,0.5416167353329743
0.837777778,1.6373749732149108,-0.7995971952149108,0.7995971952149108
3.855555556,4.32285611917472,-0.4673005631747196,0.4673005631747196
0.224,1.351841633163168,-1.127841633163168,1.127841633163168
0.649444444,2.9138554849060774,-2.2644110409060776,2.2644110409060776
0.067777778,2.305418045354013,-2.237640267354013,2.237640267354013
1.02,0.6387793689926532,0.3812206310073468,0.3812206310073468
0.91,1.0678985124358389,-0.15789851243583886,0.15789851243583886
0.965,2.448454354516668,-1.483454354516668,1.483454354516668
0.3,1.7750532031386357,-1.4750532031386356,1.4750532031386356
32.28931034,45.93034781891769,-13.641037478917688,13.641037478917688
1.121875,1.3189143364842446,-0.19703933648424465,0.19703933648424465
5.845,31.90657884720572,-26.06157884720572,26.06157884720572
22.146,11.044178997558562,11.101821002441438,11.101821002441438
3.354285714,1.706572548577288,1.647713165422712,1.647713165422712
0.400655738,1.8063976393527101,-1.4057419013527102,1.4057419013527102
1.458461538,1.6837848394927657,-0.2253233014927658,0.2253233014927658
0.339333333,1.5860059483890527,-1.2466726153890528,1.2466726153890528
1.225625,1.0647465354831143,0.1608784645168857,0.1608784645168857
0.443333333,1.4368473198938012,-0.9935139868938012,0.9935139868938012
0.842068966,2.248186698127942,-1.406117732127942,1.406117732127942
0.095,1.2113168163432122,-1.1163168163432122,1.1163168163432122
6.952727273,2.26894736755481,4.68377990544519,4.68377990544519
2.6325,1.8045629548242443,0.8279370451757555,0.8279370451757555
0.656363636,1.402477352541168,-0.746113716541168,0.746113716541168
0.684468085,3.1208033617075697,-2.4363352767075694,2.4363352767075694
0.7,1.8063976393527101,-1.1063976393527102,1.1063976393527102
0.582272727,1.4006426680127022,-0.8183699410127022,0.8183699410127022
0.57,1.4441031300653655,-0.8741031300653656,0.8741031300653656
1.174,1.5105860233897803,-0.3365860233897804,0.3365860233897804
0.651290323,3.251341120482846,-2.600050797482846,2.600050797482846
2.363611111,2.093266873928604,0.270344237071396,0.270344237071396
0.326153846,1.382208301562132,-1.056054455562132,1.056054455562132
1.402692308,1.5860059483890527,-0.18331364038905273,0.18331364038905273
2.3525,1.0445511824661098,1.3079488175338903,1.3079488175338903
1.227666667,2.31954418860847,-1.0918775216084697,1.0918775216084697
1.858,1.5570025224167214,0.30099747758327866,0.30099747758327866
0.817037037,1.7291414063451556,-0.9121043693451556,0.9121043693451556
0.2975,1.7568974336079726,-1.4593974336079727,1.4593974336079727
1.041891892,1.5860059483890527,-0.5441140563890527,0.5441140563890527
0.879230769,1.4531718436319718,-0.5739410746319719,0.5739410746319719
10.1544,9.32300667750368,0.8313933224963215,0.8313933224963215
1.03125,1.5560226793418788,-0.5247726793418788,0.5247726793418788
0.773888889,1.0208738552571415,-0.2469849662571415,0.2469849662571415
1.035384615,4.568349175991138,-3.5329645609911378,3.5329645609911378
0.535,2.716925872800683,-2.181925872800683,2.181925872800683
0.464,1.516798192631166,-1.052798192631166,1.052798192631166
0.37,0.6615494201335688,-0.29154942013356877,0.29154942013356877
0.278235294,1.2217486095232353,-0.9435133155232353,0.9435133155232353
0.68875,1.5860059483890527,-0.8972559483890528,0.8972559483890528
1.65,0.6387793689926532,1.0112206310073466,1.0112206310073466
1.545652174,0.935043725342172,0.610608448657828,0.610608448657828
0.445777778,1.4610858176450428,-1.0153080396450427,1.0153080396450427
13.45586207,5.648341529174926,7.807520540825074,7.807520540825074
9.78,5.533222564600382,4.2467774353996175,4.2467774353996175
1.357142857,1.2552879874850504,0.10185486951494949,0.10185486951494949
1.011818182,1.4339244273329743,-0.42210624533297425,0.42210624533297425
7.241428571,10.537426881763635,-3.2959983107636344,3.2959983107636344
0.847142857,1.4368473198938012,-0.5897044628938012,0.5897044628938012
0.590625,3.251341120482846,-2.660716120482846,2.660716120482846
0.66,0.17968697765377933,0.4803130223462207,0.4803130223462207
1.9425,3.106677218453113,-1.164177218453113,1.164177218453113
0.509583333,1.2217486095232353,-0.7121652765232352,0.7121652765232352
18.40631579,21.81769991680476,-3.4113841268047587,3.4113841268047587
0.784545455,1.3197873651134968,-0.5352419101134969,0.5352419101134969
0.7,1.3694158747572445,-0.6694158747572445,0.6694158747572445
0.38,0.8987756032482374,-0.5187756032482373,0.5187756032482373
0.872727273,1.619545326350868,-0.7468180533508679,0.7468180533508679
0.43,1.3729321188470531,-0.9429321188470532,0.9429321188470532
0.408787879,1.6336714696053245,-1.2248835906053244,1.2248835906053244
7.437142857,3.8100846172214307,3.62705823977857,3.62705823977857
1.0,1.6820664193002046,-0.6820664193002046,0.6820664193002046
0.836,0.8470594774773951,-0.011059477477395108,0.011059477477395108
0.65037037,1.1206713428753587,-0.47030097287535877,0.47030097287535877
26.01307692,12.162029988307207,13.851046931692792,13.851046931692792
9.934,5.7041140498193,4.229885950180699,4.229885950180699
0.818888889,1.4339244273329743,-0.6150355383329743,0.6150355383329743
0.941818182,1.1430255626809527,-0.20120738068095267,0.20120738068095267
0.999090909,1.095360041464681,-0.09626913246468094,0.09626913246468094
11.3,2.56799208064075,8.732007919359251,8.732007919359251
0.873076923,1.7568974336079726,-0.8838205106079726,0.8838205106079726
2.466333333,2.045734847474518,0.42059848552548207,0.42059848552548207
1.3015,1.5345830985079165,-0.23308309850791642,0.23308309850791642
0.594444444,0.9460367750775353,-0.3515923310775353,0.3515923310775353
0.949642857,1.1121963314416181,-0.16255347444161816,0.16255347444161816
1.415714286,1.516798192631166,-0.10108390663116595,0.10108390663116595
82.35,47.237079937459114,35.11292006254088,35.11292006254088
0.445,1.9145755774715527,-1.4695755774715527,1.4695755774715527
1.211935484,1.4533421643072608,-0.24140668030726076,0.24140668030726076
0.58625,1.5005566998688658,-0.9143066998688657,0.9143066998688657
37.904,3.910503958452697,33.9934960415473,33.9934960415473
54.30666667,47.32808932865609,6.978577341343907,6.978577341343907
1.0,1.0640852558265115,-0.06408525582651148,0.06408525582651148
4.2925,11.551763943666494,-7.259263943666493,7.259263943666493
1.004,0.29839493915640364,0.7056050608435964,0.7056050608435964
0.624615385,1.4365584678462473,-0.8119430828462473,0.8119430828462473
0.441875,1.516798192631166,-1.074923192631166,1.074923192631166
1.1832,1.5149635081027002,-0.33176350810270017,0.33176350810270017
0.522,0.9468866788633438,-0.42488667886334375,0.42488667886334375
3.611785714,2.2766236364813577,1.3351620775186421,1.3351620775186421
3.774736842,1.3751124709212008,2.399624371078799,2.399624371078799
7.949090909,4.6114645710461195,3.33762633795388,3.33762633795388
1.500833333,1.275640514614368,0.2251928183856322,0.2251928183856322
1.835714286,1.7561354007529735,0.0795788852470265,0.0795788852470265
0.367142857,1.269414130739507,-0.9022712737395071,0.9022712737395071
2.935,1.354900452368274,1.580099547631726,1.580099547631726
0.43875,0.8987756032482374,-0.4600256032482374,0.4600256032482374
0.46,1.6181022301020334,-1.1581022301020334,1.1581022301020334
0.897297297,1.4365584678462473,-0.5392611708462473,0.5392611708462473
0.798571429,1.466483487995991,-0.6679120589959909,0.6679120589959909
0.71375,0.943227559601247,-0.22947755960124705,0.22947755960124705
0.0,30.760173527691013,-30.760173527691013,30.760173527691013
0.535,1.0814448993298884,-0.5464448993298884,0.5464448993298884
0.850833333,1.7568974336079726,-0.9060641006079726,0.9060641006079726
1.696923077,1.2575510119692699,0.43937206503073,0.43937206503073
0.937777778,2.3682146297317495,-1.4304368517317494,1.4304368517317494
0.846666667,1.4672979868864284,-0.6206313198864284,0.6206313198864284
0.393333333,1.078656953479803,-0.685323620479803,0.685323620479803
99.781875,80.23643324252076,19.54544175747924,19.54544175747924
0.385,0.9960191820180203,-0.6110191820180203,0.6110191820180203
11.29588235,8.484894523723536,2.810987826276463,2.810987826276463
58.185,55.58824157481129,2.5967584251887104,2.5967584251887104
6.647727273,10.167549101295705,-3.5198218282957052,3.5198218282957052
54.9762069,45.80874301237002,9.167463887629978,9.167463887629978
69.36666667,1.4650820668603237,67.90158460313968,67.90158460313968
0.44,1.5342898226182105,-1.0942898226182105,1.0942898226182105
2.67,17.551914567128186,-14.881914567128186,14.881914567128186
1.609090909,1.2217486095232353,0.3873422994767648,0.3873422994767648
1.01,1.277604639767346,-0.26760463976734594,0.26760463976734594
10.27692308,11.216232241645214,-0.9393091616452143,0.9393091616452143
1.04,1.2217486095232353,-0.18174860952323524,0.18174860952323524
0.835625,1.7568974336079726,-0.9212724336079726,0.9212724336079726
36.24925926,50.403644223917134,-14.154384963917131,14.154384963917131
0.1828,1.2712488152679728,-1.0884488152679728,1.0884488152679728
0.83,0.8803474783197055,-0.05034747831970554,0.05034747831970554
0.79,1.5860059483890527,-0.7960059483890527,0.7960059483890527
15.20103448,7.634031670886999,7.567002809113002,7.567002809113002
0.593333333,0.9043840526566774,-0.3110507196566774,0.3110507196566774
15.18,2.182632789651481,12.997367210348518,12.997367210348518
0.442,1.9640757832162903,-1.5220757832162903,1.5220757832162903
4.191052632,2.305418045354013,1.885634586645987,1.885634586645987
0.501538462,1.2712488152679728,-0.7697103532679729,0.7697103532679729
2.15625,1.3581872035246263,0.7980627964753737,0.7980627964753737
0.606923077,2.085467062690472,-1.4785439856904719,1.4785439856904719
0.81,1.1310516672588151,-0.32105166725881507,0.32105166725881507
2.5696,1.3223410985262576,1.2472589014737423,1.2472589014737423
0.313636364,1.2662005658762452,-0.9525642018762452,0.9525642018762452
54.38111111,47.0051163223811,7.3759947876189,7.3759947876189
0.9875,1.1121963314416181,-0.12469633144161807,0.12469633144161807
1.0,5.8714613011475105,-4.8714613011475105,4.8714613011475105
2.0225,3.69931793796738,-1.67681793796738,1.67681793796738
2.96962963,1.8194559093148344,1.1501737206851657,1.1501737206851657
1.276086957,1.5860059483890527,-0.30991899138905277,0.30991899138905277
1.9825,1.0640852558265115,0.9184147441734885,0.9184147441734885
1.351052632,1.3189143364842446,0.03213829551575542,0.03213829551575542
2.037272727,2.195063866254895,-0.15779113925489519,0.15779113925489519
0.835,1.402741880383304,-0.5677418803833041,0.5677418803833041
0.874390244,1.4610858176450428,-0.5866955736450428,0.5866955736450428
0.71,1.4339244273329743,-0.7239244273329744,0.7239244273329744
0.847619048,1.2217486095232353,-0.3741295615232353,0.3741295615232353
1.234333333,1.5696012773453212,-0.33526794434532126,0.33526794434532126
9.688965517,10.72120599128356,-1.0322404742835598,1.0322404742835598
3.003333333,2.775499010214735,0.22783432278526483,0.22783432278526483
0.538333333,0.8987756032482374,-0.3604422702482374,0.3604422702482374
0.707222222,1.1202555022442555,-0.41303328024425556,0.41303328024425556
0.34559322,1.6355061541337903,-1.2899129341337903,1.2899129341337903
10.70074074,9.96860141500816,0.7321393249918398,0.7321393249918398
1.486666667,1.1443249806114302,0.34234168638856977,0.34234168638856977
10.135,3.1861341021040044,6.948865897895995,6.948865897895995
5.57952381,10.623450789401401,-5.043926979401401,5.043926979401401
7.653703704,11.677336113560827,-4.023632409560827,4.023632409560827
5.54375,6.753609862510878,-1.2098598625108776,1.2098598625108776
0.516111111,1.5149635081027002,-0.9988523971027002,0.9988523971027002
2.164827586,2.1542345360301947,0.010593049969805257,0.010593049969805257
0.412727273,1.2176980049686648,-0.8049707319686648,0.8049707319686648
0.825714286,1.6373749732149108,-0.8116606872149108,0.8116606872149108
5.309230769,1.3870582621015097,3.92217250689849,3.92217250689849
0.585,1.2010338407573824,-0.6160338407573824,0.6160338407573824
10.59809524,10.035802137777061,0.562293102222938,0.562293102222938
1.305,1.8063976393527101,-0.5013976393527102,0.5013976393527102
1.198333333,1.5101363571852566,-0.31180302418525674,0.31180302418525674
14.07352941,10.451058363293146,3.6224710467068544,3.6224710467068544
1.0,1.5591716064060763,-0.5591716064060763,0.5591716064060763
1.040909091,1.1588966782647216,-0.11798758726472158,0.11798758726472158
62.97384615,59.401183934731066,3.5726622152689345,3.5726622152689345
0.65,1.6355061541337903,-0.9855061541337903,0.9855061541337903
0.635652174,1.4469596743905861,-0.8113075003905862,0.8113075003905862
1.194285714,1.792418022810629,-0.598132308810629,0.598132308810629
6.94,4.432635302742314,2.507364697257686,2.507364697257686
0.918333333,0.8987756032482374,0.01955772975176262,0.01955772975176262
1.097454545,1.683171675350062,-0.5857171303500621,0.5857171303500621
12686.74,12278.026291032911,408.7137089670887,408.7137089670887
15.37055556,25.298051879890636,-9.927496319890636,9.927496319890636
0.813488372,1.8253431565108602,-1.0118547845108603,1.0118547845108603
0.604615385,1.7568974336079726,-1.1522820486079726,1.1522820486079726
0.714545455,1.4501428737574398,-0.7355974187574398,0.7355974187574398
0.974,1.5094351493790892,-0.5354351493790892,0.5354351493790892
0.447777778,1.509088048434105,-1.0613102704341049,1.0613102704341049
1.365,1.1569091504583953,0.20809084954160473,0.20809084954160473
1.123636364,2.156675361676446,-1.033038997676446,1.033038997676446
0.802,1.4006426680127022,-0.5986426680127022,0.5986426680127022
0.495,2.379415235401138,-1.8844152354011379,1.8844152354011379
0.22,1.1103512156978697,-0.8903512156978697,0.8903512156978697
0.872727273,1.3243839690893875,-0.4516566960893875,0.4516566960893875
1.164827586,1.7568974336079726,-0.5920698476079727,0.5920698476079727
0.925555556,1.7568974336079726,-0.8313418776079726,0.8313418776079726
1.097727273,1.3111440177291611,-0.21341674472916106,0.21341674472916106
4.625833333,12.551966175606278,-7.926132842606278,7.926132842606278
4.797272727,2.140108392775738,2.6571643342242623,2.6571643342242623
0.823636364,0.8987756032482374,-0.0751392392482374,0.0751392392482374
1.06,1.064800726154451,-0.004800726154450929,0.004800726154450929
3.58547619,3.1362224521472277,0.44925373785277234,0.44925373785277234
0.2275,1.1946780162580093,-0.9671780162580093,0.9671780162580093
0.995454545,1.4339244273329743,-0.43846988233297435,0.43846988233297435
0.535714286,1.4339244273329743,-0.8982101413329743,0.8982101413329743
0.62,0.8599320963036682,-0.23993209630366819,0.23993209630366819
11.11777778,10.156610650458667,0.9611671295413338,0.9611671295413338
0.43,2.085467062690472,-1.655467062690472,1.655467062690472
0.2975,1.8628594517007104,-1.5653594517007106,1.5653594517007106
8.551111111,11.216232241645214,-2.665121130645213,2.665121130645213
0.82,1.0288686268881697,-0.20886862688816976,0.20886862688816976
2.338387097,2.5581924020976934,-0.21980530509769336,0.21980530509769336
0.395925926,1.1071805524938794,-0.7112546264938794,0.7112546264938794
0.396,1.1022261491301737,-0.7062261491301737,0.7062261491301737
0.695,1.6355061541337903,-0.9405061541337904,0.9405061541337904
1.480909091,1.3106984633303262,0.17021062766967376,0.17021062766967376
41.42769231,38.03310514035903,3.394587169640971,3.394587169640971
1.167142857,1.1714296855199124,-0.004286828519912467,0.004286828519912467
0.35125,1.0725899810279838,-0.7213399810279837,0.7213399810279837
0.848888889,1.6373749732149108,-0.7884860842149107,0.7884860842149107
0.75,0.873667839561484,-0.12366783956148397,0.12366783956148397
0.638,1.8253431565108602,-1.18734315651086,1.18734315651086
1.067916667,1.5404221234994753,-0.4725054564994753,0.4725054564994753
1.981666667,1.9805996867311777,0.0010669802688223484,0.0010669802688223484
1.847777778,1.137664774082081,0.7101130039179189,0.7101130039179189
3.660322581,2.3720859011616238,1.2882366798383762,1.2882366798383762
0.822222222,1.4339244273329743,-0.6117022053329744,0.6117022053329744
1.0,1.919820437362504,-0.9198204373625041,0.9198204373625041
8.431,11.841684555147298,-3.4106845551472986,3.4106845551472986
1.123333333,1.9145755774715527,-0.7912422444715528,0.7912422444715528
1.004,0.46928642437532314,0.5347135756246768,0.5347135756246768
1.6,1.9688497230012767,-0.3688497230012766,0.3688497230012766
0.430454545,1.3830076575469392,-0.9525531125469392,0.9525531125469392
0.771666667,2.0847305711108124,-1.3130639041108125,1.3130639041108125
0.46826087,1.5149635081027002,-1.0467026381027003,1.0467026381027003
1.304375,1.4484961249862658,-0.14412112498626573,0.14412112498626573
1.725806452,1.3302640692235137,0.39554238277648635,0.39554238277648635
0.856666667,1.9573487622486567,-1.1006820952486567,1.1006820952486567
1.376363636,1.5718798051345961,-0.19551616913459613,0.19551616913459613
0.808181818,1.1443249806114302,-0.3361431626114302,0.3361431626114302
0.683846154,1.2217486095232353,-0.5379024555232352,0.5379024555232352
1.402258065,1.3302640692235137,0.07199399577648635,0.07199399577648635
0.858095238,1.6554043263289928,-0.7973090883289928,0.7973090883289928
1.236,2.2197932395949986,-0.9837932395949986,0.9837932395949986
81.23666667,60.74285987597412,20.493806794025886,20.493806794025886
0.213333333,1.2217486095232353,-1.0084152765232353,1.0084152765232353
0.845925926,1.0538217880023586,-0.20789586200235854,0.20789586200235854
1.395357143,1.722628346437335,-0.32727120343733507,0.32727120343733507
5.805,10.081128877785096,-4.276128877785096,4.276128877785096
0.559090909,0.9591344930867413,-0.40004358408674123,0.40004358408674123
0.669130435,1.6846894499921459,-1.0155590149921458,1.0155590149921458
9.466666667,11.295870847019943,-1.8292041800199428,1.8292041800199428
1.456153846,1.722628346437335,-0.266474500437335,0.266474500437335
2.538431373,1.3024594000975005,1.2359719729024994,1.2359719729024994
3.563571429,4.765210576036179,-1.2016391470361794,1.2016391470361794
0.723703704,2.195518868621016,-1.4718151646210158,1.4718151646210158
1.25,1.4339244273329743,-0.18392442733297432,0.18392442733297432
0.4492,0.8992211576470722,-0.45002115764707223,0.45002115764707223
0.404,1.441896427202628,-1.0378964272026279,1.0378964272026279
1.685,1.742771290353516,-0.057771290353515914,0.057771290353515914
0.847,1.8063976393527101,-0.9593976393527102,0.9593976393527102
4164.715926,5733.310724301794,-1568.594798301794,1568.594798301794
0.453214286,1.4014557178611295,-0.9482414318611295,0.9482414318611295
4.67,10.078066482370406,-5.4080664823704065,5.4080664823704065
0.841111111,1.2630329421140545,-0.42192183111405446,0.42192183111405446
0.64,0.8599320963036682,-0.21993209630366817,0.21993209630366817
1.800952381,1.7561354007529735,0.04481698024702663,0.04481698024702663
6.849375,10.72120599128356,-3.8718309912835593,3.8718309912835593
0.883571429,2.9328163353949646,-2.0492449063949647,2.0492449063949647
0.92,1.2712488152679728,-0.3512488152679728,0.3512488152679728
0.805,2.957934534775547,-2.1529345347755466,2.1529345347755466
0.333333333,1.186462143104091,-0.8531288101040909,0.8531288101040909
1.106666667,1.5101363571852566,-0.4034696901852566,0.4034696901852566
1.333333333,1.3694158747572445,-0.03608254175724457,0.03608254175724457
2.036818182,1.5659523205909767,0.47086586140902353,0.47086586140902353
0.699333333,1.1170419373809937,-0.41770860438099366,0.41770860438099366
6.102142857,7.990169120507589,-1.888026263507589,1.888026263507589
13.81571429,21.725887545089364,-7.910173255089363,7.910173255089363
0.66,1.607738805112721,-0.947738805112721,0.947738805112721
0.466666667,1.6057299247057695,-1.1390632577057695,1.1390632577057695
0.414285714,0.6895644491365417,-0.27527873513654166,0.27527873513654166
1.17,1.5976699399391963,-0.42766993993919633,0.42766993993919633
6.661666667,2.5417018785825825,4.119964788417418,4.119964788417418
1.874,1.3157007716209828,0.5582992283790174,0.5582992283790174
1.332857143,0.9979041597877193,0.33495298321228073,0.33495298321228073
0.21375,1.9187368610369742,-1.704986861036974,1.704986861036974
4.129166667,2.217958555066533,1.9112081119334667,1.9112081119334667
0.676296296,1.170032483752393,-0.49373618775239303,0.49373618775239303
11.16703704,10.741248333763016,0.4257887062369843,0.4257887062369843
0.876875,1.4368473198938012,-0.5599723198938013,0.5599723198938013
0.808,1.4484961249862658,-0.6404961249862657,0.6404961249862657
0.47,0.8987756032482374,-0.4287756032482374,0.4287756032482374
0.166206897,1.0640852558265115,-0.8978783588265115,0.8978783588265115
4.343809524,2.189608598520475,2.154200925479525,2.154200925479525
6.209444444,2.140108392775738,4.069336051224262,4.069336051224262
0.242857143,1.4309238760099285,-1.1880667330099286,1.1880667330099286
7.506363636,4.792193314064052,2.7141703219359474,2.7141703219359474
0.188571429,1.5860059483890527,-1.3974345193890527,1.3974345193890527
1.1916,2.1535455413976106,-0.9619455413976106,0.9619455413976106
4.394761905,2.2263300957302654,2.168431809269735,2.168431809269735
0.7,0.9331391007364788,-0.2331391007364788,0.2331391007364788
1.775454545,1.7745096076191313,0.00094493738086876,0.00094493738086876
3.3,1.3157007716209828,1.984299228379017,1.984299228379017
0.583333333,4.177315039857141,-3.5939817068571407,3.5939817068571407
0.3325,1.6081341436419685,-1.2756341436419685,1.2756341436419685
0.496363636,1.3302640692235137,-0.8339004332235137,0.8339004332235137
1.258518519,2.3188551939758857,-1.0603366749758858,1.0603366749758858
0.43,1.6073837214050122,-1.1773837214050122,1.1773837214050122
0.9432,1.2997399438380604,-0.3565399438380603,0.3565399438380603
0.75,1.9081381469045127,-1.1581381469045127,1.1581381469045127
0.0,2.0702600922929038,-2.0702600922929038,2.0702600922929038
0.596875,1.0725899810279838,-0.4757149810279837,0.4757149810279837
5.7176,14.91649608005733,-9.198896080057331,9.198896080057331
1.602222222,2.005075907534945,-0.40285368553494516,0.40285368553494516
1.345,2.336666516569157,-0.9916665165691569,0.9916665165691569
2.231,2.136919474296807,0.09408052570319292,0.09408052570319292
1.463333333,1.277604639767346,0.18572869323265406,0.18572869323265406
0.39,1.5860059483890527,-1.1960059483890526,1.1960059483890526
0.874347826,1.269414130739507,-0.395066304739507,0.395066304739507
3.038636364,1.9821084984753234,1.0565278655246764,1.0565278655246764
0.6045,0.913347300901529,-0.308847300901529,0.308847300901529
0.768333333,0.8987756032482374,-0.1304422702482374,0.1304422702482374
2.018888889,1.6110051526872018,0.40788373631279806,0.40788373631279806
0.77875,1.3104874630915462,-0.5317374630915461,0.5317374630915461
0.556363636,1.2552879874850504,-0.6989243514850504,0.6989243514850504
1.735714286,1.3699627210078225,0.36575156499217765,0.36575156499217765
6.236666667,4.761472763548747,1.4751939034512525,1.4751939034512525
0.707368421,1.2634784965128893,-0.5561100755128894,0.5561100755128894
0.722,1.4441031300653655,-0.7221031300653655,0.7221031300653655
37.28166667,43.95699203282237,-6.67532536282237,6.67532536282237
21.27,51.636474334037686,-30.366474334037687,30.366474334037687
1.943478261,2.0809754152026128,-0.13749715420261266,0.13749715420261266
0.0,1.5062553788643118,-1.5062553788643118,1.5062553788643118
1.256818182,0.6895644491365417,0.5672537328634583,0.5672537328634583
0.484285714,1.4251293179243691,-0.9408436039243692,0.9408436039243692
0.585714286,0.964810336224739,-0.379096050224739,0.379096050224739
0.940555556,1.683171675350062,-0.7426161193500621,0.7426161193500621
0.236666667,1.4046325036955862,-1.1679658366955863,1.1679658366955863
0.77375,1.2712488152679728,-0.4974988152679728,0.4974988152679728
1.509285714,2.2012110626138823,-0.6919253486138823,0.6919253486138823
0.8765,1.1206713428753587,-0.2441713428753588,0.2441713428753588
0.700625,1.8045629548242443,-1.1039379548242443,1.1039379548242443
0.633703704,1.7291414063451556,-1.0954377023451556,1.0954377023451556
0.589333333,1.7051813078371303,-1.1158479748371302,1.1158479748371302
0.484583333,0.7966554798381945,-0.3120721468381945,0.3120721468381945
1.747,1.5715742200700127,0.17542577992998742,0.17542577992998742
3.0,1.9736760145724774,1.0263239854275226,1.0263239854275226
0.37,1.6181022301020334,-1.2481022301020332,1.2481022301020332
0.60375,1.078656953479803,-0.47490695347980294,0.47490695347980294
0.314347826,1.4672979868864284,-1.1529501608864283,1.1529501608864283
1.1925,2.250625284898139,-1.0581252848981393,1.0581252848981393
0.958070175,1.6336714696053245,-0.6756012946053245,0.6756012946053245
19.98210526,7.1869518253184275,12.795153434681573,12.795153434681573
3.532857143,2.3410608341511394,1.1917963088488608,1.1917963088488608
8.033333333,10.833710213179883,-2.8003768801798827,2.8003768801798827
1.0,1.3157007716209828,-0.31570077162098276,0.31570077162098276
1.561333333,1.7670803027903448,-0.20574696979034468,0.20574696979034468
0.945,0.7153501680026165,0.22964983199738342,0.22964983199738342
0.25,2.943630590359061,-2.693630590359061,2.693630590359061
5.897142857,3.5970197425396044,2.300123114460396,2.300123114460396
1.263181818,2.689383360114932,-1.4262015421149319,1.4262015421149319
12.21604167,15.227085961384777,-3.0110442913847777,3.0110442913847777
0.477894737,1.6355061541337903,-1.1576114171337903,1.1576114171337903
2.963,1.8230214468873192,1.139978553112681,1.139978553112681
0.56,1.448367609382775,-0.888367609382775,0.888367609382775
2.413448276,2.528338203474693,-0.11488992747469284,0.11488992747469284
1.0,0.8957020851011476,0.10429791489885243,0.10429791489885243
3.182,1.7963238915914186,1.3856761084085814,1.3856761084085814
0.75,0.8987756032482374,-0.14877560324823735,0.14877560324823735
4.736956522,10.646841895136332,-5.909885373136332,5.909885373136332
1.321428571,3.7954809285010946,-2.474052357501095,2.474052357501095
0.248181818,1.3870582621015097,-1.1388764441015098,1.1388764441015098
1.417666667,1.7090840434727999,-0.29141737647279986,0.29141737647279986
1.202857143,1.9577276753889035,-0.7548705323889036,0.7548705323889036
1.9375,1.0814448993298884,0.8560551006701116,0.8560551006701116
1.0,2.1623841242620827,-1.1623841242620827,1.1623841242620827
12.0,14.9982807698019,-2.9982807698019,2.9982807698019
0.25,1.094347651372037,-0.8443476513720369,0.8443476513720369
0.931111111,1.4339244273329743,-0.5028133163329743,0.5028133163329743
0.445,1.318139358391177,-0.8731393583911768,0.8731393583911768
0.47,1.269414130739507,-0.7994141307395071,0.7994141307395071
1.390833333,1.9640757832162903,-0.5732424502162903,0.5732424502162903
0.61474359,1.4282476247426155,-0.8135040347426155,0.8135040347426155
16.25875,7.005585882186182,9.253164117813817,9.253164117813817
0.461538462,1.402477352541168,-0.940938890541168,0.940938890541168
9923.938333,8968.711006666594,955.2273263334064,955.2273263334064
0.3098,1.6758956759680548,-1.3660956759680547,1.3660956759680547
2.203285714,1.4347237833177815,0.7685619306822187,0.7685619306822187
0.73375,3.1595287487674453,-2.425778748767445,2.425778748767445
10.06,10.89749431970415,-0.8374943197041489,0.8374943197041489
0.804736842,1.5105860233897803,-0.7058491813897804,0.7058491813897804
13.33404255,11.044178997558562,2.289863552441437,2.289863552441437
2.171428571,2.56799208064075,-0.39656350964075004,0.39656350964075004
0.811428571,1.9640757832162903,-1.1526472122162903,1.1526472122162903
4.148421053,1.6373644585392313,2.5110565944607686,2.5110565944607686
0.616060606,1.5149635081027002,-0.8989029021027002,0.8989029021027002
2.596666667,1.3243839690893875,1.2722826979106125,1.2722826979106125
0.58,2.285717762540576,-1.705717762540576,1.705717762540576
7.205333333,10.657244284958407,-3.451910951958408,3.451910951958408
2.168571429,1.8368699791636394,0.33170144983636063,0.33170144983636063
0.197058824,1.7606366658974402,-1.5635778418974402,1.5635778418974402
0.995909091,1.269414130739507,-0.273505039739507,0.273505039739507
0.526363636,1.5718798051345961,-1.0455161691345962,1.0455161691345962
0.652307692,1.944953544437698,-1.292645852437698,1.292645852437698
0.5,1.6086955156564495,-1.1086955156564495,1.1086955156564495
14.924,12.386656523028005,2.5373434769719942,2.5373434769719942
0.70125,1.2001528608325127,-0.4989028608325127,0.4989028608325127
0.815757576,1.516798192631166,-0.701040616631166,0.701040616631166
35.91833333,28.109511978336535,7.808821351663468,7.808821351663468
0.5245,1.5860059483890527,-1.0615059483890528,1.0615059483890528
1.095882353,1.3503932065040574,-0.25451085350405744,0.25451085350405744
1.021363636,1.3699627210078225,-0.34859908500782244,0.34859908500782244
1.002962963,2.1535455413976106,-1.1505825783976105,1.1505825783976105
0.4025,1.4989260003689597,-1.0964260003689597,1.0964260003689597
11.5,7.355265966739731,4.144734033260269,4.144734033260269
64.51,64.1861200181379,0.3238799818621061,0.3238799818621061
1.242666667,1.4368473198938012,-0.19418065289380126,0.19418065289380126
3.003333333,21.537267492646308,-18.533934159646307,18.533934159646307
1.5825,0.8795781955372798,0.7029218044627202,0.7029218044627202
0.293333333,1.2712488152679728,-0.9779154822679729,0.9779154822679729
15.5455,21.652390264226494,-6.106890264226493,6.106890264226493
0.658181818,1.402477352541168,-0.744295534541168,0.744295534541168
0.386666667,1.4501428737574398,-1.0634762067574397,1.0634762067574397
0.351333333,1.516798192631166,-1.1654648596311659,1.1654648596311659
0.524,1.1443249806114302,-0.6203249806114302,0.6203249806114302
0.637083333,1.3779295904397855,-0.7408462574397855,0.7408462574397855
1.063333333,2.0913826047716833,-1.0280492717716831,1.0280492717716831
0.72047619,1.3302640692235137,-0.6097878792235137,0.6097878792235137
0.398333333,2.098754222704116,-1.700420889704116,1.700420889704116
0.324090909,1.2671982107134023,-0.9431073017134024,0.9431073017134024
1.008,2.689383360114932,-1.681383360114932,1.681383360114932
0.982857143,1.4339244273329743,-0.45106728433297427,0.45106728433297427
1.083333333,2.907064678766241,-1.8237313457662412,1.8237313457662412
1.078333333,1.1853302952983529,-0.10699696229835287,0.10699696229835287
0.312105263,1.4672979868864284,-1.1551927238864284,1.1551927238864284
0.465238095,0.972718438509946,-0.507480343509946,0.507480343509946
3.745714286,5.156220487130877,-1.410506201130877,1.410506201130877
1.766666667,2.210090566274307,-0.44342389927430714,0.44342389927430714
0.400740741,1.4339244273329743,-1.0331836863329742,1.0331836863329742
1.7,2.136919474296807,-0.436919474296807,0.436919474296807
4.133571429,2.305418045354013,1.828153383645987,1.828153383645987
1.316666667,0.6387793689926532,0.6778872980073468,0.6778872980073468
7.288571429,10.537426881763635,-3.2488554527636344,3.2488554527636344
0.78,0.8599320963036682,-0.07993209630366815,0.07993209630366815
0.976,1.516798192631166,-0.540798192631166,0.540798192631166
55.276,51.088103538878315,4.187896461121689,4.187896461121689
1.788095238,1.5644637138474378,0.22363152415256216,0.22363152415256216
0.722222222,1.9640757832162903,-1.2418535612162902,1.2418535612162902
0.520714286,1.2520744226217886,-0.7313601366217886,0.7313601366217886
1.176,1.224189435169485,-0.04818943516948515,0.04818943516948515
1.011818182,1.4339244273329743,-0.42210624533297425,0.42210624533297425
0.792222222,2.048946788857963,-1.256724566857963,1.256724566857963
0.537241379,1.8312615297551984,-1.2940201507551983,1.2940201507551983
0.55,0.6615494201335688,-0.11154942013356872,0.11154942013356872
0.944,0.6387793689926532,0.30522063100734675,0.30522063100734675
0.163571429,0.913347300901529,-0.7497758719015291,0.7497758719015291
13.76444444,13.772902141745169,-0.008457701745168578,0.008457701745168578
1.436,1.3861110371978014,0.049888962802198566,0.049888962802198566
1.818181818,1.5187350514010398,0.2994467665989602,0.2994467665989602
0.85625,1.0725899810279838,-0.2163399810279838,0.2163399810279838
0.842727273,1.4368473198938012,-0.5941200468938012,0.5941200468938012
0.834545455,1.4339244273329743,-0.5993789723329743,0.5993789723329743
0.713333333,1.4826400017807708,-0.7693066687807708,0.7693066687807708
0.585217391,0.7522035234851848,-0.1669861324851848,0.1669861324851848
0.894545455,1.516798192631166,-0.622252737631166,0.622252737631166
1.3475,0.8987756032482374,0.44872439675176257,0.44872439675176257
0.82875,0.8987756032482374,-0.07002560324823737,0.07002560324823737
1.2675,0.9722728841111111,0.29522711588888895,0.29522711588888895
1.064,1.2217486095232353,-0.15774860952323522,0.15774860952323522
0.837142857,1.3157007716209828,-0.47855791462098274,0.47855791462098274
1.405,1.2202662367430617,0.18473376325693835,0.18473376325693835
11.048,10.901377462894498,0.1466225371055021,0.1466225371055021
0.767407407,3.251341120482846,-2.483933713482846,2.483933713482846
1.253125,3.088556930930956,-1.835431930930956,1.835431930930956
0.197857143,1.3157007716209828,-1.1178436286209827,1.1178436286209827
2.421428571,2.0139308258368502,0.4074977451631496,0.4074977451631496
0.3416,1.3729321188470531,-1.031332118847053,1.031332118847053
1.0,1.4365584678462473,-0.4365584678462473,0.4365584678462473
0.7376,2.2012110626138823,-1.4636110626138823,1.4636110626138823
0.961666667,1.6336714696053245,-0.6720048026053245,0.6720048026053245
1.302727273,2.990867771619575,-1.6881404986195752,1.6881404986195752
0.9764,0.9468866788633438,0.02951332113665628,0.02951332113665628
0.315333333,0.9868445817644027,-0.6715112487644027,0.6715112487644027
0.74,1.4339244273329743,-0.6939244273329743,0.6939244273329743
28.415,46.28824933328412,-17.87324933328412,17.87324933328412
4.663913043,3.9152501948309486,0.7486628481690514,0.7486628481690514
0.495,2.901238020368998,-2.4062380203689977,2.4062380203689977
1.034444444,1.4365584678462473,-0.4021140238462473,0.4021140238462473
0.856666667,1.1372192196832462,-0.2805525526832462,0.2805525526832462
2.096666667,2.005075907534945,0.0915907594650549,0.0915907594650549
0.35,1.3694158747572445,-1.0194158747572444,1.0194158747572444
0.33,1.584083304252654,-1.254083304252654,1.254083304252654
0.33,1.4155818611155861,-1.085581861115586,1.085581861115586
0.806363636,1.1443249806114302,-0.3379613446114301,0.3379613446114301
16.7075,12.971532009644672,3.735967990355327,3.735967990355327
2.303,2.9903088685377472,-0.6873088685377473,0.6873088685377473
0.813333333,1.2378996336062582,-0.4245663006062582,0.4245663006062582
2.02875,1.722628346437335,0.30612165356266496,0.30612165356266496
0.64,1.873221407399931,-1.233221407399931,1.233221407399931
0.56,1.3529771467964304,-0.7929771467964304,0.7929771467964304
1.7775,1.318139358391177,0.4593606416088232,0.4593606416088232
3.258571429,4.519661198672988,-1.2610897696729886,1.2610897696729886
0.173076923,3.2182036890475363,-3.0451267660475363,3.0451267660475363
0.470454545,0.6895644491365417,-0.2191099041365417,0.2191099041365417
1.215942029,1.2712488152679728,-0.05530678626797281,0.05530678626797281
2.039466667,2.591798827871752,-0.5523321608717517,0.5523321608717517
0.682857143,1.2630329421140545,-0.5801757991140545,0.5801757991140545
0.553636364,1.4365584678462473,-0.8829221038462473,0.8829221038462473
0.75,1.8746844401422635,-1.1246844401422635,1.1246844401422635
0.5975,1.0256553501202101,-0.4281553501202101,0.4281553501202101
2.411666667,2.3720859011616238,0.03958076583837622,0.03958076583837622
1.522,1.6336714696053245,-0.11167146960532448,0.11167146960532448
0.283636364,0.8987756032482374,-0.6151392392482373,0.6151392392482373
0.501666667,1.1170419373809937,-0.6153752703809937,0.6153752703809937
0.705,1.0640852558265115,-0.3590852558265115,0.3590852558265115
0.976428571,2.7338686491074218,-1.7574400781074218,1.7574400781074218
0.722173913,1.6220503756435025,-0.8998764626435025,0.8998764626435025
0.466153846,0.8987756032482374,-0.43262175724823737,0.43262175724823737
0.640740741,1.116460862351002,-0.47572012135100195,0.47572012135100195
77.64055556,60.5719683907552,17.068587169244793,17.068587169244793
4.066818182,2.0408214781523406,2.025996703847659,2.025996703847659
0.52,1.9145755774715527,-1.3945755774715527,1.3945755774715527
0.626190476,1.2247132732212784,-0.5985227972212784,0.5985227972212784
1.476666667,1.277604639767346,0.19906202723265398,0.19906202723265398
0.19625,1.7568974336079726,-1.5606474336079725,1.5606474336079725
1.505862069,2.0900533090653424,-0.5841912400653424,0.5841912400653424
2.042857143,0.9672126802832689,1.0756444627167312,1.0756444627167312
0.885428571,1.5860059483890527,-0.7005773773890527,0.7005773773890527
0.37,1.0669396827110293,-0.6969396827110294,0.6969396827110294
0.521111111,0.9025396229310872,-0.3814285119310873,0.3814285119310873
16.84185185,16.59796853839754,0.24388331160245968,0.24388331160245968
1.42,1.8953293714273138,-0.4753293714273139,0.4753293714273139
0.217931034,1.2217486095232353,-1.0038175755232353,1.0038175755232353
1.5,2.000060162147422,-0.5000601621474221,0.5000601621474221
1.1,1.722628346437335,-0.622628346437335,0.622628346437335
3.717894737,9.285884438586923,-5.567989701586923,5.567989701586923
0.47,1.5311680061027575,-1.0611680061027575,1.0611680061027575
0.454166667,2.1542345360301947,-1.7000678690301947,1.7000678690301947
1.041111111,1.4339244273329743,-0.39281331633297434,0.39281331633297434
0.77,1.1131495132722,-0.3431495132722,0.3431495132722
0.875,1.2630329421140545,-0.3880329421140545,0.3880329421140545
0.826923077,1.009709899746442,-0.18278682274644198,0.18278682274644198
0.9696,1.8253431565108602,-0.8557431565108602,0.8557431565108602
0.205666667,1.269414130739507,-1.063747463739507,1.063747463739507
0.9432,1.484223989062519,-0.541023989062519,0.541023989062519
1.122222222,1.2630329421140545,-0.1408107201140545,0.1408107201140545
0.715769231,2.144569534041329,-1.4288003030413292,1.4288003030413292
3.120416667,8.592606854937857,-5.472190187937857,5.472190187937857
1.686923077,1.898191881590802,-0.211268804590802,0.211268804590802
0.753333333,3.028990989992169,-2.275657656992169,2.275657656992169
0.261666667,1.378444114006896,-1.1167774470068959,1.1167774470068959
1.038421053,1.4006426680127022,-0.3622216150127022,0.3622216150127022
0.992058824,1.3870582621015097,-0.3949994381015097,0.3949994381015097
30.97954545,15.732701339573353,15.246844110426647,15.246844110426647
0.764137931,1.2217486095232353,-0.4576106785232352,0.4576106785232352
1.49862069,1.3696905272069597,0.12893016279304037,0.12893016279304037
5.253846154,3.1595287487674453,2.0943174052325544,2.0943174052325544
28.00928571,25.94775395428899,2.061531755711009,2.061531755711009
0.093333333,1.1896297668662816,-1.0962964338662817,1.0962964338662817
12616.92333,12961.235535313208,-344.3122053132083,344.3122053132083
0.0,2.146830891302867,-2.146830891302867,2.146830891302867
5.77875,7.169093538754364,-1.3903435387543643,1.3903435387543643
1.82,1.478732557488706,0.34126744251129404,0.34126744251129404
2.446428571,1.0848568116452706,1.3615717593547296,1.3615717593547296
1.569473684,1.2611750675066813,0.3082986164933188,0.3082986164933188
1.574285714,1.0725899810279838,0.5016957329720162,0.5016957329720162
1.413684211,1.8901674601439147,-0.4764832491439146,0.4764832491439146
5.602272727,2.2263300957302654,3.3759426312697345,3.3759426312697345
0.8275,1.4339244273329743,-0.6064244273329743,0.6064244273329743
1.028181818,1.2630329421140545,-0.2348511241140545,0.2348511241140545
0.222916667,1.8123527916682824,-1.5894361246682824,1.5894361246682824
1.0,1.229894645196351,-0.22989464519635106,0.22989464519635106
0.298780488,1.4610858176450428,-1.1623053296450427,1.1623053296450427
0.072727273,2.7630584616295746,-2.6903311886295747,2.6903311886295747
1.646,1.224189435169485,0.4218105648305148,0.4218105648305148
0.795625,1.5860059483890527,-0.7903809483890527,0.7903809483890527
0.841111111,1.4365584678462473,-0.5954473568462473,0.5954473568462473
1.325,1.6336714696053245,-0.30867146960532454,0.30867146960532454
1.5,14.510977292025267,-13.010977292025267,13.010977292025267
3.803636364,2.4161670981073358,1.3874692658926642,1.3874692658926642
0.806666667,1.1966408458364821,-0.3899741788364821,0.3899741788364821
1.257142857,1.6355061541337903,-0.37836329713379024,0.37836329713379024
2.5,2.1187681236500464,0.3812318763499536,0.3812318763499536
0.118,1.8317070841540333,-1.7137070841540334,1.7137070841540334
0.36,1.3529771467964304,-0.9929771467964305,0.9929771467964305
0.44,0.8987756032482374,-0.45877560324823735,0.45877560324823735
0.77,2.324420379945352,-1.554420379945352,1.554420379945352
0.580357143,1.1430255626809527,-0.5626684196809527,0.5626684196809527
1.56,1.0863146413608973,0.47368535863910277,0.47368535863910277
0.875,0.8222048042382745,0.05279519576172553,0.05279519576172553
2.38,1.1477368929268124,1.2322631070731875,1.2322631070731875
3.436666667,0.5472601626800506,2.8894065043199495,2.8894065043199495
11.95545455,10.338440586514624,1.6170139634853768,1.6170139634853768
0.965,1.4365584678462473,-0.47155846784624733,0.47155846784624733
0.580666667,1.2217486095232353,-0.6410819425232352,0.6410819425232352
21.05416667,28.995824980473344,-7.941658310473343,7.941658310473343
0.710833333,1.4961616462025376,-0.7853283132025376,0.7853283132025376
0.807142857,1.1588966782647216,-0.35175382126472166,0.35175382126472166
0.224166667,1.2785479434526714,-1.0543812764526714,1.0543812764526714
1.55037037,2.285717762540576,-0.735347392540576,0.735347392540576
0.68,1.009709899746442,-0.32970989974644194,0.32970989974644194
15.0,8.499307472880401,6.5006925271195986,6.5006925271195986
0.646363636,1.1545036833438218,-0.5081400473438218,0.5081400473438218
0.6,1.5677870051194425,-0.9677870051194425,0.9677870051194425
0.37,1.2415685593812134,-0.8715685593812134,0.8715685593812134
2.633333333,1.3612562768676468,1.2720770561323531,1.2720770561323531
0.27,1.064800726154451,-0.794800726154451,0.794800726154451
0.93,1.2868736727199734,-0.3568736727199734,0.3568736727199734
0.571724138,2.234001636769734,-1.662277498769734,1.662277498769734
0.574285714,2.1349672684352092,-1.5606815544352093,1.5606815544352093
26.21611111,31.049321269335028,-4.833210159335028,4.833210159335028
1.048888889,1.4339244273329743,-0.3850355383329742,0.3850355383329742
0.557857143,6.133738657385175,-5.575881514385175,5.575881514385175
3.043333333,1.3788975274864101,1.66443580551359,1.66443580551359
1.219375,1.1325223328615424,0.08685266713845774,0.08685266713845774
0.438888889,1.3503932065040574,-0.9115043175040574,0.9115043175040574
1.331818182,2.132638787339474,-0.8008206053394742,0.8008206053394742
7.073333333,4.761472763548747,2.3118605694512526,2.3118605694512526
9.051666667,9.986254110655008,-0.9345874436550083,0.9345874436550083
15.2126087,14.582645971471097,0.6299627285289038,0.6299627285289038
11.676,5.426106889885737,6.249893110114263,6.249893110114263
21.3004,14.020852231381841,7.279547768618158,7.279547768618158
0.644375,2.1542345360301947,-1.5098595360301945,1.5098595360301945
0.34875,1.8405415161472152,-1.4917915161472153,1.4917915161472153
1.495,1.1092526825074607,0.38574731749253943,0.38574731749253943
0.6,1.3529771467964304,-0.7529771467964305,0.7529771467964305
1.856923077,2.174805966543769,-0.3178828895437691,0.3178828895437691
1.47,0.8382240254656582,0.6317759745343418,0.6317759745343418
0.669130435,1.6220503756435025,-0.9529199406435025,0.9529199406435025
0.0,2.2764104588089147,-2.2764104588089147,2.2764104588089147
9.0,11.496980325521355,-2.4969803255213545,2.4969803255213545
0.311875,1.2217486095232353,-0.9098736095232353,0.9098736095232353
1.225714286,1.722628346437335,-0.496914060437335,0.496914060437335
2.251111111,1.5792253589020893,0.6718857520979109,0.6718857520979109
1.624473684,1.6355061541337903,-0.011032470133790273,0.011032470133790273
1.853,1.3861110371978014,0.4668889628021986,0.4668889628021986
7.854285714,2.3664103538399353,5.487875360160065,5.487875360160065
0.705789474,1.8045629548242443,-1.0987734808242444,1.0987734808242444
0.583333333,0.8599320963036682,-0.27659876330366817,0.27659876330366817
0.76,1.395080920388405,-0.6350809203884049,0.6350809203884049
1.125,1.094347651372037,0.030652348627963066,0.030652348627963066
1.57,1.0012051745449697,0.5687948254550304,0.5687948254550304
1.346666667,3.6873802808273606,-2.3407136138273605,2.3407136138273605
0.530909091,1.7576240074965124,-1.2267149164965123,1.2267149164965123
2.78,1.860112742488972,0.9198872575110277,0.9198872575110277
0.224444444,1.2571226720135162,-1.0326782280135163,1.0326782280135163
22.26442857,11.849124034652052,10.415304535347948,10.415304535347948
5.865,6.905144186485667,-1.0401441864856666,1.0401441864856666
1.36,2.526342828048745,-1.1663428280487451,1.1663428280487451
1.98,1.4945948301104497,0.4854051698895503,0.4854051698895503
0.800833333,1.8045629548242443,-1.0037296218242444,1.0037296218242444
5013.69,6075.499899241455,-1061.8098992414552,1061.8098992414552
0.25125,1.2113168163432122,-0.9600668163432122,0.9600668163432122
6.07,3.7557448717736643,2.314255128226336,2.314255128226336
1.156363636,1.1022261491301737,0.054137486869826335,0.054137486869826335
1.47,1.8063976393527101,-0.33639763935271016,0.33639763935271016
0.4912,1.2634784965128893,-0.7722784965128893,0.7722784965128893
25.09052632,25.418909576115894,-0.32838325611589525,0.32838325611589525
0.279375,0.9577992572545385,-0.6784242572545385,0.6784242572545385
0.180857143,1.6314555495792198,-1.45059840657922,1.45059840657922
1.491363636,2.273995616946537,-0.7826319809465372,0.7826319809465372
1.6,2.289659608868966,-0.6896596088689657,0.6896596088689657
1.53,1.9489732935394142,-0.41897329353941415,0.41897329353941415
0.242857143,1.788825390376373,-1.545968247376373,1.545968247376373
6.333114754,2.2072704225735924,4.125844331426408,4.125844331426408
0.449565217,0.6895644491365417,-0.23999923213654167,0.23999923213654167
1.595,1.6355061541337903,-0.04050615413379033,0.04050615413379033
1.495,1.6586666401121832,-0.16366664011218313,0.16366664011218313
0.795,0.835895521966696,-0.04089552196669599,0.04089552196669599
2.188421053,1.516798192631166,0.6716228603688339,0.6716228603688339
0.309787234,3.0784911957369063,-2.7687039617369065,2.7687039617369065
1.296363636,1.5677870051194425,-0.27142336911944254,0.27142336911944254
0.234166667,2.0337509369196303,-1.7995842699196303,1.7995842699196303
0.93,1.9640757832162903,-1.0340757832162901,1.0340757832162901
2.59,1.4703719553384498,1.11962804466155,1.11962804466155
1.225,0.9113579893223928,0.31364201067760733,0.31364201067760733
19.705,9.90037931494596,9.804620685054038,9.804620685054038
1.791818182,1.1757234299930472,0.6160947520069529,0.6160947520069529
9.173636364,2.452526003939738,6.721110360060262,6.721110360060262
0.429545455,2.2012110626138823,-1.7716656076138824,1.7716656076138824
0.753333333,1.3448267046069824,-0.5914933716069823,0.5914933716069823
3.967,1.5105860233897803,2.4564139766102198,2.4564139766102198
9.0875,4.909810135862759,4.177689864137242,4.177689864137242
0.297826087,1.5860059483890527,-1.2881798613890527,1.2881798613890527
0.722,1.1460872618908575,-0.42408726189085755,0.42408726189085755
1.163076923,1.3189143364842446,-0.15583741348424462,0.15583741348424462
0.341875,1.0725899810279838,-0.7307149810279838,0.7307149810279838
1.665,2.217958555066533,-0.552958555066533,0.552958555066533
6.31,4.926782416127021,1.3832175838729786,1.3832175838729786
1.896363636,1.3189143364842446,0.5774492995157554,0.5774492995157554
1.908181818,1.9145755774715527,-0.006393759471552629,0.006393759471552629
1.39,0.9722728841111111,0.4177271158888888,0.4177271158888888
0.341875,0.972718438509946,-0.630843438509946,0.630843438509946
0.965,1.9145755774715527,-0.9495755774715527,0.9495755774715527
0.201666667,1.402477352541168,-1.200810685541168,1.200810685541168
0.76671875,1.6355061541337903,-0.8687874041337903,0.8687874041337903
1.248181818,0.913347300901529,0.3348345170984709,0.3348345170984709
0.682580645,2.1542345360301947,-1.4716538910301946,1.4716538910301946
1.796818182,2.045734847474518,-0.24891666547451807,0.24891666547451807
3.988378378,2.336666516569157,1.6517118614308433,1.6517118614308433
0.941818182,1.4365584678462473,-0.4947402858462473,0.4947402858462473
1.887777778,2.4598924805718045,-0.5721147025718045,0.5721147025718045
1.86,1.7144717168515582,0.1455282831484419,0.1455282831484419
2.924,1.5428763791622646,1.3811236208377353,1.3811236208377353
0.994782609,1.8312615297551984,-0.8364789207551984,0.8364789207551984
1.7625,1.8063976393527101,-0.04389763935271018,0.04389763935271018
11.36285714,13.67585131175131,-2.3129941717513116,2.3129941717513116
1.306363636,1.1120650538614245,0.19429858213857543,0.19429858213857543
0.258125,0.8987756032482374,-0.6406506032482373,0.6406506032482373
0.615,1.8063976393527101,-1.1913976393527101,1.1913976393527101
0.605,1.63750513149921,-1.03250513149921,1.03250513149921
39.73108696,47.08656057728853,-7.355473617288531,7.355473617288531
1.04,1.230880865663365,-0.19088086566336493,0.19088086566336493
1.253529412,1.7561354007529735,-0.5026059887529735,0.5026059887529735
2.425,1.2278307684327334,1.1971692315672664,1.1971692315672664
1.845,0.22745478016724294,1.6175452198327571,1.6175452198327571
2.046666667,1.8748433622555978,0.17182330474440244,0.17182330474440244
5.12,8.019437956147044,-2.899437956147044,2.899437956147044
0.212222222,3.086031467904571,-2.873809245904571,2.873809245904571
1.527142857,1.6837848394927657,-0.15664198249276562,0.15664198249276562
0.790909091,1.2217486095232353,-0.4308395185232353,0.4308395185232353
0.32,1.304788193229788,-0.984788193229788,0.984788193229788
1.30875,1.4339244273329743,-0.12517442733297424,0.12517442733297424
0.425,0.8599320963036682,-0.4349320963036682,0.4349320963036682
0.35,1.1613288345962947,-0.8113288345962947,0.8113288345962947
1.45173913,1.3498522029765463,0.1018869270234537,0.1018869270234537
0.213428571,1.3189143364842446,-1.1054857654842447,1.1054857654842447
0.58,0.8286313525488632,-0.24863135254886326,0.24863135254886326
0.390625,2.5043657316415557,-2.1137407316415557,2.1137407316415557
1.799444444,3.243607809618155,-1.4441633656181552,1.4441633656181552
1.236363636,1.4339244273329743,-0.19756079133297422,0.19756079133297422
0.42952381,0.7522035234851848,-0.3226797134851848,0.3226797134851848
5.307142857,2.8167833428055564,2.4903595141944432,2.4903595141944432
1.032,1.1724733093986428,-0.14047330939864278,0.14047330939864278
3.6065,1.3751124709212008,2.2313875290787992,2.2313875290787992
1.215,1.3970307104691955,-0.1820307104691954,0.1820307104691954
0.725,2.324420379945352,-1.599420379945352,1.599420379945352
0.334736842,1.2076224662687787,-0.8728856242687787,0.8728856242687787
0.4,1.0591310224336952,-0.6591310224336951,0.6591310224336951
2.53,4.449301470084152,-1.9193014700841524,1.9193014700841524
2.301428571,1.4365584678462473,0.8648701031537529,0.8648701031537529
1.14375,0.7598021243556262,0.3839478756443738,0.3839478756443738
0.633913043,1.6220503756435025,-0.9881373326435026,0.9881373326435026
0.766923077,1.4339244273329743,-0.6670013503329744,0.6670013503329744
1.88,2.825875400542961,-0.945875400542961,0.945875400542961
0.437307692,1.012814684454504,-0.575506992454504,0.575506992454504
0.966666667,7.280978075232638,-6.314311408232638,6.314311408232638
0.0,2.9581367564005157,-2.9581367564005157,2.9581367564005157
1.394516129,1.584083304252654,-0.18956717525265399,0.18956717525265399
1.006363636,1.2712488152679728,-0.26488517926797295,0.26488517926797295
1.0,1.919820437362504,-0.9198204373625041,0.9198204373625041
0.864090909,1.269414130739507,-0.4053232217395071,0.4053232217395071
13.93277778,8.435394317978796,5.4973834620212045,5.4973834620212045
2.525333333,1.6555314422348972,0.8698018907651026,0.8698018907651026
37.13647059,55.15762092920346,-18.02115033920346,18.02115033920346
1.03,0.7362851975342656,0.29371480246573445,0.29371480246573445
1.397777778,3.2569063064523123,-1.8591285284523122,1.8591285284523122
11.718,7.18061807175648,4.53738192824352,4.53738192824352
0.2225,0.812884023202462,-0.590384023202462,0.590384023202462
1.24,1.6892212572700522,-0.44922125727005224,0.44922125727005224
0.5436,0.9351138264997342,-0.3915138264997342,0.3915138264997342
3.2490625,2.0013592536048437,1.2477032463951563,1.2477032463951563
0.368333333,1.304788193229788,-0.936454860229788,0.936454860229788
0.487307692,1.4674638052947895,-0.9801561132947895,0.9801561132947895
1.45,7.008170869039266,-5.558170869039266,5.558170869039266
2.080952381,1.5030698415441903,0.5778825394558096,0.5778825394558096
1.13,1.5860059483890527,-0.45600594838905284,0.45600594838905284
9.706,5.50918599026341,4.196814009736589,4.196814009736589
0.803333333,1.9863077145093195,-1.1829743815093194,1.1829743815093194
0.254074074,0.9722728841111111,-0.7181988101111112,0.7181988101111112
0.93375,1.2552879874850504,-0.32153798748505047,0.32153798748505047
11.70933333,11.030052854304106,0.6792804756958937,0.6792804756958937
0.542,0.9331391007364788,-0.39113910073647873,0.39113910073647873
1.12,1.0234465560828292,0.09655344391717091,0.09655344391717091
0.18625,1.742771290353516,-1.556521290353516,1.556521290353516
0.729066667,1.683171675350062,-0.9541050083500621,0.9541050083500621
1.29375,1.9031479077963456,-0.6093979077963456,0.6093979077963456
0.35,1.3573536283230108,-1.0073536283230107,1.0073536283230107
0.641666667,0.5890790859870182,0.05258758101298178,0.05258758101298178
0.884,1.5350001797852342,-0.6510001797852342,0.6510001797852342
1.627,1.3038680183471538,0.3231319816528462,0.3231319816528462
0.723076923,1.7051813078371303,-0.9821043848371303,0.9821043848371303
0.914444444,1.4672979868864284,-0.5528535428864284,0.5528535428864284
0.351538462,3.5791129213197266,-3.2275744593197264,3.2275744593197264
0.71,1.1054814736668608,-0.3954814736668608,0.3954814736668608
1.156,1.224189435169485,-0.06818943516948517,0.06818943516948517
0.85,1.3699627210078225,-0.5199627210078225,0.5199627210078225
0.0,1.9725766557652282,-1.9725766557652282,1.9725766557652282
8.015333333,6.975360367673776,1.039972965326223,1.039972965326223
0.433333333,1.724437886208394,-1.291104553208394,1.291104553208394
0.466666667,1.0725899810279838,-0.6059233140279838,0.6059233140279838
1.138846154,1.046717520931962,0.0921286330680382,0.0921286330680382
0.866363636,1.1443249806114302,-0.2779613446114302,0.2779613446114302
38.706,3.910503958452697,34.79549604154731,34.79549604154731
0.4775,1.2098854907529981,-0.7323854907529981,0.7323854907529981
0.062666667,1.2712488152679728,-1.2085821482679728,1.2085821482679728
0.6375,1.8305725351226143,-1.1930725351226144,1.1930725351226144
1.166666667,2.8498259382667,-1.6831592712666998,1.6831592712666998
1.0375,2.1427670796733413,-1.1052670796733413,1.1052670796733413
0.815555556,1.1757234299930472,-0.3601678739930473,0.3601678739930473
0.911666667,1.4365584678462473,-0.5248918008462473,0.5248918008462473
2.89,0.22745478016724294,2.662545219832757,2.662545219832757
1.46,1.4339244273329743,0.026075572667025648,0.026075572667025648
1.015454545,0.8987756032482374,0.11667894175176274,0.11667894175176274
2.951428571,4.5054690947095954,-1.5540405237095953,1.5540405237095953
0.4992,1.6122693269688606,-1.1130693269688607,1.1130693269688607
1.202857143,3.083957056062737,-1.881099913062737,1.881099913062737
2.778,1.7546907307452349,1.0233092692547652,1.0233092692547652
2.568571429,2.093266873928604,0.4753045550713959,0.4753045550713959
0.344375,1.078656953479803,-0.734281953479803,0.734281953479803
0.213333333,1.2712488152679728,-1.0579154822679728,1.0579154822679728
0.282727273,1.1588966782647216,-0.8761694052647216,0.8761694052647216
0.786666667,1.5664005726173116,-0.7797339056173116,0.7797339056173116
21.96,7.879549086728463,14.080450913271537,14.080450913271537
0.65,1.1545036833438218,-0.5045036833438218,0.5045036833438218
2.205,1.9805996867311777,0.22440031326882237,0.22440031326882237
1.634166667,1.0402714642972015,0.5938952027027984,0.5938952027027984
0.337777778,1.124007304222205,-0.786229526222205,0.786229526222205
57.58454545,47.49805161042872,10.086493839571283,10.086493839571283
2.426428571,1.2269541616098545,1.1994744093901457,1.1994744093901457
4.273333333,1.854063160568982,2.419270172431018,2.419270172431018
8.895,11.147607032911846,-2.252607032911847,2.252607032911847
11.48692308,7.268410371573055,4.218512708426945,4.218512708426945
2.051818182,1.1954024141430841,0.8564157678569158,0.8564157678569158
7.745,8.802147660203541,-1.0571476602035412,1.0571476602035412
0.580149254,1.4365584678462473,-0.8564092138462474,0.8564092138462474
0.2296875,1.2785479434526714,-1.0488604434526714,1.0488604434526714
1.145454545,1.683171675350062,-0.5377171303500621,0.5377171303500621
0.370454545,1.3870582621015097,-1.0166037171015097,1.0166037171015097
0.38,1.402477352541168,-1.0224773525411681,1.0224773525411681
1.625714286,2.203734741774932,-0.578020455774932,0.578020455774932
2.0,1.919820437362504,0.08017956263749593,0.08017956263749593
0.651111111,1.0725899810279838,-0.4214788700279838,0.4214788700279838
1.46375,1.2217486095232353,0.24200139047676483,0.24200139047676483
14.14285714,7.774613897799684,6.368243242200316,6.368243242200316
10.64153846,10.152977403642414,0.48856105635758595,0.48856105635758595
0.18,2.285717762540576,-2.105717762540576,2.105717762540576
19.94,20.713511763696086,-0.7735117636960851,0.7735117636960851
0.58,1.399520040651426,-0.8195200406514261,0.8195200406514261
3.0,2.247422143255416,0.7525778567445842,0.7525778567445842
0.483333333,1.4046325036955862,-0.9212991706955862,0.9212991706955862
1.038888889,1.4672979868864284,-0.42840909788642834,0.42840909788642834
4.169333333,2.953765256451775,1.2155680765482249,1.2155680765482249
2.185,0.9672126802832689,1.2177873197167313,1.2177873197167313
0.76,1.6064819244379553,-0.8464819244379553,0.8464819244379553
0.8,1.7864572770297376,-0.9864572770297375,0.9864572770297375
0.44,1.1296849726702969,-0.6896849726702969,0.6896849726702969
0.491428571,1.7672998234300465,-1.2758712524300466,1.2758712524300466
0.573913043,1.6220503756435025,-1.0481373326435026,1.0481373326435026
0.341470588,1.5644637138474378,-1.2229931258474378,1.2229931258474378
0.774444444,1.1443249806114302,-0.36988053661143017,0.36988053661143017
1.654545455,1.2381293496355237,0.4164161053644764,0.4164161053644764
0.370909091,1.1357018214436587,-0.7647927304436587,0.7647927304436587
6.312,4.3054631522786915,2.006536847721309,2.006536847721309
0.91,1.079607506868433,-0.16960750686843296,0.16960750686843296
0.844615385,1.3243839690893875,-0.4797685840893875,0.4797685840893875
0.137761194,1.170032483752393,-1.032271289752393,1.032271289752393
0.0,3.086031467904571,-3.086031467904571,3.086031467904571
0.977,1.2712488152679728,-0.29424881526797286,0.29424881526797286
0.24,1.2217486095232353,-0.9817486095232353,0.9817486095232353
0.4182,2.998186061719799,-2.579986061719799,2.579986061719799
0.759,1.2217486095232353,-0.46274860952323527,0.46274860952323527
0.745957447,1.5055377739980527,-0.7595803269980527,0.7595803269980527
1.4625,1.9031479077963456,-0.44064790779634566,0.44064790779634566
1.266071429,0.913347300901529,0.35272412809847087,0.35272412809847087
0.56,1.1170419373809937,-0.5570419373809936,0.5570419373809936
0.13,2.4234282147339434,-2.2934282147339435,2.2934282147339435
0.706,1.6584538922420222,-0.9524538922420223,0.9524538922420223
7.2075,10.755657038557521,-3.5481570385575214,3.5481570385575214
0.503421053,1.2712488152679728,-0.7678277622679729,0.7678277622679729
1.036666667,1.3699627210078225,-0.3332960540078225,0.3332960540078225
11.15727273,10.2696603366588,0.8876123933412003,0.8876123933412003
6.25,9.847743718782898,-3.5977437187828976,3.5977437187828976
0.229333333,0.9464411244645091,-0.7171077914645091,0.7171077914645091
0.153846154,3.251341120482846,-3.097494966482846,3.097494966482846
8.33,10.195081513105306,-1.8650815131053058,1.8650815131053058
10.31714286,12.900350633315758,-2.583207773315758,2.583207773315758
0.556666667,0.9468866788633438,-0.39022001186334376,0.39022001186334376
1.023333333,1.269414130739507,-0.24608079773950697,0.24608079773950697
0.557142857,2.085467062690472,-1.5283242056904718,1.5283242056904718
1.481538462,0.8348138969230859,0.6467245650769141,0.6467245650769141
0.28625,1.2217486095232353,-0.9354986095232353,0.9354986095232353
0.817777778,1.3870582621015097,-0.5692804841015098,0.5692804841015098
0.475882353,1.3189143364842446,-0.8430319834842446,0.8430319834842446
0.31,1.8312615297551984,-1.5212615297551983,1.5212615297551983
0.353,1.143510481720993,-0.7905104817209929,0.7905104817209929
0.407586207,1.0695282818180791,-0.6619420748180791,0.6619420748180791
1.322857143,1.395080920388405,-0.07222377738840491,0.07222377738840491
0.782727273,2.997223596118951,-2.214496323118951,2.214496323118951
12.524,8.004295263762044,4.519704736237955,4.519704736237955
2.925945946,1.7702938676536069,1.1556520783463933,1.1556520783463933
1.702857143,1.8748433622555978,-0.17198621925559787,0.17198621925559787
2.482142857,1.1650965364301895,1.3170463205698104,1.3170463205698104
2.5968,5.3719377192519655,-2.7751377192519655,2.7751377192519655
0.583870968,1.5696012773453212,-0.9857303093453211,0.9857303093453211
0.608461538,2.085467062690472,-1.4770055246904719,1.4770055246904719
2.43962963,1.8151913784054514,0.6244382515945488,0.6244382515945488
0.285714286,1.402477352541168,-1.116763066541168,1.116763066541168
104.9803571,94.07236054403947,10.907996555960537,10.907996555960537
0.656944444,1.683171675350062,-1.0262272313500622,1.0262272313500622
21.46470588,16.86969147622303,4.595014403776972,4.595014403776972
0.77,1.420597640063325,-0.6505976400633249,0.6505976400633249
12.37333333,9.789165619175431,2.584167710824568,2.584167710824568
0.65125,2.8366668490284317,-2.1854168490284316,2.1854168490284316
1.092156863,1.6254324063724988,-0.5332755433724987,0.5332755433724987
13248.16226,11588.025149749184,1660.1371102508147,1660.1371102508147
0.874444444,1.5860059483890527,-0.7115615043890527,0.7115615043890527
0.243333333,2.2288472463440496,-1.9855139133440496,1.9855139133440496
0.876,1.078656953479803,-0.20265695347980295,0.20265695347980295
4.87,1.607738805112721,3.2622611948872793,3.2622611948872793
0.686,3.070548593322666,-2.384548593322666,2.384548593322666
32.50806452,28.028709025684954,4.479355494315044,4.479355494315044
1.764347826,0.8208816074531146,0.9434662185468855,0.9434662185468855
2.0885,1.2712488152679728,0.817251184732027,0.817251184732027
0.445833333,1.9622410986878243,-1.5164077656878243,1.5164077656878243
0.341666667,1.2571226720135162,-0.9154560050135163,0.9154560050135163
0.545,-0.06586239970941388,0.6108623997094139,0.6108623997094139
18.23722222,15.986291081582788,2.2509311384172115,2.2509311384172115
0.575454545,1.0123691300556692,-0.43691458505566916,0.43691458505566916
79.05115385,64.90205628710996,14.149097562890049,14.149097562890049
1.804444444,1.5105860233897803,0.2938584206102197,0.2938584206102197
1.752380952,1.8748433622555978,-0.12246241025559779,0.12246241025559779
0.639375,1.5067244448698744,-0.8673494448698744,0.8673494448698744
8.257272727,10.140089779341407,-1.882817052341407,1.882817052341407
2.675,17.722806052347114,-15.047806052347113,15.047806052347113
0.603636364,1.2258885139965037,-0.6222521499965037,0.6222521499965037
0.513611111,1.2217486095232353,-0.7081374985232353,0.7081374985232353
1.886,1.6355061541337903,0.2504938458662096,0.2504938458662096
0.138333333,1.4365584678462473,-1.2982251348462472,1.2982251348462472
0.79,2.144569534041329,-1.354569534041329,1.354569534041329
1.5,15.971073067197448,-14.471073067197448,14.471073067197448
19.35785714,12.551966175606278,6.805890964393722,6.805890964393722
0.58,1.4291562087536158,-0.8491562087536159,0.8491562087536159
0.4375,1.137664774082081,-0.7001647740820811,0.7001647740820811
0.26,3.086031467904571,-2.8260314679045706,2.8260314679045706
1.950555556,1.516798192631166,0.4337573633688341,0.4337573633688341
1.063333333,2.3371184302025463,-1.2737850972025462,1.2737850972025462
28.8925,17.74724703329184,11.14525296670816,11.14525296670816
1.17,0.8987756032482374,0.2712243967517626,0.2712243967517626
0.583703704,1.2721377875046518,-0.6884340835046517,0.6884340835046517
0.40125,1.277604639767346,-0.876354639767346,0.876354639767346
0.458888889,2.5184918748960126,-2.0596029858960128,2.0596029858960128
0.2495,1.4665706736038626,-1.2170706736038626,1.2170706736038626
0.975,1.7259456533584248,-0.7509456533584248,0.7509456533584248
0.3675,0.7172540414985044,-0.34975404149850436,0.34975404149850436
1.743636364,1.224189435169485,0.519446928830515,0.519446928830515
0.415,1.8138421885955796,-1.3988421885955795,1.3988421885955795
1.4275,2.0980759673522362,-0.6705759673522362,0.6705759673522362
3.655714286,1.2634784965128893,2.3922357894871107,2.3922357894871107
0.88,0.6387793689926532,0.2412206310073468,0.2412206310073468
0.07875,3.086031467904571,-3.007281467904571,3.007281467904571
0.481111111,1.5856588474440685,-1.1045477364440686,1.1045477364440686
2.75,1.7989627411372398,0.9510372588627602,0.9510372588627602
6.455714286,4.32285611917472,2.1328581668252804,2.1328581668252804
9.894202899,10.452175579431911,-0.5579726804319112,0.5579726804319112
1.22,1.2278307684327334,-0.007830768432733448,0.007830768432733448
0.888571429,0.8599320963036682,0.028639332696331787,0.028639332696331787
5.593888889,7.305357866822774,-1.7114689778227747,1.7114689778227747
0.7936,1.3157007716209828,-0.5221007716209828,0.5221007716209828
0.457272727,1.0725899810279838,-0.6153172540279838,0.6153172540279838
0.3472,1.5860059483890527,-1.2388059483890528,1.2388059483890528
0.235,1.7833074671584184,-1.5483074671584185,1.5483074671584185
0.297333333,1.0199384053273828,-0.7226050723273828,0.7226050723273828
0.7575,0.9875144568165481,-0.2300144568165482,0.2300144568165482
3.715384615,1.9640757832162903,1.7513088317837098,1.7513088317837098
0.491666667,3.3124750486131056,-2.8208083816131055,2.8208083816131055
0.636,1.1460872618908575,-0.5100872618908575,0.5100872618908575
0.337368421,1.2217486095232353,-0.8843801885232353,0.8843801885232353
39.25787879,55.15762092920346,-15.899742139203461,15.899742139203461
0.985555556,1.3111440177291611,-0.3255884617291611,0.3255884617291611
0.113157895,2.184560349128748,-2.071402454128748,2.071402454128748
0.775909091,1.5860059483890527,-0.8100968573890527,0.8100968573890527
1.257777778,1.277604639767346,-0.01982686176734605,0.01982686176734605
1.840877193,2.289000995352885,-0.44812380235288507,0.44812380235288507
1.097037037,0.9175131760634588,0.17952386093654116,0.17952386093654116
0.6375,1.2662005658762452,-0.6287005658762452,0.6287005658762452
5.947173913,8.048747220115052,-2.1015733071150517,2.1015733071150517
1.692727273,3.1362224521472277,-1.4434951791472277,1.4434951791472277
0.764029851,1.516798192631166,-0.752768341631166,0.752768341631166
0.569583333,1.0549565841647877,-0.4853732511647877,0.4853732511647877
0.164285714,1.2997399438380604,-1.1354542298380603,1.1354542298380603
0.696086957,1.4484961249862658,-0.7524091679862658,0.7524091679862658
0.79,1.025241748881942,-0.23524174888194205,0.23524174888194205
1.690833333,1.4368473198938012,0.25398601310619884,0.25398601310619884
8.3425,4.73891865064384,3.6035813493561593,3.6035813493561593
3.305,2.7314486676441994,0.5735513323558008,0.5735513323558008
0.6992,1.295245890386109,-0.596045890386109,0.596045890386109
0.815,1.0669396827110293,-0.2519396827110294,0.2519396827110294
2.225238095,2.045734847474518,0.17950324752548186,0.17950324752548186
1.621923077,1.8305725351226143,-0.20864945812261437,0.20864945812261437
0.2196,1.2634784965128893,-1.0438784965128893,1.0438784965128893
1.0775,1.2217486095232353,-0.14424860952323537,0.14424860952323537
10.2626087,5.15354485278446,5.109063847215539,5.109063847215539
0.513461538,1.54323924301806,-1.0297777050180599,1.0297777050180599
0.591034483,2.285717762540576,-1.694683279540576,1.694683279540576
21.95478261,12.863278919500972,9.091503690499026,9.091503690499026
1.12,1.1443249806114302,-0.02432498061143007,0.02432498061143007
0.294285714,1.3899126889860274,-1.0956269749860275,1.0956269749860275
4.862857143,1.9577276753889035,2.905129467611097,2.905129467611097
1.065333333,1.7904368115697877,-0.7251034785697876,0.7251034785697876
1.154666667,2.56799208064075,-1.4133254136407498,1.4133254136407498
61.34,59.19402037528962,2.1459796247103853,2.1459796247103853
0.985,0.8987756032482374,0.08622439675176263,0.08622439675176263
0.772307692,0.9824515868435024,-0.21014389484350238,0.21014389484350238
4.13,1.094347651372037,3.0356523486279627,3.0356523486279627
1.025833333,1.2378996336062582,-0.2120663006062582,0.2120663006062582
11.1,12.2426948414788,-1.1426948414788,1.1426948414788
7.14,3.493191956717781,3.6468080432822187,3.6468080432822187
0.659090909,1.1022261491301737,-0.4431352401301737,0.4431352401301737
0.460454545,1.2911952858315385,-0.8307407408315386,0.8307407408315386
0.165384615,1.2217486095232353,-1.0563639945232353,1.0563639945232353
0.793076923,1.2630329421140545,-0.4699560191140545,0.4699560191140545
0.368,1.9970167367323075,-1.6290167367323076,1.6290167367323076
0.495454545,1.1544777125352226,-0.6590231675352225,0.6590231675352225
4.660952381,3.22111988574072,1.4398324952592803,1.4398324952592803
0.314545455,0.7983715001592467,-0.48382604515924676,0.48382604515924676
0.464,1.6355061541337903,-1.1715061541337903,1.1715061541337903
8.578461538,1.7958676159689282,6.782593922031072,6.782593922031072
0.923636364,1.4339244273329743,-0.5102880633329743,0.5102880633329743
0.308125,1.170032483752393,-0.861907483752393,0.861907483752393
0.3108,2.406030366974747,-2.095230366974747,2.095230366974747
0.8,1.792418022810629,-0.992418022810629,0.992418022810629
0.222666667,0.8987756032482374,-0.6761089362482373,0.6761089362482373
1.155294118,1.1443249806114302,0.01096913738856986,0.01096913738856986
0.6455,1.54323924301806,-0.89773924301806,0.89773924301806
0.32,1.3954931498221794,-1.0754931498221794,1.0754931498221794
24.54181818,17.359656658577546,7.182161521422454,7.182161521422454
0.415555556,1.1466781054831834,-0.7311225494831834,0.7311225494831834
0.448333333,1.4006426680127022,-0.9523093350127022,0.9523093350127022
0.8034375,2.1542345360301947,-1.3507970360301946,1.3507970360301946
1.879090909,2.4293504356544116,-0.5502595266544115,0.5502595266544115
1.065263158,1.3189143364842446,-0.25365117848424457,0.25365117848424457
1.703125,1.6355061541337903,0.0676188458662097,0.0676188458662097
1.827714286,1.4587641080215017,0.3689501779784983,0.3689501779784983
6.340909091,2.878134369780887,3.4627747212191133,3.4627747212191133
1.938461538,2.150769392206797,-0.2123078542067971,0.2123078542067971
9.53,10.896168057504237,-1.3661680575042379,1.3661680575042379
8.149090909,9.969198294122489,-1.8201073851224887,1.8201073851224887
12.2,12.783419027669657,-0.5834190276696578,0.5834190276696578
5.8825,4.349910141485296,1.5325898585147044,1.5325898585147044
2.8475,1.8151913784054514,1.0323086215945487,1.0323086215945487
2.391428571,9.098482097619376,-6.707053526619376,6.707053526619376
2.37875,1.8063976393527101,0.57235236064729,0.57235236064729
1.797586207,4.052600293581947,-2.255014086581947,2.255014086581947
0.910714286,1.7683814484736566,-0.8576671624736566,0.8576671624736566
0.623333333,1.0640852558265115,-0.44075192282651143,0.44075192282651143
0.844745763,0.9527737588849745,-0.10802799588497447,0.10802799588497447
1.05,0.8599320963036682,0.19006790369633186,0.19006790369633186
