Actual_Yield,Predicted_Yield,Residual,Absolute_Error
0.41,1.959689057111866,-1.549689057111866,1.549689057111866
0.231818182,1.5756050608868883,-1.3437868788868883,1.3437868788868883
5.604761905,2.4396212055843627,3.1651406994156375,3.1651406994156375
0.317272727,1.7489172583310624,-1.4316445313310624,1.4316445313310624
0.314444444,1.4989202932424952,-1.1844758492424952,1.1844758492424952
1.689130435,2.200526073436832,-0.5113956384368321,0.5113956384368321
1.834444444,1.4989202932424952,0.33552415075750486,0.33552415075750486
7.803571429,18.147979490642587,-10.344408061642588,10.344408061642588
0.21125,1.5637116150370596,-1.3524616150370596,1.3524616150370596
1.118,1.7097391299602038,-0.5917391299602037,0.5917391299602037
10.60615385,10.266035828518312,0.3401180214816879,0.3401180214816879
8.454333333,6.318372940524623,2.1359603924753765,2.1359603924753765
0.299166667,1.6722324906866692,-1.3730658236866693,1.3730658236866693
1.0,2.819575942612021,-1.8195759426120208,1.8195759426120208
9.0,6.645793035901779,2.3542069640982213,2.3542069640982213
0.8025,1.423228416573822,-0.620728416573822,0.620728416573822
3.212941176,1.9483976007061856,1.2645435752938146,1.2645435752938146
1.802222222,2.0262209850169386,-0.22399876301693866,0.22399876301693866
2.131,1.6732253816623892,0.4577746183376106,0.4577746183376106
3.23125,1.6732253816623892,1.558024618337611,1.558024618337611
0.367391304,3.063840632519447,-2.696449328519447,2.696449328519447
1.1125,1.8358943342754883,-0.7233943342754883,0.7233943342754883
0.465909091,1.5756050608868883,-1.1096959698868885,1.1096959698868885
1.6,3.835968731622561,-2.235968731622561,2.235968731622561
2.88,3.3727548128467824,-0.49275481284678246,0.49275481284678246
0.603636364,1.4989202932424952,-0.8952839292424952,0.8952839292424952
0.8,1.9803340353944225,-1.1803340353944225,1.1803340353944225
0.664285714,1.423228416573822,-0.758942702573822,0.758942702573822
6.73,3.1953349096274133,3.534665090372587,3.534665090372587
1.057619048,1.596540614017996,-0.538921566017996,0.538921566017996
0.728888889,2.6129334030285376,-1.8840445140285376,1.8840445140285376
1.144642857,1.6993935265933384,-0.5547506695933384,0.5547506695933384
30.82,48.28358219732917,-17.463582197329167,17.463582197329167
0.325,2.036373824756258,-1.7113738247562582,1.7113738247562582
3.046666667,1.9803340353944225,1.0663326316055777,1.0663326316055777
15.46571429,10.341727705186987,5.123986584813013,5.123986584813013
1.106206897,2.4396212055843627,-1.3334143085843626,1.3334143085843626
0.505,1.596540614017996,-1.0915406140179962,1.0915406140179962
0.532173913,1.7489172583310624,-1.2167433453310623,1.2167433453310623
1.147142857,1.793184977800259,-0.6460421208002591,0.6460421208002591
18.0,12.087609082573222,5.912390917426778,5.912390917426778
1.206315789,1.4999131842182152,-0.29359739521821515,0.29359739521821515
0.231111111,2.5406032345709844,-2.309492123570984,2.309492123570984
1.33875,1.4670841852372787,-0.12833418523727858,0.12833418523727858
1.6,1.943820287096608,-0.34382028709660784,0.34382028709660784
0.608,1.8727057240375125,-1.2647057240375124,1.2647057240375124
0.60125,1.4989202932424952,-0.8976702932424953,0.8976702932424953
1.6025,3.102284088374596,-1.499784088374596,1.499784088374596
1.450740741,3.114781017947738,-1.6640402769477383,1.6640402769477383
3.489166667,2.200526073436832,1.288640593563168,1.288640593563168
1.671428571,3.0220227121832384,-1.3505941411832383,1.3505941411832383
0.4,2.4923702725351737,-2.092370272535174,2.092370272535174
0.64,0.2728925110204276,0.3671074889795724,0.3671074889795724
1.756363636,1.7097391299602038,0.046624506039796065,0.046624506039796065
1.644285714,1.6722324906866692,-0.027946776686669228,0.027946776686669228
0.597857143,2.5406032345709844,-1.9427460915709842,1.9427460915709842
11.41729167,11.359113385173242,0.058178284826757576,0.058178284826757576
0.223076923,1.6732253816623892,-1.4501484586623892,1.4501484586623892
1.0575,1.5364269325160298,-0.4789269325160297,0.4789269325160297
0.315172414,1.4999131842182152,-1.1847407702182151,1.1847407702182151
0.057777778,2.516305973228756,-2.4585281952287557,2.4585281952287557
0.782307692,1.596540614017996,-0.814232922017996,0.814232922017996
0.329565217,1.5035979335350933,-1.1740327165350932,1.1740327165350932
4.2325,1.7489172583310624,2.4835827416689376,2.4835827416689376
0.5075,1.596540614017996,-1.0890406140179962,1.0890406140179962
0.762727273,1.7165002101558664,-0.9537729371558664,0.9537729371558664
0.176842105,1.5035979335350933,-1.3267558285350933,1.3267558285350933
0.76,1.423228416573822,-0.663228416573822,0.663228416573822
0.91,1.423228416573822,-0.513228416573822,0.513228416573822
1.113333333,1.4989202932424952,-0.3855869602424953,0.3855869602424953
0.77125,1.5756050608868883,-0.8043550608868884,0.8043550608868884
0.727837838,1.4999131842182152,-0.7720753462182152,0.7720753462182152
0.361666667,1.1717146231656472,-0.8100479561656473,0.8100479561656473
1.426,1.909219472335327,-0.48321947233532714,0.48321947233532714
1.907931034,1.7489172583310624,0.1590137756689376,0.1590137756689376
0.807777778,1.269334943941148,-0.46155716594114815,0.46155716594114815
8.655,10.092723631074138,-1.4377236310741388,1.4377236310741388
1.702857143,1.4989202932424952,0.2039368497575047,0.2039368497575047
2.818181818,1.8727057240375125,0.9454760939624873,0.9454760939624873
0.473636364,1.9606819480875854,-1.4870455840875856,1.4870455840875856
1.310769231,1.6722324906866692,-0.36146325968666915,0.36146325968666915
0.962222222,1.4989202932424952,-0.5366980712424952,0.5366980712424952
1.155,1.423228416573822,-0.268228416573822,0.268228416573822
0.653636364,1.8358943342754883,-1.1822579702754883,1.1822579702754883
0.669361702,1.7489172583310624,-1.0795555563310624,1.0795555563310624
2.018611111,1.7489172583310624,0.2696938526689374,0.2696938526689374
12507.61667,11872.28780070158,635.3288692984188,635.3288692984188
0.733666667,2.664391700277435,-1.9307250332774348,1.9307250332774348
0.095454545,1.4989202932424952,-1.4034657482424953,1.4034657482424953
0.803541667,1.8727057240375125,-1.0691640570375125,1.0691640570375125
1.028888889,1.423228416573822,-0.39433952757382196,0.39433952757382196
42.421,38.36422997821362,4.056770021786377,4.056770021786377
0.418571429,2.6129334030285376,-2.1943619740285376,2.1943619740285376
3.0,2.019512163765281,0.9804878362347189,0.9804878362347189
6.240714286,7.115230437405485,-0.8745161514054844,0.8745161514054844
17.15,6.461986091488817,10.68801390851118,10.68801390851118
72.95916667,39.50814045337088,33.451026216629124,33.451026216629124
5.978333333,2.6129334030285376,3.3653999299714625,3.3653999299714625
2.717307692,3.114781017947738,-0.3974733259477383,0.3974733259477383
22.369,11.359113385173242,11.009886614826758,11.009886614826758
0.53,1.5756050608868883,-1.0456050608868883,1.0456050608868883
6245.638519,7544.0866555255825,-1298.4481365255824,1298.4481365255824
0.898928571,1.6732253816623892,-0.7742968106623892,0.7742968106623892
0.874,1.423228416573822,-0.549228416573822,0.549228416573822
0.359444444,1.4670841852372787,-1.1076397412372787,1.1076397412372787
1.028571429,1.423228416573822,-0.39465698757382195,0.39465698757382195
0.793333333,1.423228416573822,-0.6298950835738221,0.6298950835738221
0.486666667,1.6722324906866692,-1.1855658236866693,1.1855658236866693
80.046875,61.302243238567044,18.744631761432956,18.744631761432956
1.265,1.423228416573822,-0.15822841657382214,0.15822841657382214
11.02241379,10.092723631074138,0.9296901589258617,0.9296901589258617
1.183333333,1.7873697506434119,-0.6040364176434119,0.6040364176434119
1.01,1.4989202932424952,-0.4889202932424952,0.4889202932424952
84.55434783,57.585925986809336,26.96842184319066,26.96842184319066
1.7125,1.8727057240375125,-0.16020572403751254,0.16020572403751254
1.525,1.6408083334871932,-0.11580833348719333,0.11580833348719333
13.89074074,16.321550782702467,-2.4308100427024666,2.4308100427024666
1.012777778,1.6732253816623892,-0.6604476036623892,0.6604476036623892
0.463913043,1.6722324906866692,-1.2083194476866692,1.2083194476866692
1.045454545,1.4989202932424952,-0.4534657482424953,0.4534657482424953
13712.57308,12089.4593027853,1623.1137772146994,1623.1137772146994
2.584375,2.24479379290603,0.3395812070939699,0.3395812070939699
0.512173913,0.2738854019961475,0.2382885110038525,0.2382885110038525
1.0,1.596540614017996,-0.5965406140179961,0.5965406140179961
0.356666667,1.596540614017996,-1.239873947017996,1.239873947017996
0.941111111,2.733885890142128,-1.7927747791421278,1.7927747791421278
2.213076923,2.6129334030285376,-0.3998564800285376,0.3998564800285376
0.85,1.6732253816623892,-0.8232253816623892,0.8232253816623892
2.645,0.5490576210399438,2.095942378960056,2.095942378960056
26.11722222,10.622982406304837,15.494239813695161,15.494239813695161
0.218666667,1.596540614017996,-1.3778739470179961,1.3778739470179961
1.283636364,1.5756050608868883,-0.2919686968868884,0.2919686968868884
1.543888889,1.717493101131586,-0.17360421213158594,0.17360421213158594
0.7355,1.6732253816623892,-0.9377253816623892,0.9377253816623892
0.6425,1.299708880511826,-0.657208880511826,0.657208880511826
0.546666667,1.423228416573822,-0.876561749573822,0.876561749573822
0.56,1.8839971804431928,-1.3239971804431927,1.3239971804431927
0.42625,3.1003543808172616,-2.6741043808172615,2.6741043808172615
1.486818182,2.276217950105505,-0.7893997681055049,0.7893997681055049
0.834545455,1.4597421648716367,-0.6251967098716367,0.6251967098716367
1.215357143,1.7750854032620116,-0.5597282602620115,0.5597282602620115
0.631666667,1.423228416573822,-0.7915617495738221,0.7915617495738221
1.24,1.6722324906866692,-0.43223249068666925,0.43223249068666925
5.973043478,9.273895259121126,-3.3008517811211258,3.3008517811211258
0.931333333,1.6408083334871932,-0.7094750004871933,0.7094750004871933
1.28,2.6886252796972103,-1.4086252796972103,1.4086252796972103
0.308666667,1.4670841852372787,-1.1584175182372787,1.1584175182372787
1.197647059,1.7097391299602038,-0.5120920709602039,0.5120920709602039
0.919285714,4.131173806958281,-3.211888092958281,3.211888092958281
1.205714286,1.793184977800259,-0.587470691800259,0.587470691800259
0.408,1.7750854032620116,-1.3670854032620117,1.3670854032620117
0.285,1.6408083334871932,-1.3558083334871933,1.3558083334871933
1.637692308,0.2738854019961475,1.3638069060038527,1.3638069060038527
2.959473684,1.7750854032620116,1.1843882807379886,1.1843882807379886
2.737083333,1.7750854032620116,0.9619979297379886,0.9619979297379886
0.55375,1.423228416573822,-0.8694784165738221,0.8694784165738221
9.332,11.443227477479036,-2.1112274774790354,2.1112274774790354
33.2446875,51.965195203336336,-18.720507703336338,18.720507703336338
0.48,2.4923702725351737,-2.0123702725351738,2.0123702725351738
0.48,1.423228416573822,-0.9432284165738221,0.9432284165738221
0.21,1.596540614017996,-1.386540614017996,1.386540614017996
0.72,1.4989202932424952,-0.7789202932424952,0.7789202932424952
1.1525,1.3754007571804991,-0.22290075718049907,0.22290075718049907
15.6875,6.17452952506362,9.512970474936381,9.512970474936381
11.85666667,2.5153130822530354,9.341353587746964,9.341353587746964
1.471290323,1.8727057240375125,-0.4014154010375124,0.4014154010375124
0.98,1.7165002101558664,-0.7365002101558664,0.7365002101558664
0.83125,1.5756050608868883,-0.7443550608868883,0.7443550608868883
0.5225,1.909219472335327,-1.386719472335327,1.386719472335327
0.94,1.423228416573822,-0.4832284165738221,0.4832284165738221
11.86631579,11.19402930017804,0.6722864898219605,0.6722864898219605
2.400869565,2.1601622904627087,0.24070727453729113,0.24070727453729113
0.481818182,1.8839971804431928,-1.4021789984431927,1.4021789984431927
0.367575758,3.5712419475207513,-3.203666189520751,3.203666189520751
0.0,2.4761349538821773,-2.4761349538821773,2.4761349538821773
0.586785714,1.8727057240375125,-1.2859200100375126,1.2859200100375126
81.0915,61.302243238567044,19.789256761432952,19.789256761432952
0.566666667,1.1717146231656472,-0.6050479561656472,0.6050479561656472
0.5025,1.423228416573822,-0.9207284165738221,0.9207284165738221
1.1265625,1.5756050608868883,-0.44904256088688843,0.44904256088688843
1.281111111,1.4989202932424952,-0.21780918224249524,0.21780918224249524
0.786666667,2.6896181706729307,-1.9029515036729308,1.9029515036729308
0.392333333,4.505396268804801,-4.113062935804801,4.113062935804801
0.742,1.6732253816623892,-0.9312253816623892,0.9312253816623892
0.623181818,3.038096250303345,-2.414914432303345,2.414914432303345
0.167142857,4.0544890393138875,-3.8873461823138875,3.8873461823138875
75.314375,61.22655136189837,14.087823638101625,14.087823638101625
0.24826087,1.7489172583310624,-1.5006563883310624,1.5006563883310624
83.59,63.45146679294358,20.138533207056426,20.138533207056426
8.786842105,11.73333584701976,-2.9464937420197597,2.9464937420197597
2.497857143,1.4999131842182152,0.9979439587817849,0.9979439587817849
0.74,1.423228416573822,-0.683228416573822,0.683228416573822
1.114375,1.8727057240375125,-0.7583307240375126,0.7583307240375126
0.259166667,1.7097391299602038,-1.4505724629602037,1.4505724629602037
2.0,12.514684949547565,-10.514684949547565,10.514684949547565
0.255671642,1.6732253816623892,-1.4175537396623892,1.4175537396623892
1.672857143,3.0220227121832384,-1.3491655691832383,1.3491655691832383
0.274444444,1.4670841852372787,-1.1926397412372787,1.1926397412372787
0.247272727,1.596540614017996,-1.3492678870179962,1.3492678870179962
0.943076923,3.1003543808172616,-2.1572774578172615,2.1572774578172615
2.066285714,1.8727057240375125,0.1935799899624877,0.1935799899624877
0.562083333,1.5756050608868883,-1.0135217278868884,1.0135217278868884
0.639230769,1.3058486922389627,-0.6666179232389627,0.6666179232389627
0.683333333,1.6408083334871932,-0.9574750004871933,0.9574750004871933
13.18318841,7.191915205049877,5.991273204950122,5.991273204950122
15.30888889,23.242740669006224,-7.933851779006224,7.933851779006224
6.96,3.3741170585128613,3.5858829414871387,3.5858829414871387
2.449411765,10.342720596162705,-7.893308831162705,7.893308831162705
0.874444444,1.7165002101558664,-0.8420557661558664,0.8420557661558664
1.476111111,1.6732253816623892,-0.19711427066238918,0.19711427066238918
1.0,2.6129334030285376,-1.6129334030285376,1.6129334030285376
4.095,3.3142613603228614,0.7807386396771383,0.7807386396771383
2.533636364,2.1601622904627087,0.37347407353729123,0.37347407353729123
0.6076,1.4999131842182152,-0.8923131842182151,0.8923131842182151
3.817058824,2.6494471513263522,1.1676116726736478,1.1676116726736478
0.55,2.589990593310675,-2.039990593310675,2.039990593310675
9.122727273,3.097714588851911,6.0250126841480895,6.0250126841480895
9.662727273,3.097714588851911,6.565012684148089,6.565012684148089
0.686923077,1.423228416573822,-0.736305339573822,0.736305339573822
0.699090909,1.423228416573822,-0.724137507573822,0.724137507573822
0.7375,1.423228416573822,-0.685728416573822,0.685728416573822
6.4525,11.819569890142638,-5.367069890142639,5.367069890142639
1.593333333,1.4989202932424952,0.0944130397575047,0.0944130397575047
24.92625,11.809027723688434,13.117222276311566,13.117222276311566
0.666666667,1.596540614017996,-0.9298739470179961,0.9298739470179961
1.731842105,1.596540614017996,0.13530149098200384,0.13530149098200384
0.52,2.4923702725351737,-1.9723702725351737,1.9723702725351737
0.827857143,2.890528435075272,-2.062671292075272,2.062671292075272
0.8825,1.7165002101558664,-0.8340002101558665,0.8340002101558665
0.5112,0.2738854019961475,0.23731459800385246,0.23731459800385246
1.64875,1.4999131842182152,0.14883681578178476,0.14883681578178476
0.920454545,1.7489172583310624,-0.8284627133310624,0.8284627133310624
8.504761905,1.7489172583310624,6.755844646668939,6.755844646668939
1.970185185,1.596540614017996,0.373644570982004,0.373644570982004
0.6,3.038096250303345,-2.438096250303345,2.438096250303345
0.26,1.6330543623158107,-1.3730543623158107,1.3730543623158107
1.0744,3.114781017947738,-2.0403810179477384,2.0403810179477384
1.625517241,1.6732253816623892,-0.047708140662389154,0.047708140662389154
0.885,1.8839971804431928,-0.9989971804431927,0.9989971804431927
1.457272727,1.5364269325160298,-0.0791542055160297,0.0791542055160297
0.912857143,1.7489172583310624,-0.8360601153310624,0.8360601153310624
1.080625,1.4999131842182152,-0.41928818421821523,0.41928818421821523
0.600344828,4.505396268804801,-3.905051440804801,3.905051440804801
0.379285714,1.3903994175928855,-1.0111137035928857,1.0111137035928857
7.076875,11.109116420084675,-4.032241420084675,4.032241420084675
16.91166667,41.79591906362035,-24.884252393620354,24.884252393620354
0.081538462,1.6732253816623892,-1.5916869196623893,1.5916869196623893
0.280909091,1.3903994175928855,-1.1094903265928855,1.1094903265928855
1.09,1.943820287096608,-0.8538202870966078,0.8538202870966078
0.637,1.423228416573822,-0.786228416573822,0.786228416573822
0.63047619,1.4999131842182152,-0.8694369942182152,0.8694369942182152
0.921851852,0.2728925110204276,0.6489593409795724,0.6489593409795724
0.124545455,1.5364269325160298,-1.4118814775160298,1.4118814775160298
4.798888889,4.7631024560021125,0.035786432997887196,0.035786432997887196
23.74764706,45.69108500109726,-21.943437941097258,21.943437941097258
1.033157895,1.7097391299602038,-0.6765812349602038,0.6765812349602038
0.193333333,1.3903994175928855,-1.1970660845928855,1.1970660845928855
0.8725,1.4989202932424952,-0.6264202932424952,0.6264202932424952
0.606666667,1.3450268206098213,-0.7383601536098212,0.7383601536098212
86.55576923,59.14985343511058,27.405915794889417,27.405915794889417
0.531363636,1.8727057240375125,-1.3413420880375124,1.3413420880375124
0.6475,1.423228416573822,-0.7757284165738221,0.7757284165738221
0.81,1.596540614017996,-0.786540614017996,0.786540614017996
38.08033333,29.192368543199407,8.887964786800595,8.887964786800595
0.562307692,1.423228416573822,-0.8609207245738221,0.8609207245738221
0.825,1.4989202932424952,-0.6739202932424952,0.6739202932424952
0.748421053,1.8727057240375125,-1.1242846710375125,1.1242846710375125
1.276363636,2.0272138759926586,-0.7508502399926587,0.7508502399926587
0.772307692,1.596540614017996,-0.824232922017996,0.824232922017996
1.098,1.7489172583310624,-0.6509172583310623,0.6509172583310623
0.880857143,1.7489172583310624,-0.8680601153310624,0.8680601153310624
0.70625,1.6408083334871932,-0.9345583334871932,0.9345583334871932
3.33,1.7489172583310624,1.5810827416689377,1.5810827416689377
24.245,20.33786515407813,3.9071348459218704,3.9071348459218704
0.815,1.423228416573822,-0.6082284165738221,0.6082284165738221
2.940526316,1.8727057240375125,1.0678205919624877,1.0678205919624877
0.3,1.4670841852372787,-1.1670841852372786,1.1670841852372786
10.16783784,9.231032381433387,0.9368054585666137,0.9368054585666137
0.256666667,1.5637116150370596,-1.3070449480370596,1.3070449480370596
0.638333333,1.596540614017996,-0.9582072810179961,0.9582072810179961
0.793636364,2.1601622904627087,-1.3665259264627085,1.3665259264627085
0.661538462,1.596540614017996,-0.9350021520179961,0.9350021520179961
0.87,1.423228416573822,-0.553228416573822,0.553228416573822
2.556190476,2.276217950105505,0.27997252589449495,0.27997252589449495
0.31826087,1.6732253816623892,-1.3549645116623892,1.3549645116623892
0.658518519,0.2728925110204276,0.3856260079795724,0.3856260079795724
0.655357143,1.596540614017996,-0.941183471017996,0.941183471017996
1.0,1.6722324906866692,-0.6722324906866692,0.6722324906866692
1.486666667,2.4396212055843627,-0.9529545385843627,0.9529545385843627
1.469090909,1.7489172583310624,-0.27982634933106243,0.27982634933106243
1.0,2.0678041248561563,-1.0678041248561563,1.0678041248561563
1.21,2.019512163765281,-0.8095121637652811,0.8095121637652811
1.3175,1.9870428566460803,-0.6695428566460804,0.6695428566460804
0.346296296,1.7489172583310624,-1.4026209623310624,1.4026209623310624
0.204210526,1.9606819480875854,-1.7564714220875854,1.7564714220875854
3.0,2.143496001524829,0.856503998475171,0.856503998475171
1.295652174,1.6732253816623892,-0.3775732076623892,0.3775732076623892
1.818695652,1.7489172583310624,0.06977839366893757,0.06977839366893757
2.171428571,1.4999131842182152,0.6715153867817847,0.6715153867817847
26.9,12.387989420058744,14.512010579941254,14.512010579941254
0.876666667,1.6330543623158107,-0.7563876953158107,0.7563876953158107
13934.1225,12549.379478062845,1384.7430219371545,1384.7430219371545
1.006842105,1.8727057240375125,-0.8658636190375124,0.8658636190375124
34.52965517,30.710608947129153,3.8190462228708455,3.8190462228708455
15.69,9.702295892271547,5.987704107728453,5.987704107728453
1.338636364,1.5756050608868883,-0.23696869688688826,0.23696869688688826
0.870526316,1.6722324906866692,-0.8017061746866693,0.8017061746866693
1.161052632,1.8727057240375125,-0.7116530920375124,0.7116530920375124
4.650434783,0.7433308353741759,3.907103947625824,3.907103947625824
1.577936508,2.5365072234941057,-0.9585707154941057,0.9585707154941057
0.3425,3.063840632519447,-2.721340632519447,2.721340632519447
12.69703704,10.168415507742813,2.528621532257187,2.528621532257187
0.240666667,1.4989202932424952,-1.2582536262424953,1.2582536262424953
1.415,2.8681292395505658,-1.4531292395505657,1.4531292395505657
0.68,1.3754007571804991,-0.6954007571804991,0.6954007571804991
1.000909091,1.4999131842182152,-0.49900409321821515,0.49900409321821515
3.14875,3.708763124919838,-0.5600131249198377,0.5600131249198377
0.7225,1.3754007571804991,-0.6529007571804991,0.6529007571804991
0.95,1.423228416573822,-0.4732284165738221,0.4732284165738221
0.93,3.2970629361781096,-2.3670629361781095,2.3670629361781095
1.965,2.2358541671313814,-0.27085416713138133,0.27085416713138133
0.787692308,1.5756050608868883,-0.7879127528868883,0.7879127528868883
20.86636364,11.359113385173242,9.507250254826758,9.507250254826758
44.32352941,53.241861631766895,-8.918332221766896,8.918332221766896
0.8675,1.423228416573822,-0.555728416573822,0.555728416573822
8.114074074,11.621376403148412,-3.5073023291484127,3.5073023291484127
0.395555556,1.6394034917057327,-1.2438479357057328,1.2438479357057328
0.862222222,1.8727057240375125,-1.0104835020375125,1.0104835020375125
0.560909091,1.9606819480875854,-1.3997728570875854,1.3997728570875854
1.5,2.143496001524829,-0.643496001524829,0.643496001524829
0.509259259,0.19720063435175453,0.3120586246482455,0.3120586246482455
0.783529412,2.5406032345709844,-1.7570738225709843,1.7570738225709843
0.470434783,0.19720063435175453,0.27323414864824547,0.27323414864824547
0.6675,1.4989202932424952,-0.8314202932424952,0.8314202932424952
7.827,1.423228416573822,6.4037715834261775,6.4037715834261775
0.502727273,0.19720063435175453,0.3055266386482455,0.3055266386482455
0.836666667,2.482484083272099,-1.6458174162720989,1.6458174162720989
0.77625,1.4989202932424952,-0.7226702932424952,0.7226702932424952
0.172333333,1.4999131842182152,-1.327579851218215,1.327579851218215
0.521666667,1.6722324906866692,-1.1505658236866694,1.1505658236866694
0.21,1.6732253816623892,-1.4632253816623892,1.4632253816623892
5.14,1.943820287096608,3.1961797129033918,3.1961797129033918
0.751111111,1.596540614017996,-0.845429503017996,0.845429503017996
1.803333333,2.0700767536803943,-0.26674342068039425,0.26674342068039425
4.94,2.5153130822530354,2.424686917746965,2.424686917746965
2.7,1.5364269325160298,1.1635730674839704,1.1635730674839704
1.3,1.943820287096608,-0.6438202870966079,0.6438202870966079
0.55,1.4989202932424952,-0.9489202932424952,0.9489202932424952
2.112592593,0.6888843743129143,1.4237082186870857,1.4237082186870857
1.977777778,0.5490576210399438,1.4287201569600563,1.4287201569600563
0.281428571,1.5756050608868883,-1.2941764898868884,1.2941764898868884
0.352,1.6722324906866692,-1.3202324906866694,1.3202324906866694
0.94,1.299708880511826,-0.35970888051182603,0.35970888051182603
1.522857143,1.4989202932424952,0.023936849757504763,0.023936849757504763
10.70864865,11.51971814193528,-0.8110694919352799,0.8110694919352799
0.1988,1.4269131658907002,-1.2281131658907,1.2281131658907
26.55666667,20.262173277409456,6.294493392590542,6.294493392590542
1.329411765,1.7489172583310624,-0.41950549333106246,0.41950549333106246
0.718333333,3.5207742696903104,-2.8024409366903105,2.8024409366903105
311.02,25.970314185622193,285.04968581437777,285.04968581437777
1.190833333,1.596540614017996,-0.405707281017996,0.405707281017996
0.608947368,1.9606819480875854,-1.3517345800875855,1.3517345800875855
1.973013699,2.386977604140055,-0.4139639051400552,0.4139639051400552
1.0,4.617718585547638,-3.617718585547638,3.617718585547638
2.77875,30.33975645494212,-27.56100645494212,27.56100645494212
0.918823529,1.8727057240375125,-0.9538821950375125,0.9538821950375125
0.832962963,2.6129334030285376,-1.7799704400285377,1.7799704400285377
5.58125,2.6572011224977348,2.924048877502265,2.924048877502265
11.47,2.4761349538821773,8.993865046117824,8.993865046117824
0.283076923,1.423228416573822,-1.1401514935738222,1.1401514935738222
0.3275,1.6722324906866692,-1.3447324906866691,1.3447324906866691
1.386470588,1.5756050608868883,-0.18913447288688845,0.18913447288688845
0.28,1.596540614017996,-1.316540614017996,1.316540614017996
0.285172414,7.858546277558194,-7.573373863558194,7.573373863558194
0.964782609,2.3672910371268094,-1.4025084281268094,1.4025084281268094
0.205714286,1.9606819480875854,-1.7549676620875854,1.7549676620875854
0.597142857,1.423228416573822,-0.826085559573822,0.826085559573822
0.29,1.269334943941148,-0.9793349439411481,0.9793349439411481
0.368333333,1.3450268206098213,-0.9766934876098212,0.9766934876098212
0.548571429,1.6408083334871932,-1.0922369044871933,1.0922369044871933
0.643888889,1.6732253816623892,-1.0293364926623894,1.0293364926623894
0.986190476,1.7097391299602038,-0.7235486539602038,0.7235486539602038
1.424,1.4989202932424952,-0.07492029324249527,0.07492029324249527
0.6,2.316101669522367,-1.716101669522367,1.716101669522367
0.932173913,3.114781017947738,-2.1826071049477385,2.1826071049477385
2.493809524,1.793184977800259,0.7006245461997409,0.7006245461997409
0.064166667,4.0544890393138875,-3.9903223723138876,3.9903223723138876
0.469090909,1.4989202932424952,-1.0298293842424953,1.0298293842424953
36.30214286,19.766633555558517,16.53550930444148,16.53550930444148
0.6075,1.423228416573822,-0.815728416573822,0.815728416573822
0.763333333,1.8839971804431928,-1.120663847443193,1.120663847443193
1.0,3.835968731622561,-2.835968731622561,2.835968731622561
0.35,1.7097391299602038,-1.3597391299602037,1.3597391299602037
57.65846154,39.50814045337088,18.15032108662912,18.15032108662912
8.729333333,1.6330543623158107,7.096278970684189,7.096278970684189
0.4525,1.3763936481562191,-0.9238936481562191,0.9238936481562191
1.097,1.793184977800259,-0.6961849778002591,0.6961849778002591
12.52,32.927974856283306,-20.407974856283307,20.407974856283307
2.352727273,1.5756050608868883,0.7771222121131118,0.7771222121131118
0.879444444,1.7489172583310624,-0.8694728143310624,0.8694728143310624
13.46731343,6.175522416039339,7.291791013960662,7.291791013960662
12.75944444,3.0220227121832384,9.737421727816761,9.737421727816761
0.97952381,1.6732253816623892,-0.6937015716623892,0.6937015716623892
0.559,1.6722324906866692,-1.113232490686669,1.113232490686669
1.675357143,1.7750854032620116,-0.09972826026201154,0.09972826026201154
1.594166667,1.9483976007061856,-0.3542309337061855,0.3542309337061855
25.395,13.41364342973473,11.98135657026527,11.98135657026527
0.8,2.2358541671313814,-1.4358541671313814,1.4358541671313814
0.8,1.3362226288096406,-0.5362226288096406,0.5362226288096406
1.090909091,2.045050494264916,-0.9541414032649158,0.9541414032649158
0.24,1.596540614017996,-1.356540614017996,1.356540614017996
0.661363636,1.9606819480875854,-1.2993183120875855,1.2993183120875855
0.944444444,2.6886252796972103,-1.7441808356972102,1.7441808356972102
1.1028,2.8188998522325797,-1.7160998522325797,1.7160998522325797
0.741111111,2.733885890142128,-1.992774779142128,1.992774779142128
0.288125,1.4670841852372787,-1.1789591852372787,1.1789591852372787
1.563333333,1.3754007571804991,0.18793257581950096,0.18793257581950096
1.864117647,2.6572011224977348,-0.7930834754977347,0.7930834754977347
1.167142857,1.8727057240375125,-0.7055628670375125,0.7055628670375125
0.097727273,1.6732253816623892,-1.5754981086623892,1.5754981086623892
2.132272727,1.8727057240375125,0.2595670029624877,0.2595670029624877
0.858181818,1.423228416573822,-0.565046598573822,0.565046598573822
1.232083333,1.7489172583310624,-0.5168339253310623,0.5168339253310623
4.966428571,2.6896181706729307,2.276810400327069,2.276810400327069
3.366,2.0272138759926586,1.3387861240073415,1.3387861240073415
0.408333333,1.596540614017996,-1.188207281017996,1.188207281017996
2.016,1.8727057240375125,0.14329427596248756,0.14329427596248756
0.581818182,1.7097391299602038,-1.1279209479602037,1.1279209479602037
0.599655172,1.596540614017996,-0.9968854420179961,0.9968854420179961
8.547777778,7.402687003830682,1.1450907741693186,1.1450907741693186
33.0,34.24863050565283,-1.2486305056528266,1.2486305056528266
2.2925,1.4129073964540337,0.8795926035459662,0.8795926035459662
0.368421053,1.9606819480875854,-1.5922608950875854,1.5922608950875854
0.395,2.9770747370981256,-2.5820747370981256,2.5820747370981256
4.508,3.042613774027479,1.4653862259725212,1.4653862259725212
1.25,1.423228416573822,-0.17322841657382204,0.17322841657382204
1.302857143,1.6732253816623892,-0.3703682386623892,0.3703682386623892
1.422083333,1.7750854032620116,-0.3530020702620116,0.3530020702620116
0.7675,2.482484083272099,-1.7149840832720988,1.7149840832720988
1.643333333,2.1601622904627087,-0.5168289574627087,0.5168289574627087
0.863333333,1.7750854032620116,-0.9117520702620115,0.9117520702620115
1.02375,1.299708880511826,-0.27595888051182604,0.27595888051182604
0.278275862,1.4999131842182152,-1.221637322218215,1.221637322218215
1.635,3.708763124919838,-2.0737631249198376,2.0737631249198376
0.968928571,1.7097391299602038,-0.7408105589602039,0.7408105589602039
9.08,2.5058192581342866,6.574180741865714,6.574180741865714
0.405217391,1.5427760619059518,-1.137558670905952,1.137558670905952
0.617407407,0.8011860937705907,-0.18377868677059073,0.18377868677059073
0.778333333,1.6408083334871932,-0.8624750004871933,0.8624750004871933
0.9,1.423228416573822,-0.523228416573822,0.523228416573822
29.0,12.511973257818292,16.48802674218171,16.48802674218171
0.751538462,1.4989202932424952,-0.7473818312424952,0.7473818312424952
0.523333333,1.6722324906866692,-1.1488991576866692,1.1488991576866692
0.982,1.6732253816623892,-0.6912253816623892,0.6912253816623892
0.585,1.6722324906866692,-1.0872324906866693,1.0872324906866693
0.908,1.6732253816623892,-0.7652253816623892,0.7652253816623892
1.775,1.959689057111866,-0.184689057111866,0.184689057111866
1.748181818,1.7489172583310624,-0.0007354403310624313,0.0007354403310624313
8.256153846,11.346405944491107,-3.0902520984911064,3.0902520984911064
2.052916667,1.8727057240375125,0.1802109429624874,0.1802109429624874
0.83,1.269334943941148,-0.43933494394114814,0.43933494394114814
0.644,0.2728925110204276,0.3711074889795724,0.3711074889795724
9.54,3.940894400570351,5.599105599429649,5.599105599429649
2.617692308,1.8727057240375125,0.7449865839624876,0.7449865839624876
0.985,1.7165002101558664,-0.7315002101558664,0.7315002101558664
1.086363636,1.4989202932424952,-0.41255665724249524,0.41255665724249524
5636.355,5724.296466189628,-87.94146618962804,87.94146618962804
0.319473684,2.5153130822530354,-2.1958393982530353,2.1958393982530353
0.08,2.7653100473416035,-2.6853100473416034,2.6853100473416034
13.186875,10.014522035110138,3.1723529648898623,3.1723529648898623
0.9016,1.8727057240375125,-0.9711057240375125,0.9711057240375125
1.094,1.596540614017996,-0.502540614017996,0.502540614017996
0.6725,1.4999131842182152,-0.8274131842182152,0.8274131842182152
0.3948,1.6732253816623892,-1.2784253816623892,1.2784253816623892
0.085,2.516305973228756,-2.431305973228756,2.431305973228756
0.799056604,1.6993935265933384,-0.9003369225933384,0.9003369225933384
12.82,11.269721176846714,1.5502788231532865,1.5502788231532865
13834.07258,12275.039946838582,1559.0326331614178,1559.0326331614178
0.328518519,1.7160882593501259,-1.387569740350126,1.387569740350126
1.673888889,2.3477994757691967,-0.6739105867691966,0.6739105867691966
0.56,1.6408083334871932,-1.0808083334871932,1.0808083334871932
5.4925,2.4396212055843627,3.052878794415637,3.052878794415637
1.205,1.9606819480875854,-0.7556819480875854,0.7556819480875854
0.318888889,1.423228416573822,-1.104339527573822,1.104339527573822
1.709333333,1.6993935265933384,0.009939806406661589,0.009939806406661589
0.33,1.4999131842182152,-1.169913184218215,1.169913184218215
2.801428571,1.5756050608868883,1.2258235101131119,1.2258235101131119
0.8,2.5153130822530354,-1.7153130822530354,1.7153130822530354
12.976875,11.359113385173242,1.6177616148267582,1.6177616148267582
1.515,2.213665406695881,-0.6986654066958813,0.6986654066958813
0.474615385,1.423228416573822,-0.948613031573822,0.948613031573822
0.763928571,1.596540614017996,-0.8326120430179961,0.8326120430179961
3.725135135,2.200526073436832,1.5246090615631678,1.5246090615631678
22.39388889,11.777603566488953,10.616285323511047,10.616285323511047
0.643333333,1.4989202932424952,-0.8555869602424953,0.8555869602424953
1.7875,3.0220227121832384,-1.2345227121832383,1.2345227121832383
54.72,53.41517382921107,1.3048261707889282,1.3048261707889282
0.83,1.9803340353944225,-1.1503340353944225,1.1503340353944225
9.604285714,13.057102535990667,-3.452816821990668,3.452816821990668
2.91,3.231848657925228,-0.32184865792522777,0.32184865792522777
4.882,10.341727705186987,-5.459727705186987,5.459727705186987
0.58,1.3903994175928855,-0.8103994175928856,0.8103994175928856
1.89,3.835968731622561,-1.9459687316225611,1.9459687316225611
14.10642857,7.1517441857033,6.9546843842967006,6.9546843842967006
0.748571429,1.423228416573822,-0.6746569875738221,0.6746569875738221
1.7325,2.102905752661331,-0.3704057526613309,0.3704057526613309
3.025909091,2.1601622904627087,0.8657468005372913,0.8657468005372913
2.327692308,2.3672910371268094,-0.039598729126809395,0.039598729126809395
2.067272727,2.199533182461112,-0.13226045546111198,0.13226045546111198
0.489090909,0.19720063435175453,0.29189027464824546,0.29189027464824546
1.755714286,1.423228416573822,0.33248586942617786,0.33248586942617786
0.069411765,1.596540614017996,-1.5271288490179962,1.5271288490179962
42.13096774,31.08483140897567,11.046136331024332,11.046136331024332
0.836153846,1.4989202932424952,-0.6627664472424952,0.6627664472424952
1.867142857,2.109841816059481,-0.24269895905948125,0.24269895905948125
3.03375,1.5756050608868883,1.4581449391131116,1.4581449391131116
0.467142857,1.596540614017996,-1.129397757017996,1.129397757017996
0.21,3.2970629361781096,-3.0870629361781097,3.0870629361781097
37.17272727,45.615393124428586,-8.442665854428583,8.442665854428583
18.0,12.087609082573222,5.912390917426778,5.912390917426778
31.97541667,48.28358219732917,-16.308165527329166,16.308165527329166
0.62,1.4269131658907002,-0.8069131658907002,0.8069131658907002
0.604545455,1.4989202932424952,-0.8943748382424952,0.8943748382424952
0.568888889,1.6722324906866692,-1.1033436016866691,1.1033436016866691
1.060714286,2.664391700277435,-1.6036774142774348,1.6036774142774348
1.398888889,1.1412632549047412,0.25762563409525874,0.25762563409525874
0.1195,2.6129334030285376,-2.4934334030285377,2.4934334030285377
2.152142857,1.6732253816623892,0.47891747533761064,0.47891747533761064
1.5,3.2970629361781096,-1.7970629361781096,1.7970629361781096
0.397777778,1.596540614017996,-1.198762836017996,1.198762836017996
0.884558824,1.6732253816623892,-0.7886665576623892,0.7886665576623892
1.4925,2.0205938056923496,-0.5280938056923496,0.5280938056923496
0.65,1.959689057111866,-1.309689057111866,1.309689057111866
6.611,3.271026786296086,3.3399732137039138,3.3399732137039138
1.55,2.0262209850169386,-0.47622098501693855,0.47622098501693855
0.982857143,1.4989202932424952,-0.5160631502424952,0.5160631502424952
2.552727273,2.3672910371268094,0.18543623587319047,0.18543623587319047
0.750769231,1.4989202932424952,-0.7481510622424952,0.7481510622424952
0.45,1.423228416573822,-0.9732284165738221,0.9732284165738221
0.48,1.423228416573822,-0.9432284165738221,0.9432284165738221
0.159,1.423228416573822,-1.264228416573822,1.264228416573822
1.156923077,2.482484083272099,-1.3255610062720988,1.3255610062720988
1.081176471,1.6732253816623892,-0.5920489106623892,0.5920489106623892
0.536086957,0.23371438264956923,0.30237257435043075,0.30237257435043075
0.101666667,1.596540614017996,-1.4948739470179961,1.4948739470179961
1.15,1.3362226288096406,-0.1862226288096407,0.1862226288096407
0.479130435,0.2738854019961475,0.2052450330038525,0.2052450330038525
0.808888889,1.6330543623158107,-0.8241654733158107,0.8241654733158107
2.05375,1.423228416573822,0.6305215834261779,0.6305215834261779
1.005454545,1.6722324906866692,-0.6667779456866691,0.6667779456866691
0.46,1.596540614017996,-1.136540614017996,1.136540614017996
0.236,1.6330543623158107,-1.3970543623158107,1.3970543623158107
0.3435,1.4999131842182152,-1.156413184218215,1.156413184218215
0.647777778,0.3495772786648206,0.29820049933517945,0.29820049933517945
5.48,11.346405944491107,-5.866405944491106,5.866405944491106
0.978333333,1.096022746496974,-0.11768941349697404,0.11768941349697404
0.672,1.6722324906866692,-1.000232490686669,1.000232490686669
2.3668,1.9483976007061856,0.4184023992938144,0.4184023992938144
2.3,0.9986236284884275,1.3013763715115725,1.3013763715115725
1.641428571,2.2915991604581367,-0.6501705894581367,0.6501705894581367
0.56962963,1.8727057240375125,-1.3030760940375123,1.3030760940375123
5.2775,3.708763124919838,1.568736875080162,1.568736875080162
0.0,431.6416263233929,-431.6416263233929,431.6416263233929
1.285384615,1.6408083334871932,-0.35542371848719334,0.35542371848719334
0.697,1.6408083334871932,-0.9438083334871933,0.9438083334871933
1.416666667,1.6722324906866692,-0.25556582368666914,0.25556582368666914
0.67,1.423228416573822,-0.753228416573822,0.753228416573822
36.48703704,43.28895559769303,-6.801918557693035,6.801918557693035
0.5,1.9205109287410074,-1.4205109287410074,1.4205109287410074
0.514615385,3.038096250303345,-2.523480865303345,2.523480865303345
0.215789474,1.596540614017996,-1.3807511400179961,1.3807511400179961
0.231111111,1.5756050608868883,-1.3444939498868884,1.3444939498868884
49.0375,38.115225904100775,10.922274095899226,10.922274095899226
1.218235294,2.285371641739179,-1.067136347739179,1.067136347739179
1.315789474,1.8727057240375125,-0.5569162500375124,0.5569162500375124
70.365,39.50814045337088,30.856859546629117,30.856859546629117
0.467272727,1.423228416573822,-0.955955689573822,0.955955689573822
0.6125,1.7097391299602038,-1.0972391299602038,1.0972391299602038
0.9075,1.3754007571804991,-0.46790075718049917,0.46790075718049917
0.913157895,1.423228416573822,-0.510070521573822,0.510070521573822
1.34,1.4597421648716367,-0.11974216487163658,0.11974216487163658
0.816315789,1.7489172583310624,-0.9326014693310624,0.9326014693310624
1.182916667,1.5756050608868883,-0.39268839388688837,0.39268839388688837
0.828333333,1.4989202932424952,-0.6705869602424952,0.6705869602424952
0.5795,1.4999131842182152,-0.9204131842182152,0.9204131842182152
12.72,17.84658791022758,-5.126587910227579,5.126587910227579
0.20030303,1.9483976007061856,-1.7480945707061857,1.7480945707061857
22.60571429,13.261266785421663,9.344447504578339,9.344447504578339
0.344791667,1.8727057240375125,-1.5279140570375125,1.5279140570375125
0.199375,2.2149143928137436,-2.0155393928137437,2.0155393928137437
0.738333333,1.6722324906866692,-0.9338991576866692,0.9338991576866692
0.532173913,0.2738854019961475,0.25828851100385253,0.25828851100385253
3.279444444,2.320485669574703,0.9589587744252972,0.9589587744252972
1.360588235,1.717493101131586,-0.3569048661315859,0.3569048661315859
1.929166667,1.4989202932424952,0.43024637375750485,0.43024637375750485
6.542857143,45.615393124428586,-39.07253598142859,39.07253598142859
4.96,1.9693586175962432,2.9906413824037568,2.9906413824037568
0.458461538,2.036373824756258,-1.5779122867562583,1.5779122867562583
0.823037975,2.285371641739179,-1.462333666739179,1.462333666739179
8.055714286,18.147979490642587,-10.092265204642587,10.092265204642587
36.67259259,43.21326372102436,-6.540671131024361,6.540671131024361
0.665862069,1.6732253816623892,-1.007363312662389,1.007363312662389
2.745,1.037518967412971,1.707481032587029,1.707481032587029
0.51,1.6722324906866692,-1.1622324906866692,1.1622324906866692
3.74,2.5153130822530354,1.2246869177469648,1.2246869177469648
0.67625,1.4989202932424952,-0.8226702932424952,0.8226702932424952
1.226666667,1.596540614017996,-0.36987394701799614,0.36987394701799614
0.49,1.9782198797548394,-1.4882198797548394,1.4882198797548394
2.71,2.482484083272099,0.22751591672790106,0.22751591672790106
1.0,2.019512163765281,-1.019512163765281,1.019512163765281
6.522727273,10.168415507742813,-3.6456882347428126,3.6456882347428126
1.513928571,3.3142613603228614,-1.8003327893228616,1.8003327893228616
1.956666667,1.9505291083482657,0.006137558651734265,0.006137558651734265
0.5025,1.299708880511826,-0.797208880511826,0.797208880511826
0.555555556,1.7489172583310624,-1.1933617023310625,1.1933617023310625
22.38,3.8608773762503676,18.51912262374963,18.51912262374963
0.251538462,3.0698670401994006,-2.8183285781994005,2.8183285781994005
1.691052632,1.6732253816623892,0.01782725033761068,0.01782725033761068
0.83125,1.4989202932424952,-0.6676702932424952,0.6676702932424952
1.0,1.8839971804431928,-0.8839971804431928,0.8839971804431928
2.31,1.4999131842182152,0.8100868157817849,0.8100868157817849
0.45625,1.7750854032620116,-1.3188354032620115,1.3188354032620115
2.703333333,1.4989202932424952,1.2044130397575046,1.2044130397575046
1.322857143,2.4396212055843627,-1.1167640625843627,1.1167640625843627
0.6,1.423228416573822,-0.8232284165738221,0.8232284165738221
0.2975,3.0698670401994006,-2.7723670401994007,2.7723670401994007
0.29,1.6330543623158107,-1.3430543623158107,1.3430543623158107
3.111724138,2.102905752661331,1.0088183853386692,1.0088183853386692
0.250588235,1.7489172583310624,-1.4983290233310624,1.4983290233310624
0.23,1.596540614017996,-1.366540614017996,1.366540614017996
0.25,1.3903994175928855,-1.1403994175928855,1.1403994175928855
0.650769231,1.596540614017996,-0.9457713830179961,0.9457713830179961
1.929666667,1.9483976007061856,-0.018730933706185615,0.018730933706185615
0.7875,1.4597421648716367,-0.6722421648716367,0.6722421648716367
0.53,1.4660912942615587,-0.9360912942615587,0.9360912942615587
0.924,2.5153130822530354,-1.5913130822530355,1.5913130822530355
1.280714286,1.7097391299602038,-0.4290248439602038,0.4290248439602038
1.335,2.5153130822530354,-1.1803130822530354,1.1803130822530354
4955.305,5701.202105413607,-745.8971054136064,745.8971054136064
0.5425,1.6408083334871932,-1.0983083334871933,1.0983083334871933
2.252857143,1.4999131842182152,0.7529439587817848,0.7529439587817848
1.15,1.4989202932424952,-0.3489202932424953,0.3489202932424953
0.9525,1.299708880511826,-0.34720888051182597,0.34720888051182597
1.232142857,1.596540614017996,-0.36439775701799615,0.36439775701799615
1.147857143,2.9289718909304217,-1.7811147479304217,1.7811147479304217
0.63,1.6722324906866692,-1.0422324906866693,1.0422324906866693
4.01,3.2970629361781096,0.7129370638218901,0.7129370638218901
0.239047619,1.6722324906866692,-1.4331848716866693,1.4331848716866693
0.345714286,1.7489172583310624,-1.4032029723310624,1.4032029723310624
3.697272727,5.300987260538365,-1.6037145335383651,1.6037145335383651
8795.260556,10527.938188202706,-1732.6776322027072,1732.6776322027072
0.612,1.4597421648716367,-0.8477421648716367,0.8477421648716367
0.812857143,2.2915991604581367,-1.4787420174581367,1.4787420174581367
36.35782609,4.874195085370356,31.483631004629647,31.483631004629647
1.360625,2.6129334030285376,-1.2523084030285376,1.2523084030285376
0.556666667,1.9205109287410074,-1.3638442617410074,1.3638442617410074
0.594285714,1.6732253816623892,-1.0789396676623892,1.0789396676623892
8.54625,9.561752054603978,-1.015502054603978,1.015502054603978
0.879565217,1.6732253816623892,-0.7936601646623892,0.7936601646623892
0.737916667,1.9483976007061856,-1.2104809337061857,1.2104809337061857
1.594545455,4.0544890393138875,-2.4599435843138875,2.4599435843138875
0.605,1.4989202932424952,-0.8939202932424952,0.8939202932424952
0.790833333,1.7165002101558664,-0.9256668771558664,0.9256668771558664
0.564210526,1.6732253816623892,-1.109014855662389,1.109014855662389
14.87722222,4.312213524188301,10.565008695811699,10.565008695811699
6785.354286,6733.251014992203,52.10327100779705,52.10327100779705
5.694814815,3.9696912454534954,1.7251235695465046,1.7251235695465046
0.266,1.9606819480875854,-1.6946819480875854,1.6946819480875854
1.30875,2.0262209850169386,-0.7174709850169385,0.7174709850169385
1.0375,1.423228416573822,-0.38572841657382195,0.38572841657382195
12.0725,10.168415507742813,1.9040844922571871,1.9040844922571871
1.61,1.423228416573822,0.18677158342617806,0.18677158342617806
0.622,1.4670841852372787,-0.8450841852372787,0.8450841852372787
1.0675,1.3754007571804991,-0.30790075718049925,0.30790075718049925
6.936666667,6.941918239961311,-0.005251572961310735,0.005251572961310735
0.5175,1.423228416573822,-0.9057284165738221,0.9057284165738221
0.764761905,1.6732253816623892,-0.9084634766623892,0.9084634766623892
7.005555556,10.024975557718506,-3.0194200017185056,3.0194200017185056
7.9425,1.9693586175962432,5.973141382403757,5.973141382403757
1.155555556,1.596540614017996,-0.44098505801799615,0.44098505801799615
0.576428571,1.596540614017996,-1.020112043017996,1.020112043017996
9.679090909,10.168415507742813,-0.4893245987428134,0.4893245987428134
3.106666667,1.4989202932424952,1.6077463737575046,1.6077463737575046
3.539677419,3.3142613603228614,0.22541605867713876,0.22541605867713876
7.930714286,18.223671367311262,-10.292957081311261,10.292957081311261
5.85,1.4660912942615587,4.383908705738441,4.383908705738441
2.503333333,1.4989202932424952,1.0044130397575048,1.0044130397575048
0.964583333,2.8188998522325797,-1.8543165192325797,1.8543165192325797
24.83,9.383409025746454,15.446590974253544,15.446590974253544
0.5575,1.423228416573822,-0.865728416573822,0.865728416573822
0.21,1.423228416573822,-1.213228416573822,1.213228416573822
0.329285714,1.596540614017996,-1.267254900017996,1.267254900017996
1.075217391,3.038096250303345,-1.962878859303345,1.962878859303345
0.721666667,1.4989202932424952,-0.7772536262424952,0.7772536262424952
0.677826087,0.2728925110204276,0.4049335759795724,0.4049335759795724
0.603333333,1.4989202932424952,-0.8955869602424952,0.8955869602424952
0.699230769,1.6722324906866692,-0.9730017216866692,0.9730017216866692
1.624285714,1.959689057111866,-0.3354033431118659,0.3354033431118659
0.76,1.423228416573822,-0.663228416573822,0.663228416573822
1.18875,2.243771501064814,-1.0550215010648138,1.0550215010648138
0.441052632,1.8727057240375125,-1.4316530920375126,1.4316530920375126
2.076666667,1.742256404281075,0.33441026271892493,0.33441026271892493
1.870833333,1.1727075141413672,0.6981258188586328,0.6981258188586328
0.956666667,2.6129334030285376,-1.6562667360285377,1.6562667360285377
3.0,1.943820287096608,1.056179712903392,1.056179712903392
80.268,23.241747778030504,57.0262522219695,57.0262522219695
0.173076923,3.8811768418697112,-3.7080999188697112,3.7080999188697112
1.114615385,1.5035979335350933,-0.3889825485350933,0.3889825485350933
0.812083333,2.2915991604581367,-1.4795158274581368,1.4795158274581368
2.120322581,4.704876611179924,-2.584554030179924,2.584554030179924
1.011818182,1.423228416573822,-0.411410234573822,0.411410234573822
2.412307692,2.036373824756258,0.375933867243742,0.375933867243742
0.352142857,2.9662203117439447,-2.6140774547439447,2.6140774547439447
0.284615385,1.4269131658907002,-1.1422977808907002,1.1422977808907002
3.202307692,2.200526073436832,1.001781618563168,1.001781618563168
1.118,1.4989202932424952,-0.3809202932424951,0.3809202932424951
0.384782609,1.7097391299602038,-1.3249565209602039,1.3249565209602039
0.795806452,1.8727057240375125,-1.0768992720375126,1.0768992720375126
0.593333333,1.423228416573822,-0.829895083573822,0.829895083573822
12.59,9.97534390673928,2.61465609326072,2.61465609326072
0.28,1.6403963826814527,-1.3603963826814527,1.3603963826814527
0.0,2.5153130822530354,-2.5153130822530354,2.5153130822530354
0.974339623,1.7489172583310624,-0.7745776353310624,0.7745776353310624
1.402857143,1.7097391299602038,-0.30688198696020375,0.30688198696020375
0.4675,1.423228416573822,-0.955728416573822,0.955728416573822
1.305526316,2.8188998522325797,-1.5133735362325798,1.5133735362325798
1.62,1.423228416573822,0.19677158342617806,0.19677158342617806
0.680740741,1.5756050608868883,-0.8948643198868883,0.8948643198868883
0.204166667,1.596540614017996,-1.392373947017996,1.392373947017996
1.1325,1.6722324906866692,-0.5397324906866692,0.5397324906866692
0.239230769,1.6732253816623892,-1.4339946126623893,1.4339946126623893
1.645833333,3.038096250303345,-1.3922629173033452,1.3922629173033452
1.0975,1.423228416573822,-0.3257284165738221,0.3257284165738221
4.26,1.4989202932424952,2.7610797067575046,2.7610797067575046
1.254545455,1.5756050608868883,-0.3210596058868884,0.3210596058868884
14.05764706,7.402687003830682,6.654960056169319,6.654960056169319
0.325,2.589990593310675,-2.264990593310675,2.264990593310675
0.844666667,2.516305973228756,-1.6716393062287558,1.6716393062287558
1.8296,1.9505291083482657,-0.12092910834826576,0.12092910834826576
1.028148148,1.2650517206111918,-0.23690357261119166,0.23690357261119166
1.0,2.143496001524829,-1.143496001524829,1.143496001524829
0.342413793,1.423228416573822,-1.080814623573822,1.080814623573822
0.255,1.423228416573822,-1.1682284165738221,1.1682284165738221
0.906875,1.4670841852372787,-0.5602091852372787,0.5602091852372787
70.62176471,54.19300392270006,16.428760787299936,16.428760787299936
1.305555556,2.036373824756258,-0.7308182687562581,0.7308182687562581
1.113076923,2.036373824756258,-0.9232969017562582,0.9232969017562582
0.42875,1.423228416573822,-0.9944784165738221,0.9944784165738221
1.101111111,1.4597421648716367,-0.35863105387163663,0.35863105387163663
0.276875,1.6403963826814527,-1.3635213826814527,1.3635213826814527
0.63,1.3362226288096406,-0.7062226288096406,0.7062226288096406
0.420454545,2.1601622904627087,-1.7397077454627086,1.7397077454627086
5238.051739,6912.903919315224,-1674.8521803152234,1674.8521803152234
0.9525,1.4989202932424952,-0.5464202932424952,0.5464202932424952
0.650909091,1.596540614017996,-0.945631523017996,0.945631523017996
15.73,12.587665134486967,3.1423348655130336,3.1423348655130336
11.144,10.302549576816128,0.841450423183872,0.841450423183872
0.437209302,1.7489172583310624,-1.3117079563310623,1.3117079563310623
1.666666667,1.3754007571804991,0.29126590981950096,0.29126590981950096
2.116,1.959689057111866,0.15631094288813419,0.15631094288813419
0.450833333,1.9483976007061856,-1.4975642677061856,1.4975642677061856
13.48444444,18.146986599666867,-4.662542159666867,4.662542159666867
0.548947368,0.19720063435175453,0.3517467336482455,0.3517467336482455
0.8,2.6896181706729307,-1.8896181706729307,1.8896181706729307
0.285,1.6722324906866692,-1.3872324906866693,1.3872324906866693
5.57,2.4396212055843627,3.1303787944156376,3.1303787944156376
1.2125,1.423228416573822,-0.21072841657382213,0.21072841657382213
1.088888889,1.4989202932424952,-0.4100314042424953,0.4100314042424953
1.106363636,1.6722324906866692,-0.5658688546866693,0.5658688546866693
0.993928571,1.4999131842182152,-0.5059846132182152,0.5059846132182152
9.665454545,3.097714588851911,6.567739956148088,6.567739956148088
0.218571429,1.8839971804431928,-1.6654257514431927,1.6654257514431927
3.795555556,2.4396212055843627,1.3559343504156374,1.3559343504156374
0.356666667,1.6732253816623892,-1.3165587146623892,1.3165587146623892
69.62148148,59.052233114335074,10.569248365664926,10.569248365664926
11.87384615,10.168415507742813,1.7054306422571877,1.7054306422571877
7.786,2.5153130822530354,5.270686917746964,5.270686917746964
3.69,5.300987260538365,-1.6109872605383653,1.6109872605383653
1.228,1.9125791019198815,-0.6845791019198815,0.6845791019198815
0.72,3.8031397326416245,-3.0831397326416248,3.0831397326416248
0.817777778,1.596540614017996,-0.7787628360179961,0.7787628360179961
38.04833333,33.94436764529386,4.103965684706139,4.103965684706139
0.47,2.917196263387523,-2.4471962633875233,2.4471962633875233
1.577692308,3.038096250303345,-1.460403942303345,1.460403942303345
1.86,8.903826711356539,-7.043826711356538,7.043826711356538
1.835333333,1.4989202932424952,0.3364130397575047,0.3364130397575047
1.558918919,2.200526073436832,-0.6416071544368322,0.6416071544368322
0.382,1.6732253816623892,-1.291225381662389,1.291225381662389
0.159230769,1.6403963826814527,-1.4811656136814526,1.4811656136814526
0.7015,3.114781017947738,-2.413281017947738,2.413281017947738
15.8,12.387989420058744,3.4120105799412563,3.4120105799412563
1.597837838,2.200526073436832,-0.6026882354368321,0.6026882354368321
0.58,1.7165002101558664,-1.1365002101558663,1.1365002101558663
0.210833333,1.6330543623158107,-1.4222210293158106,1.4222210293158106
0.843421053,1.4999131842182152,-0.6564921312182151,0.6564921312182151
1.665555556,1.4989202932424952,0.16663526275750473,0.16663526275750473
3.347037037,7.040830698719355,-3.6937936617193547,3.6937936617193547
0.237142857,1.596540614017996,-1.359397757017996,1.359397757017996
2.474736842,1.8727057240375125,0.6020311179624875,0.6020311179624875
0.436,1.423228416573822,-0.9872284165738221,0.9872284165738221
0.59,1.7165002101558664,-1.1265002101558665,1.1265002101558665
5.628,3.271026786296086,2.356973213703914,2.356973213703914
1.712653061,1.7097391299602038,0.0029139310397960916,0.0029139310397960916
1.268518519,1.1020851265338831,0.16643339246611677,0.16643339246611677
1.92,1.943820287096608,-0.023820287096607995,0.023820287096607995
7.0,11.875118756758189,-4.875118756758189,4.875118756758189
1.58,1.299708880511826,0.2802911194881741,0.2802911194881741
0.2575,2.3672910371268094,-2.1097910371268096,2.1097910371268096
0.248076923,1.4999131842182152,-1.2518362612182152,1.2518362612182152
5.617083333,2.5153130822530354,3.1017702507469647,3.1017702507469647
1.121428571,1.423228416573822,-0.301799845573822,0.301799845573822
11.5,2.316808198969004,9.183191801030997,9.183191801030997
2.35,1.4217115882542144,0.9282884117457857,0.9282884117457857
0.229166667,1.4269131658907002,-1.1977464988907003,1.1977464988907003
0.415454545,1.9606819480875854,-1.5452274030875854,1.5452274030875854
0.235,1.4660912942615587,-1.2310912942615588,1.2310912942615588
0.63,1.9205109287410074,-1.2905109287410075,1.2905109287410075
35.52157895,29.59302362556681,5.928555324433187,5.928555324433187
23.71172414,21.208881425388107,2.5028427146118943,2.5028427146118943
0.586956522,0.2738854019961475,0.3130711200038525,0.3130711200038525
2.288,2.7680622125779704,-0.48006221257797055,0.48006221257797055
0.934,1.423228416573822,-0.489228416573822,0.489228416573822
1.137647059,1.6732253816623892,-0.5355783226623891,0.5355783226623891
0.703125,1.717493101131586,-1.014368101131586,1.014368101131586
9.942,10.168415507742813,-0.2264155077428125,0.2264155077428125
1.355,1.3754007571804991,-0.020400757180499163,0.020400757180499163
0.496785714,7.858546277558194,-7.361760563558194,7.361760563558194
3.415151515,2.102905752661331,1.312245762338669,1.312245762338669
1.439,1.6732253816623892,-0.23422538166238915,0.23422538166238915
0.268846154,1.7097391299602038,-1.4408929759602038,1.4408929759602038
0.455714286,1.4999131842182152,-1.044198898218215,1.044198898218215
14.46173333,11.51971814193528,2.942015188064719,2.942015188064719
0.515714286,1.596540614017996,-1.080826328017996,1.080826328017996
5.802727273,2.4396212055843627,3.3631060674156377,3.3631060674156377
1.656363636,1.7489172583310624,-0.09255362233106235,0.09255362233106235
68.724375,59.02606496940413,9.698310030595863,9.698310030595863
1.501304348,0.4733657443712708,1.027938603628729,1.027938603628729
0.878684211,1.7489172583310624,-0.8702330473310623,0.8702330473310623
0.281764706,1.6403963826814527,-1.3586316766814528,1.3586316766814528
0.6825,1.423228416573822,-0.740728416573822,0.740728416573822
0.34625,1.5637116150370596,-1.2174616150370596,1.2174616150370596
5.2475,3.271026786296086,1.9764732137039136,1.9764732137039136
1.65875,1.902701448954943,-0.24395144895494303,0.24395144895494303
0.765,1.423228416573822,-0.658228416573822,0.658228416573822
11.315,14.523920923551403,-3.2089209235514033,3.2089209235514033
0.581666667,3.038096250303345,-2.456429583303345,2.456429583303345
54.38111111,45.69108500109726,8.690026108902742,8.690026108902742
0.312,1.6722324906866692,-1.3602324906866692,1.3602324906866692
0.9175,2.819575942612021,-1.9020759426120208,1.9020759426120208
1.008181818,1.5364269325160298,-0.5282451145160298,0.5282451145160298
0.506956522,0.19720063435175453,0.30975588764824546,0.30975588764824546
1.860909091,1.9870428566460803,-0.12613376564608036,0.12613376564608036
2.97,1.3355976695214204,1.6344023304785797,1.6344023304785797
0.508888889,1.423228416573822,-0.9143395275738221,0.9143395275738221
8.14625,3.410630806810676,4.735619193189324,4.735619193189324
1.759583333,2.7400835769461076,-0.9805002439461077,0.9805002439461077
0.312083333,1.8727057240375125,-1.5606223910375125,1.5606223910375125
0.277692308,2.443305954901241,-2.1656136469012406,2.1656136469012406
1.850357143,4.704876611179924,-2.854519468179924,2.854519468179924
21.5625,21.278566066419987,0.2839339335800126,0.2839339335800126
1.51,2.5153130822530354,-1.0053130822530354,1.0053130822530354
12.05,10.014522035110138,2.0354779648898624,2.0354779648898624
1.29,2.019512163765281,-0.729512163765281,0.729512163765281
0.615714286,1.6993935265933384,-1.0836792405933384,1.0836792405933384
18.4,12.403858190074004,5.996141809925994,5.996141809925994
48.28,31.720620220612457,16.559379779387545,16.559379779387545
1.4075,1.299708880511826,0.10779111948817399,0.10779111948817399
18.69,13.40438220906928,5.285617790930722,5.285617790930722
0.465555556,1.423228416573822,-0.9576728605738221,0.9576728605738221
0.267333333,1.596540614017996,-1.329207281017996,1.329207281017996
0.6675,1.423228416573822,-0.7557284165738221,0.7557284165738221
2.690588235,2.6886252796972103,0.0019629553027895597,0.0019629553027895597
0.7325,1.4670841852372787,-0.7345841852372786,0.7345841852372786
7.44,10.502526565137174,-3.0625265651371736,3.0625265651371736
0.3,2.036373824756258,-1.7363738247562581,1.7363738247562581
0.665555556,1.596540614017996,-0.930985058017996,0.930985058017996
1.164074074,0.7655691419573073,0.39850493204269266,0.39850493204269266
30.28571429,41.49908733011418,-11.213373040114178,11.213373040114178
0.362857143,1.4999131842182152,-1.1370560412182151,1.1370560412182151
1.151276596,1.6732253816623892,-0.5219487856623892,0.5219487856623892
0.355555556,1.4999131842182152,-1.144357628218215,1.144357628218215
33.24096774,31.08483140897567,2.1561363310243316,2.1561363310243316
1.90375,2.4396212055843627,-0.5358712055843626,0.5358712055843626
0.562,1.6993935265933384,-1.1373935265933384,1.1373935265933384
0.756666667,1.7165002101558664,-0.9598335431558664,0.9598335431558664
1.41,3.3727548128467824,-1.9627548128467824,1.9627548128467824
22.43019608,9.757631487592972,12.67256459240703,12.67256459240703
1.589090909,1.423228416573822,0.165862492426178,0.165862492426178
1.111351351,1.7489172583310624,-0.6375659073310624,0.6375659073310624
1.315,2.036373824756258,-0.7213738247562582,0.7213738247562582
1.0,2.9928881400561957,-1.9928881400561957,1.9928881400561957
0.670833333,1.7489172583310624,-1.0780839253310623,1.0780839253310623
1.778,1.423228416573822,0.354771583426178,0.354771583426178
2.803846154,2.036373824756258,0.7674723292437418,0.7674723292437418
1.745714286,2.8945917289012524,-1.1488774429012525,1.1488774429012525
0.588214286,4.505396268804801,-3.917181982804801,3.917181982804801
2.025192308,2.439879793694325,-0.414687485694325,0.414687485694325
0.677241379,3.114781017947738,-2.4375396389477384,2.4375396389477384
3.048095238,1.9483976007061856,1.0996976372938145,1.0996976372938145
0.5,2.4396212055843627,-1.9396212055843627,1.9396212055843627
2.0,1.943820287096608,0.056179712903392076,0.056179712903392076
0.5,2.4923702725351737,-1.9923702725351737,1.9923702725351737
0.874545455,2.1601622904627087,-1.2856168354627087,1.2856168354627087
1.0675,1.6408083334871932,-0.5733083334871933,0.5733083334871933
1.693529412,1.8727057240375125,-0.1791763120375125,0.1791763120375125
1.4275,3.038096250303345,-1.610596250303345,1.610596250303345
0.0575,2.6896181706729307,-2.6321181706729306,2.6321181706729306
1.042,1.4989202932424952,-0.45692029324249517,0.45692029324249517
0.285454545,1.596540614017996,-1.3110860690179962,1.3110860690179962
0.5,1.096022746496974,-0.5960227464969741,0.5960227464969741
1.5775,1.6732253816623892,-0.09572538166238931,0.09572538166238931
0.734473684,1.6732253816623892,-0.9387516976623892,0.9387516976623892
0.940526316,1.6993935265933384,-0.7588672105933384,0.7588672105933384
2.952368421,2.200526073436832,0.7518423475631679,0.7518423475631679
3.094545455,2.1601622904627087,0.9343831645372913,0.9343831645372913
23.41576923,21.00797116098576,2.4077980690142375,2.4077980690142375
1.418333333,1.3460197115855412,0.07231362141445885,0.07231362141445885
6.365833333,11.109116420084675,-4.7432830870846745,4.7432830870846745
1.436363636,1.5756050608868883,-0.1392414248868883,0.1392414248868883
1.62,1.959689057111866,-0.3396890571118658,0.3396890571118658
1.66125,1.423228416573822,0.23802158342617785,0.23802158342617785
1.53,1.299708880511826,0.23029111948817405,0.23029111948817405
5.757083333,6.984781117649048,-1.227697784649048,1.227697784649048
21105.0,15166.042757606343,5938.957242393657,5938.957242393657
1.084,1.6722324906866692,-0.5882324906866692,0.5882324906866692
3.236818182,2.1601622904627087,1.0766558915372912,1.0766558915372912
0.854285714,1.423228416573822,-0.5689427025738221,0.5689427025738221
140.0,89.34911169569965,50.65088830430035,50.65088830430035
0.618333333,1.4999131842182152,-0.8815798512182151,0.8815798512182151
0.586666667,1.423228416573822,-0.836561749573822,0.836561749573822
7.302,10.37923434446052,-3.0772343444605212,3.0772343444605212
0.120384615,1.6732253816623892,-1.5528407666623891,1.5528407666623891
0.8275,1.4989202932424952,-0.6714202932424952,0.6714202932424952
8.875,10.502526565137174,-1.627526565137174,1.627526565137174
0.554642857,1.7097391299602038,-1.1550962729602037,1.1550962729602037
0.375625,1.7165002101558664,-1.3408752101558665,1.3408752101558665
0.91,2.0678041248561563,-1.1578041248561561,1.1578041248561561
0.612608696,1.8727057240375125,-1.2600970280375123,1.2600970280375123
0.6,3.8031397326416245,-3.2031397326416244,3.2031397326416244
0.640740741,4.131173806958281,-3.490433065958281,3.490433065958281
3.45952381,1.9926653201753826,1.4668584898246173,1.4668584898246173
0.447894737,1.9606819480875854,-1.5127872110875855,1.5127872110875855
1.627692308,1.4999131842182152,0.1277791237817849,0.1277791237817849
1.432692308,1.5756050608868883,-0.14291275288688832,0.14291275288688832
14.64727273,4.016586277239024,10.630686452760976,10.630686452760976
0.303793103,1.596540614017996,-1.292747511017996,1.292747511017996
0.449,1.6722324906866692,-1.2232324906866692,1.2232324906866692
0.200666667,1.5637116150370596,-1.3630449480370597,1.3630449480370597
0.782857143,2.316101669522367,-1.533244526522367,1.533244526522367
0.253181818,1.596540614017996,-1.343358796017996,1.343358796017996
17.0,2.4396212055843627,14.560378794415637,14.560378794415637
10.163,10.168415507742813,-0.005415507742812409,0.005415507742812409
0.4468,0.19720063435175453,0.24959936564824545,0.24959936564824545
0.351034483,1.5756050608868883,-1.2245705778868883,1.2245705778868883
0.573,2.2915991604581367,-1.7185991604581368,1.7185991604581368
6.367142857,12.883790338546493,-6.516647481546493,6.516647481546493
1.15,1.6403963826814527,-0.4903963826814528,0.4903963826814528
0.075,1.8839971804431928,-1.8089971804431928,1.8089971804431928
12.85294118,3.1953349096274133,9.657606270372586,9.657606270372586
5.617142857,2.5919978498974285,3.0251450071025716,3.0251450071025716
0.899583333,1.7489172583310624,-0.8493339253310623,0.8493339253310623
7.279583333,10.37923434446052,-3.099651011460521,3.099651011460521
1.133636364,1.6732253816623892,-0.5395890176623892,0.5395890176623892
2.711666667,4.0544890393138875,-1.3428223723138877,1.3428223723138877
0.688928571,3.114781017947738,-2.4258524469477383,2.4258524469477383
0.955333333,2.516305973228756,-1.5609726402287558,1.5609726402287558
0.59625,1.7489172583310624,-1.1526672583310624,1.1526672583310624
3.632142857,1.9971956963853996,1.6349471606146002,1.6349471606146002
0.931818182,1.5756050608868883,-0.6437868788868883,0.6437868788868883
0.62,1.423228416573822,-0.803228416573822,0.803228416573822
0.589285714,2.9289718909304217,-2.339686176930422,2.339686176930422
0.0,3.1953349096274133,-3.1953349096274133,3.1953349096274133
1.5375,2.063727624290473,-0.5262276242904731,0.5262276242904731
39.59461538,29.63220175393767,9.962413626062329,9.962413626062329
0.372857143,1.4999131842182152,-1.1270560412182151,1.1270560412182151
0.623684211,1.6732253816623892,-1.0495411706623892,1.0495411706623892
0.03875,2.4761349538821773,-2.4373849538821775,2.4373849538821775
0.814705882,1.7540068494294005,-0.9393009674294005,0.9393009674294005
0.634074074,0.3495772786648206,0.28449679533517946,0.28449679533517946
8.056875,10.16940839871853,-2.112533398718531,2.112533398718531
0.153181818,1.4999131842182152,-1.3467313662182152,1.3467313662182152
1.643333333,1.902701448954943,-0.259368115954943,0.259368115954943
0.184166667,4.0544890393138875,-3.8703223723138875,3.8703223723138875
1.165,2.743884065943348,-1.578884065943348,1.578884065943348
4.552272727,1.9483976007061856,2.6038751262938145,2.6038751262938145
1.08,1.4989202932424952,-0.41892029324249513,0.41892029324249513
16.6337037,16.39724265937114,0.23646104062886053,0.23646104062886053
0.538888889,0.3103991502939622,0.22848973870603778,0.22848973870603778
15.2939726,11.443033374290888,3.850939225709112,3.850939225709112
0.691818182,1.7097391299602038,-1.0179209479602038,1.0179209479602038
1.173333333,2.852287123286028,-1.678953790286028,1.678953790286028
0.753333333,2.019512163765281,-1.266178830765281,1.266178830765281
31.91931034,2.482484083272099,29.4368262567279,29.4368262567279
5.091481481,3.9696912454534954,1.1217902355465044,1.1217902355465044
0.5125,1.6993935265933384,-1.1868935265933385,1.1868935265933385
1.630909091,1.4989202932424952,0.13198879775750472,0.13198879775750472
1.1105,2.196676038760523,-1.0861760387605228,1.0861760387605228
0.603333333,1.3460197115855412,-0.7426863785855412,0.7426863785855412
1.406190476,1.9483976007061856,-0.5422071247061857,0.5422071247061857
0.53,1.299708880511826,-0.769708880511826,0.769708880511826
0.506923077,1.5756050608868883,-1.0686819838868882,1.0686819838868882
1.41,3.3335766844759243,-1.9235766844759243,1.9235766844759243
34.15642857,20.101677889034164,14.054750680965839,14.054750680965839
1.168125,2.1676970744558957,-0.9995720744558956,0.9995720744558956
0.9075,1.423228416573822,-0.5157284165738221,0.5157284165738221
21.084,9.231032381433387,11.852967618566613,11.852967618566613
3.191578947,1.8727057240375125,1.3188732229624875,1.3188732229624875
1.145,1.4989202932424952,-0.3539202932424952,0.3539202932424952
0.318666667,1.596540614017996,-1.277873947017996,1.277873947017996
0.81,1.4660912942615587,-0.6560912942615587,0.6560912942615587
2.6759375,1.9483976007061856,0.7275398992938142,0.7275398992938142
1.5475,1.423228416573822,0.12427158342617806,0.12427158342617806
0.752,1.6722324906866692,-0.9202324906866692,0.9202324906866692
7.856666667,11.269721176846714,-3.413054509846714,3.413054509846714
36.27592593,43.21326372102436,-6.937337791024362,6.937337791024362
3.15,1.4989202932424952,1.6510797067575047,1.6510797067575047
0.77,1.423228416573822,-0.653228416573822,0.653228416573822
1.104705882,1.6330543623158107,-0.5283484803158107,0.5283484803158107
1.224545455,2.5153130822530354,-1.2907676272530355,1.2907676272530355
0.369375,1.596540614017996,-1.227165614017996,1.227165614017996
0.3875,1.596540614017996,-1.2090406140179961,1.2090406140179961
0.49,2.28572773295169,-1.79572773295169,1.79572773295169
0.495454545,0.19720063435175453,0.29825391064824547,0.29825391064824547
0.564615385,1.6732253816623892,-1.1086099966623892,1.1086099966623892
1.001428571,1.4989202932424952,-0.49749172224249527,0.49749172224249527
0.665,1.7165002101558664,-1.0515002101558664,1.0515002101558664
85.75,92.91401820774848,-7.164018207748484,7.164018207748484
0.516153846,1.6993935265933384,-1.1832396805933385,1.1832396805933385
3.32,1.6732253816623892,1.6467746183376106,1.6467746183376106
0.587826087,0.2738854019961475,0.3139406850038525,0.3139406850038525
1.741666667,1.6722324906866692,0.06943417631333082,0.06943417631333082
0.986666667,1.793184977800259,-0.806518310800259,0.806518310800259
0.436666667,1.6408083334871932,-1.2041416664871933,1.2041416664871933
0.331333333,1.6732253816623892,-1.3418920486623893,1.3418920486623893
0.360714286,1.7489172583310624,-1.3882029723310625,1.3882029723310625
0.827727273,1.6732253816623892,-0.8454981086623892,0.8454981086623892
0.342857143,1.596540614017996,-1.253683471017996,1.253683471017996
5.795,11.19402930017804,-5.399029300178039,5.399029300178039
0.4225,1.8839971804431928,-1.4614971804431929,1.4614971804431929
0.873333333,1.299708880511826,-0.42637554751182594,0.42637554751182594
0.913478261,1.6732253816623892,-0.7597471206623893,0.7597471206623893
1.405,2.0272138759926586,-0.6222138759926585,0.6222138759926585
0.705,1.7873697506434119,-1.0823697506434118,1.0823697506434118
1.311818182,1.5756050608868883,-0.26378687888688823,0.26378687888688823
0.985,1.6732253816623892,-0.6882253816623892,0.6882253816623892
1.32,3.0220227121832384,-1.7020227121832383,1.7020227121832383
1.898235294,1.5756050608868883,0.3226302331131117,0.3226302331131117
2.877407407,2.276217950105505,0.6011894568944953,0.6011894568944953
3.304333333,2.386977604140055,0.917355728859945,0.917355728859945
0.605,1.1727075141413672,-0.5677075141413672,0.5677075141413672
1.012727273,1.4989202932424952,-0.4861930202424951,0.4861930202424951
2.073333333,1.7165002101558664,0.3568331228441335,0.3568331228441335
3.540357143,2.276217950105505,1.2641391928944952,1.2641391928944952
1.144,1.9606819480875854,-0.8166819480875855,0.8166819480875855
0.74,1.423228416573822,-0.683228416573822,0.683228416573822
1.095,2.2045933726939557,-1.1095933726939557,1.1095933726939557
0.919565217,1.9483976007061856,-1.0288323837061855,1.0288323837061855
0.506,1.1717146231656472,-0.6657146231656472,0.6657146231656472
1.310645161,1.8727057240375125,-0.5620605630375124,0.5620605630375124
3.186388889,2.200526073436832,0.9858628155631677,0.9858628155631677
1.98,1.6722324906866692,0.30776750931333074,0.30776750931333074
0.5,3.0841969138666974,-2.5841969138666974,2.5841969138666974
0.215555556,1.596540614017996,-1.380985058017996,1.380985058017996
1.692631579,2.3112857274713825,-0.6186541484713826,0.6186541484713826
0.97,1.6722324906866692,-0.7022324906866693,0.7022324906866693
68.77786667,57.83493006092218,10.942936609077812,10.942936609077812
0.63,1.4989202932424952,-0.8689202932424952,0.8689202932424952
0.690967742,2.4396212055843627,-1.7486534635843627,1.7486534635843627
2.428148148,1.8727057240375125,0.5554424239624876,0.5554424239624876
1.681111111,1.596540614017996,0.08457049698200403,0.08457049698200403
4.05,1.943820287096608,2.106179712903392,2.106179712903392
1.435384615,1.5756050608868883,-0.1402204458868883,0.1402204458868883
5.77625,2.5433258974078217,3.2329241025921784,3.2329241025921784
6.834285714,3.0220227121832384,3.8122630018167616,3.8122630018167616
1.8225,1.4989202932424952,0.3235797067575048,0.3235797067575048
1.674545455,1.4989202932424952,0.17562516175750487,0.17562516175750487
0.0,5.544993929441944,-5.544993929441944,5.544993929441944
1.897,2.6129334030285376,-0.7159334030285376,0.7159334030285376
1.268205128,1.6732253816623892,-0.40502025366238925,0.40502025366238925
3.517058824,1.8727057240375125,1.6443530999624874,1.6443530999624874
11.27153846,7.190922314074158,4.080616145925842,4.080616145925842
0.98,1.096022746496974,-0.11602274649697408,0.11602274649697408
0.634615385,2.036373824756258,-1.4017584397562581,1.4017584397562581
0.31,1.423228416573822,-1.113228416573822,1.113228416573822
0.671818182,3.114781017947738,-2.442962835947738,2.442962835947738
2.85,0.9229317518197541,1.927068248180246,1.927068248180246
13.4,10.310303547987505,3.089696452012495,3.089696452012495
0.689259259,0.3495772786648206,0.3396819803351794,0.3396819803351794
0.126666667,1.8839971804431928,-1.7573305134431927,1.7573305134431927
0.357142857,1.6773220817850079,-1.320179224785008,1.320179224785008
0.477241379,4.131173806958281,-3.653932427958281,3.653932427958281
0.6,1.096022746496974,-0.4960227464969741,0.4960227464969741
0.548333333,1.6408083334871932,-1.0924750004871933,1.0924750004871933
5.54,4.0544890393138875,1.4855109606861125,1.4855109606861125
0.72,1.6773220817850079,-0.9573220817850079,0.9573220817850079
1.13,2.6203645298813525,-1.4903645298813526,1.4903645298813526
0.325416667,3.038096250303345,-2.7126795833033452,2.7126795833033452
1.16625,1.6408083334871932,-0.47455833348719323,0.47455833348719323
0.848461538,1.4989202932424952,-0.6504587552424952,0.6504587552424952
0.644230769,1.6993935265933384,-1.0551627575933384,1.0551627575933384
0.0,2.9928881400561957,-2.9928881400561957,2.9928881400561957
0.8175,1.8358943342754883,-1.0183943342754884,1.0183943342754884
1.062222222,1.8727057240375125,-0.8104835020375125,0.8104835020375125
1.947619048,1.8727057240375125,0.07491332396248751,0.07491332396248751
1.34625,1.3754007571804991,-0.0291507571804992,0.0291507571804992
0.0,2.9537100116853376,-2.9537100116853376,2.9537100116853376
1.38,1.6722324906866692,-0.29223249068666934,0.29223249068666934
1.9009375,1.9483976007061856,-0.04746010070618567,0.04746010070618567
0.49,1.959689057111866,-1.469689057111866,1.469689057111866
0.463333333,1.4989202932424952,-1.0355869602424952,1.0355869602424952
10.38925926,4.979273401036966,5.409985858963033,5.409985858963033
8.469666667,7.018603007605703,1.451063659394297,1.451063659394297
0.864545455,2.285371641739179,-1.4208261867391792,1.4208261867391792
0.5,2.819575942612021,-2.319575942612021,2.319575942612021
0.702727273,1.5756050608868883,-0.8728777878868883,0.8728777878868883
0.353243243,1.7097391299602038,-1.3564958869602037,1.3564958869602037
0.22375,1.596540614017996,-1.3727906140179962,1.3727906140179962
1.407,1.9098341516577992,-0.5028341516577992,0.5028341516577992
0.728888889,1.3450268206098213,-0.6161379316098212,0.6161379316098212
0.5034,1.6732253816623892,-1.1698253816623891,1.1698253816623891
2.0,3.835968731622561,-1.835968731622561,1.835968731622561
0.782333333,1.9483976007061856,-1.1660642677061857,1.1660642677061857
1.9425,2.39278643716676,-0.4502864371667603,0.4502864371667603
0.7825,1.4989202932424952,-0.7164202932424952,0.7164202932424952
28.84285714,11.809027723688434,17.033829416311566,17.033829416311566
0.899259259,1.6722324906866692,-0.7729732316866692,0.7729732316866692
1.945,1.423228416573822,0.521771583426178,0.521771583426178
0.55,1.959689057111866,-1.4096890571118659,1.4096890571118659
3.898571429,1.6408083334871932,2.2577630955128067,2.2577630955128067
0.278095238,1.6732253816623892,-1.395130143662389,1.395130143662389
0.7775,1.423228416573822,-0.6457284165738221,0.6457284165738221
1.869444444,1.8358943342754883,0.03355010972451167,0.03355010972451167
1.49,2.0272138759926586,-0.5372138759926586,0.5372138759926586
6.22,2.036373824756258,4.183626175243742,4.183626175243742
0.785737705,1.7489172583310624,-0.9631795533310624,0.9631795533310624
1.389166667,1.6732253816623892,-0.2840587146623892,0.2840587146623892
0.888666667,1.6732253816623892,-0.7845587146623892,0.7845587146623892
0.905,1.959689057111866,-1.054689057111866,1.054689057111866
1.451,3.8811768418697112,-2.430176841869711,2.430176841869711
0.992666667,2.3672910371268094,-1.3746243701268095,1.3746243701268095
0.396,1.7160882593501259,-1.320088259350126,1.320088259350126
0.942222222,1.4989202932424952,-0.5566980712424952,0.5566980712424952
21.27,28.02484423018368,-6.754844230183682,6.754844230183682
1.607647059,2.102905752661331,-0.4952586936613308,0.4952586936613308
0.575714286,1.6408083334871932,-1.0650940474871933,1.0650940474871933
16.32777778,29.269053310843802,-12.9412755308438,12.9412755308438
0.576956522,1.7489172583310624,-1.1719607363310622,1.1719607363310622
0.348571429,1.3450268206098213,-0.9964553916098213,0.9964553916098213
0.496666667,1.423228416573822,-0.9265617495738221,0.9265617495738221
12.99478261,6.212036164337154,6.782746445662846,6.782746445662846
8.34,3.3741170585128613,4.965882941487139,4.965882941487139
0.733333333,1.6722324906866692,-0.9388991576866692,0.9388991576866692
1.08,2.9602130761071495,-1.8802130761071494,1.8802130761071494
2.144545455,1.4989202932424952,0.6456251617575046,0.6456251617575046
3.207142857,2.0272138759926586,1.1799289810073414,1.1799289810073414
15.62588235,4.236521647519628,11.38936070248037,11.38936070248037
0.57,1.096022746496974,-0.5260227464969741,0.5260227464969741
0.852307692,1.6732253816623892,-0.8209176896623892,0.8209176896623892
0.416428571,1.6732253816623892,-1.2567968106623892,1.2567968106623892
33.11285714,2.406792206603426,30.706064933396576,30.706064933396576
2.691363636,1.9926653201753826,0.6986983158246176,0.6986983158246176
0.765,1.423228416573822,-0.658228416573822,0.658228416573822
2.6825,1.6732253816623892,1.009274618337611,1.009274618337611
15.27291667,10.168415507742813,5.104501162257188,5.104501162257188
6.710434783,10.342720596162705,-3.6322858131627047,3.6322858131627047
0.713076923,2.4396212055843627,-1.7265442825843627,1.7265442825843627
6.087142857,11.867397549535958,-5.780254692535959,5.780254692535959
16.15106061,11.51971814193528,4.631342468064718,4.631342468064718
0.839166667,1.596540614017996,-0.7573739470179961,0.7573739470179961
2.839642857,2.0272138759926586,0.8124289810073413,0.8124289810073413
1.386818182,2.1601622904627087,-0.7733441084627086,0.7733441084627086
0.522083333,0.19720063435175453,0.3248826986482455,0.3248826986482455
1.33875,1.423228416573822,-0.08447841657382194,0.08447841657382194
0.0625,1.6722324906866692,-1.6097324906866692,1.6097324906866692
0.955172414,4.131173806958281,-3.1760013929582813,3.1760013929582813
1.104210526,1.6722324906866692,-0.5680219646866693,0.5680219646866693
0.75,3.2803447064813906,-2.5303447064813906,2.5303447064813906
1.48,3.2970629361781096,-1.8170629361781097,1.8170629361781097
0.5684,1.5756050608868883,-1.0072050608868883,1.0072050608868883
21.50819444,10.578714686835644,10.929479753164356,10.929479753164356
0.795,1.3903994175928855,-0.5953994175928855,0.5953994175928855
0.500769231,1.9606819480875854,-1.4599127170875854,1.4599127170875854
0.403125,1.6408083334871932,-1.2376833334871933,1.2376833334871933
1.601428571,1.8727057240375125,-0.27127715303751243,0.27127715303751243
2.528,2.199533182461112,0.32846681753888785,0.32846681753888785
0.915714286,1.423228416573822,-0.507514130573822,0.507514130573822
1.455384615,1.5756050608868883,-0.1202204458868883,0.1202204458868883
1.435098039,1.9483976007061856,-0.5132995617061855,0.5132995617061855
1.166818182,4.0812783788815175,-2.9144601968815174,2.9144601968815174
0.67,3.0841969138666974,-2.4141969138666974,2.4141969138666974
0.204,1.5637116150370596,-1.3597116150370596,1.3597116150370596
0.67875,1.423228416573822,-0.7444784165738221,0.7444784165738221
1.55,4.0544890393138875,-2.5044890393138877,2.5044890393138877
0.651428571,1.423228416573822,-0.7717998455738221,0.7717998455738221
0.71,1.3754007571804991,-0.6654007571804992,0.6654007571804992
0.69,1.6722324906866692,-0.9822324906866693,0.9822324906866693
10.688,10.092723631074138,0.5952763689258624,0.5952763689258624
0.73125,1.596540614017996,-0.8652906140179961,0.8652906140179961
0.920952381,1.423228416573822,-0.502276035573822,0.502276035573822
0.114,1.6732253816623892,-1.559225381662389,1.559225381662389
0.645,2.406792206603426,-1.7617922066034262,1.7617922066034262
0.691176471,1.7097391299602038,-1.018562658960204,1.018562658960204
1.38,1.7165002101558664,-0.3365002101558665,0.3365002101558665
0.448333333,1.7489172583310624,-1.3005839253310625,1.3005839253310625
1.084814815,3.063840632519447,-1.9790258175194468,1.9790258175194468
0.505555556,0.19720063435175453,0.3083549216482455,0.3083549216482455
1.158181818,4.0812783788815175,-2.9230965608815174,2.9230965608815174
0.49,1.3754007571804991,-0.8854007571804992,0.8854007571804992
0.736666667,2.4396212055843627,-1.7029545385843625,1.7029545385843625
1.020909091,2.5153130822530354,-1.4944039912530354,1.4944039912530354
0.5175,1.6408083334871932,-1.1233083334871932,1.1233083334871932
0.975333333,1.6330543623158107,-0.6577210293158107,0.6577210293158107
1.17625,1.423228416573822,-0.24697841657382202,0.24697841657382202
23.96137255,9.757631487592972,14.203741062407028,14.203741062407028
0.838666667,2.085891299364056,-1.247224632364056,1.247224632364056
0.211666667,1.6722324906866692,-1.4605658236866692,1.4605658236866692
0.71,2.277630070598146,-1.5676300705981459,1.5676300705981459
0.885454545,1.5756050608868883,-0.6901505158868884,0.6901505158868884
0.416595745,1.6732253816623892,-1.2566296366623892,1.2566296366623892
0.761428571,1.4989202932424952,-0.7374917222424952,0.7374917222424952
8.936315789,11.19402930017804,-2.2577135111780393,2.2577135111780393
0.67,2.143496001524829,-1.473496001524829,1.473496001524829
53.25,44.599000335418026,8.650999664581974,8.650999664581974
11.26714286,18.071294722998193,-6.804151862998193,6.804151862998193
0.432857143,1.3450268206098213,-0.9121696776098213,0.9121696776098213
5.593333333,13.057102535990667,-7.463769202990667,7.463769202990667
0.246875,1.4670841852372787,-1.2202091852372787,1.2202091852372787
0.9248,2.200526073436832,-1.2757260734368323,1.2757260734368323
0.591666667,1.4660912942615587,-0.8744246272615587,0.8744246272615587
0.692857143,1.423228416573822,-0.730371273573822,0.730371273573822
4.287272727,2.036373824756258,2.2508989022437422,2.2508989022437422
0.452,1.6403963826814527,-1.1883963826814528,1.1883963826814528
1.32,3.3727548128467824,-2.052754812846782,2.052754812846782
1.545714286,2.0272138759926586,-0.4814995899926586,0.4814995899926586
1.444126984,1.9483976007061856,-0.5042706167061857,0.5042706167061857
0.301176471,2.580104404047601,-2.2789279330476013,2.2789279330476013
1.405,2.5153130822530354,-1.1103130822530354,1.1103130822530354
1.016388889,1.909219472335327,-0.8928305833353272,0.8928305833353272
0.715,2.6129334030285376,-1.8979334030285377,1.8979334030285377
1.118181818,1.8727057240375125,-0.7545239060375124,0.7545239060375124
14.03470588,4.236521647519628,9.798184232480374,9.798184232480374
1.472857143,1.5756050608868883,-0.10274791788688842,0.10274791788688842
0.736666667,1.4597421648716367,-0.7230754978716366,0.7230754978716366
75.33,48.66432778475396,26.66567221524604,26.66567221524604
0.813846154,1.5427760619059518,-0.7289299079059518,0.7289299079059518
0.69375,1.7165002101558664,-1.0227502101558663,1.0227502101558663
1.03,1.4999131842182152,-0.46991318421821515,0.46991318421821515
0.58,1.6408083334871932,-1.0608083334871932,1.0608083334871932
0.767692308,2.036373824756258,-1.2686815167562582,1.2686815167562582
0.3595,1.4999131842182152,-1.1404131842182152,1.1404131842182152
2.292857143,1.4999131842182152,0.7929439587817848,0.7929439587817848
1.363098592,1.7097391299602038,-0.3466405379602038,0.3466405379602038
1.01,2.6129334030285376,-1.6029334030285376,1.6029334030285376
2.31,1.2483993908100404,1.0616006091899597,1.0616006091899597
0.841818182,1.9606819480875854,-1.1188637660875855,1.1188637660875855
0.247272727,1.6732253816623892,-1.4259526546623893,1.4259526546623893
0.654814815,0.3103991502939622,0.34441566470603785,0.34441566470603785
1.58,1.6732253816623892,-0.09322538166238914,0.09322538166238914
6.214285714,3.063840632519447,3.150445081480553,3.150445081480553
3.159655172,2.2370398217346463,0.9226153502653536,0.9226153502653536
0.2492,1.6330543623158107,-1.3838543623158106,1.3838543623158106
13.8292,9.348431817033521,4.480768182966479,4.480768182966479
12.0,3.097714588851911,8.902285411148089,8.902285411148089
61.44,56.8958765708159,4.544123429184097,4.544123429184097
0.708,1.6773220817850079,-0.9693220817850079,0.9693220817850079
4.37,3.2970629361781096,1.0729370638218905,1.0729370638218905
1.892727273,2.6494471513263522,-0.7567198783263522,0.7567198783263522
0.724615385,1.6722324906866692,-0.9476171056866692,0.9476171056866692
1.413,2.7400835769461076,-1.3270835769461076,1.3270835769461076
0.354259259,1.6732253816623892,-1.3189661226623892,1.3189661226623892
1.17,2.4396212055843627,-1.2696212055843628,1.2696212055843628
0.685,1.6732253816623892,-0.9882253816623892,0.9882253816623892
0.816,1.4989202932424952,-0.6829202932424953,0.6829202932424953
0.186875,1.4670841852372787,-1.2802091852372786,1.2802091852372786
0.471111111,1.5035979335350933,-1.0324868225350934,1.0324868225350934
0.8475,3.114781017947738,-2.267281017947738,2.267281017947738
0.95375,1.9606819480875854,-1.0069319480875856,1.0069319480875856
1.8325,1.8727057240375125,-0.040205724037512436,0.040205724037512436
1.060434783,0.6865513196978136,0.37388346330218647,0.37388346330218647
21.80117647,11.63571552624426,10.165460943755741,10.165460943755741
1.311666667,2.2370398217346463,-0.9253731547346464,0.9253731547346464
7.255,1.9693586175962432,5.285641382403757,5.285641382403757
6.265,1.943820287096608,4.321179712903392,4.321179712903392
1.51,1.4999131842182152,0.01008681578178483,0.01008681578178483
0.595,1.6732253816623892,-1.0782253816623892,1.0782253816623892
2.120714286,2.276217950105505,-0.15550366410550476,0.15550366410550476
6.69125,41.45990920174332,-34.76865920174332,34.76865920174332
4.84,1.423228416573822,3.416771583426178,3.416771583426178
4.58,1.9693586175962432,2.610641382403757,2.610641382403757
1.83,1.943820287096608,-0.11382028709660785,0.11382028709660785
3.788823529,1.8727057240375125,1.9161178049624876,1.9161178049624876
2.564545455,2.487982639862029,0.07656281513797136,0.07656281513797136
1.8775,1.4999131842182152,0.37758681578178477,0.37758681578178477
0.283333333,3.1590636040509583,-2.8757302710509585,2.8757302710509585
3.029583333,3.114781017947738,-0.08519768494773805,0.08519768494773805
22.46304348,2.482484083272099,19.9805593967279,19.9805593967279
38.13857143,20.140856017405024,17.997715412594975,17.997715412594975
1.165866667,1.9483976007061856,-0.7825309337061856,0.7825309337061856
1.649230769,1.4999131842182152,0.14931758478178492,0.14931758478178492
0.850714286,2.9662203117439447,-2.1155060257439446,2.1155060257439446
2.7724,0.5098794926690855,2.2625205073309145,2.2625205073309145
2.6268,1.9483976007061856,0.6784023992938142,0.6784023992938142
1.494285714,1.6330543623158107,-0.1387686483158106,0.1387686483158106
0.825555556,1.4989202932424952,-0.6733647372424952,0.6733647372424952
1.0,2.917196263387523,-1.917196263387523,1.917196263387523
0.568,1.4989202932424952,-0.9309202932424953,0.9309202932424953
1.732333333,1.9483976007061856,-0.2160642677061857,0.2160642677061857
7.595,1.9693586175962432,5.6256413824037566,5.6256413824037566
0.875,1.596540614017996,-0.7215406140179961,0.7215406140179961
0.8136,1.5756050608868883,-0.7620050608868884,0.7620050608868884
2.202142857,1.4999131842182152,0.7022296727817849,0.7022296727817849
5.327272727,4.0384155011937795,1.288857225806221,1.288857225806221
1.133333333,1.6722324906866692,-0.5388991576866693,0.5388991576866693
0.9675,1.5756050608868883,-0.6081050608868883,0.6081050608868883
1.20375,1.423228416573822,-0.21947841657382194,0.21947841657382194
0.702857143,1.6722324906866692,-0.9693753476866692,0.9693753476866692
0.8,2.0678041248561563,-1.2678041248561562,1.2678041248561562
0.32,1.3903994175928855,-1.0703994175928855,1.0703994175928855
1.003333333,1.4597421648716367,-0.4564088318716366,0.4564088318716366
11263.83,10527.938188202706,735.8918117972935,735.8918117972935
0.612,1.3754007571804991,-0.7634007571804992,0.7634007571804992
0.725714286,1.6722324906866692,-0.9465182046866693,0.9465182046866693
0.3975,1.5035979335350933,-1.1060979335350933,1.1060979335350933
2.287777778,2.102905752661331,0.1848720253386693,0.1848720253386693
85.06461538,63.52715866961225,21.537456710387758,21.537456710387758
0.53,1.4597421648716367,-0.9297421648716366,0.9297421648716366
1.252857143,1.8727057240375125,-0.6198485810375125,0.6198485810375125
1.423571429,1.582013802258479,-0.15844237325847899,0.15844237325847899
1.328461538,1.3825334598833559,-0.054071921883355856,0.054071921883355856
0.348,1.7165002101558664,-1.3685002101558665,1.3685002101558665
1.228571429,2.5528197215265704,-1.3242482925265704,1.3242482925265704
0.8025,1.6408083334871932,-0.8383083334871932,0.8383083334871932
0.526666667,1.5427760619059518,-1.0161093949059519,1.0161093949059519
0.016666667,1.5853734318430335,-1.5687067648430335,1.5687067648430335
0.415,1.096022746496974,-0.681022746496974,0.681022746496974
1.36,1.986850093018535,-0.626850093018535,0.626850093018535
2.104,1.7489172583310624,0.3550827416689377,0.3550827416689377
1.046363636,1.4989202932424952,-0.4525566572424953,0.4525566572424953
2.53,1.953487191804524,0.5765128081954758,0.5765128081954758
0.66,3.038096250303345,-2.378096250303345,2.378096250303345
0.293103448,1.4999131842182152,-1.206809736218215,1.206809736218215
0.24,1.596540614017996,-1.356540614017996,1.356540614017996
0.97375,1.4989202932424952,-0.5251702932424952,0.5251702932424952
0.301764706,2.6129334030285376,-2.3111686970285374,2.3111686970285374
1.592307692,1.6732253816623892,-0.0809176896623891,0.0809176896623891
4.166470588,1.8727057240375125,2.2937648639624877,2.2937648639624877
5011.155,5701.202105413607,-690.0471054136069,690.0471054136069
0.60375,1.4989202932424952,-0.8951702932424952,0.8951702932424952
6.21047619,2.890528435075272,3.3199477549247276,3.3199477549247276
0.820909091,1.4989202932424952,-0.6780112022424952,0.6780112022424952
1.0,2.143496001524829,-1.143496001524829,1.143496001524829
0.906153846,1.9483976007061856,-1.0422437547061856,1.0422437547061856
1.199444444,1.596540614017996,-0.397096170017996,0.397096170017996
1.284074074,0.7655691419573073,0.5185049320426928,0.5185049320426928
0.9724,1.4999131842182152,-0.5275131842182151,0.5275131842182151
0.855,1.6408083334871932,-0.7858083334871933,0.7858083334871933
0.168571429,7.858546277558194,-7.689974848558194,7.689974848558194
0.316923077,1.6408083334871932,-1.3238852564871932,1.3238852564871932
0.271666667,1.4269131658907002,-1.1552464988907003,1.1552464988907003
126.3876923,21.37111960407963,105.01657269592036,105.01657269592036
1.324642857,1.4999131842182152,-0.17527032721821523,0.17527032721821523
5.5225,3.271026786296086,2.251473213703914,2.251473213703914
1.0275,1.7750854032620116,-0.7475854032620115,0.7475854032620115
1.489393939,1.9483976007061856,-0.4590036617061857,0.4590036617061857
31.14714286,20.83366607256587,10.31347678743413,10.31347678743413
13.117,11.63571552624426,1.481284473755741,1.481284473755741
1.317560976,2.852287123286028,-1.534726147286028,1.534726147286028
1.135555556,1.596540614017996,-0.46098505801799616,0.46098505801799616
0.996041667,3.063840632519447,-2.067798965519447,2.067798965519447
6.84375,41.49908733011418,-34.65533733011418,34.65533733011418
2.51,3.3335766844759243,-0.8235766844759245,0.8235766844759245
1.07,2.890528435075272,-1.820528435075272,1.820528435075272
1.386666667,1.8727057240375125,-0.4860390570375124,0.4860390570375124
1.767142857,1.4999131842182152,0.2672296727817849,0.2672296727817849
0.2075,1.5637116150370596,-1.3562116150370596,1.3562116150370596
1.615272727,2.0272138759926586,-0.41194114899265855,0.41194114899265855
0.76625,1.423228416573822,-0.656978416573822,0.656978416573822
0.545416667,0.2728925110204276,0.2725241559795724,0.2725241559795724
4.706666667,1.9693586175962432,2.737308049403757,2.737308049403757
0.583636364,1.6408083334871932,-1.0571719694871933,1.0571719694871933
1.3396,1.423228416573822,-0.08362841657382214,0.08362841657382214
0.548333333,2.4396212055843627,-1.8912878725843627,1.8912878725843627
0.568421053,1.6732253816623892,-1.1048043286623892,1.1048043286623892
0.862666667,1.9483976007061856,-1.0857309337061856,1.0857309337061856
5.938913043,7.115230437405485,-1.1763173944054843,1.1763173944054843
0.538333333,1.7489172583310624,-1.2105839253310624,1.2105839253310624
0.24,1.7489172583310624,-1.5089172583310624,1.5089172583310624
3.892857143,4.131173806958281,-0.238316663958281,0.238316663958281
44.39435897,28.25166763085755,16.14269133914245,16.14269133914245
0.782857143,1.4989202932424952,-0.7160631502424952,0.7160631502424952
0.551555556,1.6732253816623892,-1.1216698256623894,1.1216698256623894
1.331428571,1.5756050608868883,-0.24417648988688834,0.24417648988688834
17.19387097,7.190922314074158,10.002948655925842,10.002948655925842
6.940740741,2.2886715608980497,4.65206918010195,4.65206918010195
17.73888889,41.546914989507506,-23.808026099507508,23.808026099507508
32.58882353,1.6722324906866692,30.91659103931333,30.91659103931333
3.0,2.277630070598146,0.7223699294018542,0.7223699294018542
4972.855,5701.202105413607,-728.3471054136071,728.3471054136071
1.0,2.0678041248561563,-1.0678041248561563,1.0678041248561563
1.204,1.4989202932424952,-0.29492029324249525,0.29492029324249525
1.2575,1.6722324906866692,-0.4147324906866692,0.4147324906866692
1.4,1.4999131842182152,-0.09991318421821527,0.09991318421821527
2.363913043,1.5364269325160298,0.8274861104839704,0.8274861104839704
0.247333333,1.3903994175928855,-1.1430660845928855,1.1430660845928855
9.559090909,3.097714588851911,6.461376320148089,6.461376320148089
5.23125,11.109116420084675,-5.877866420084675,5.877866420084675
1.0,3.835968731622561,-2.835968731622561,2.835968731622561
1.383333333,1.7165002101558664,-0.33316687715586646,0.33316687715586646
1.297272727,3.063840632519447,-1.766567905519447,1.766567905519447
72.35545455,39.58383233003955,32.771622219960456,32.771622219960456
0.728888889,0.6131924976442413,0.11569639135575871,0.11569639135575871
0.606363636,1.4989202932424952,-0.8925566572424952,0.8925566572424952
0.736206897,1.6732253816623892,-0.9370184846623892,0.9370184846623892
3.883333333,2.019512163765281,1.8638211692347189,1.8638211692347189
2.459090909,1.5756050608868883,0.8834858481131116,0.8834858481131116
7.213181818,2.6886252796972103,4.5245565383027895,4.5245565383027895
0.584,1.7165002101558664,-1.1325002101558663,1.1325002101558663
6.001,11.443033374290888,-5.4420333742908875,5.4420333742908875
0.585,1.269334943941148,-0.6843349439411481,0.6843349439411481
1.398,1.423228416573822,-0.025228416573822132,0.025228416573822132
0.392727273,1.596540614017996,-1.203813341017996,1.203813341017996
0.56,1.299708880511826,-0.7397088805118259,0.7397088805118259
0.625,1.666564527612402,-1.041564527612402,1.041564527612402
0.321304348,4.131173806958281,-3.809869458958281,3.809869458958281
0.473333333,1.423228416573822,-0.949895083573822,0.949895083573822
0.331428571,1.959689057111866,-1.628260486111866,1.628260486111866
1.65625,1.4999131842182152,0.15633681578178482,0.15633681578178482
0.2,1.596540614017996,-1.3965406140179961,1.3965406140179961
2.101851852,2.3477994757691967,-0.24594762376919688,0.24594762376919688
1.52,3.062931362552607,-1.5429313625526069,1.5429313625526069
1.22,2.285371641739179,-1.0653716417391792,1.0653716417391792
0.842222222,1.4989202932424952,-0.6566980712424952,0.6566980712424952
0.607,3.3142613603228614,-2.7072613603228612,2.7072613603228612
0.51,1.423228416573822,-0.913228416573822,0.913228416573822
1.785925926,0.6888843743129143,1.0970415516870857,1.0970415516870857
1.942244898,2.6896181706729307,-0.7473732726729307,0.7473732726729307
1.728918919,2.200526073436832,-0.4716071544368321,0.4716071544368321
1.26375,1.423228416573822,-0.1594784165738221,0.1594784165738221
1.1,1.4989202932424952,-0.3989202932424951,0.3989202932424951
0.54,1.4989202932424952,-0.9589202932424952,0.9589202932424952
1.0,1.596540614017996,-0.5965406140179961,0.5965406140179961
0.35,1.1717146231656472,-0.8217146231656473,0.8217146231656473
0.5475,1.9606819480875854,-1.4131819480875856,1.4131819480875856
2.001111111,1.717493101131586,0.28361800986841423,0.28361800986841423
1.223571429,1.6722324906866692,-0.4486610616866693,0.4486610616866693
12012.7625,11352.08682253386,660.6756774661408,660.6756774661408
1.06203125,1.6732253816623892,-0.6111941316623892,0.6111941316623892
0.538333333,0.19720063435175453,0.34113269864824547,0.34113269864824547
5.3396875,1.7489172583310624,3.5907702416689378,3.5907702416689378
1.67,2.0678041248561563,-0.39780412485615635,0.39780412485615635
3.0,2.019512163765281,0.9804878362347189,0.9804878362347189
0.323617021,1.6732253816623892,-1.3496083606623892,1.3496083606623892
0.862307692,1.5756050608868883,-0.7132973688868883,0.7132973688868883
13.99122449,11.769849595317575,2.221374894682425,2.221374894682425
1.33125,1.6403963826814527,-0.30914638268145267,0.30914638268145267
0.884782609,1.8358943342754883,-0.9511117252754883,0.9511117252754883
0.78,1.959689057111866,-1.179689057111866,1.179689057111866
0.71,1.6408083334871932,-0.9308083334871933,0.9308083334871933
1.660869565,1.5756050608868883,0.0852645041131117,0.0852645041131117
2.376923077,1.7750854032620116,0.6018376737379882,0.6018376737379882
0.834545455,1.4989202932424952,-0.6643748382424952,0.6643748382424952
0.526,1.6722324906866692,-1.1462324906866692,1.1462324906866692
1.5225,1.3763936481562191,0.14610635184378085,0.14610635184378085
11.255,6.941918239961311,4.31308176003869,4.31308176003869
0.769411765,1.6732253816623892,-0.9038136166623892,0.9038136166623892
0.31,1.959689057111866,-1.6496890571118659,1.6496890571118659
20.62111111,13.337951553066056,7.283159556933946,7.283159556933946
0.1985,1.596540614017996,-1.398040614017996,1.398040614017996
0.912,2.3672910371268094,-1.4552910371268095,1.4552910371268095
17.0,2.4396212055843627,14.560378794415637,14.560378794415637
3.825789474,1.8727057240375125,1.9530837499624876,1.9530837499624876
8.193666667,6.318372940524623,1.8752937264753777,1.8752937264753777
1.281290323,1.596540614017996,-0.3152502910179962,0.3152502910179962
0.912,1.6722324906866692,-0.7602324906866692,0.7602324906866692
6522.32,6307.491302116974,214.8286978830256,214.8286978830256
83.41653846,58.777060895291285,24.639477564708713,24.639477564708713
5.766190476,10.024975557718506,-4.258785081718505,4.258785081718505
1.730666667,1.8727057240375125,-0.14203905703751252,0.14203905703751252
0.945714286,2.363195026049932,-1.4174807400499323,1.4174807400499323
1.001428571,1.4989202932424952,-0.49749172224249527,0.49749172224249527
10719.08742,10527.938188202706,191.1492317972934,191.1492317972934
0.976875,1.7489172583310624,-0.7720422583310623,0.7720422583310623
2.510909091,2.3672910371268094,0.14361805387319038,0.14361805387319038
0.710434783,0.19720063435175453,0.5132341486482455,0.5132341486482455
3.435652174,3.8939993687848204,-0.45834719478482056,0.45834719478482056
0.965714286,1.4989202932424952,-0.5332060072424952,0.5332060072424952
0.29125,1.6403963826814527,-1.3491463826814527,1.3491463826814527
1.035,1.7097391299602038,-0.6747391299602039,0.6747391299602039
1.185,1.7489172583310624,-0.5639172583310623,0.5639172583310623
1.4275,1.7489172583310624,-0.3214172583310624,0.3214172583310624
1.08,1.9606819480875854,-0.8806819480875854,0.8806819480875854
7.162857143,3.0220227121832384,4.140834430816762,4.140834430816762
1.577272727,1.7097391299602038,-0.13246640296020384,0.13246640296020384
0.475,1.959689057111866,-1.4846890571118658,1.4846890571118658
0.191034483,1.5756050608868883,-1.3845705778868884,1.3845705778868884
0.446666667,1.4999131842182152,-1.053246517218215,1.053246517218215
0.865,2.0092065317196623,-1.1442065317196624,1.1442065317196624
0.751111111,1.6773220817850079,-0.9262109707850078,0.9262109707850078
10.55714286,2.3393151788226807,8.21782768117732,8.21782768117732
2.41,0.9986236284884275,1.4113763715115728,1.4113763715115728
18.15833333,11.443033374290888,6.7152999557091135,6.7152999557091135
1.106363636,2.045050494264916,-0.9386868582649159,0.9386868582649159
0.253103448,1.5364269325160298,-1.2833234845160297,1.2833234845160297
0.562,2.4396212055843627,-1.8776212055843626,1.8776212055843626
0.498148148,0.2738854019961475,0.2242627460038525,0.2242627460038525
2.556190476,2.6886252796972103,-0.1324348036972105,0.1324348036972105
69.400625,59.02606496940413,10.374560030595873,10.374560030595873
8.716428571,2.6129334030285376,6.103495167971462,6.103495167971462
2.093,1.6722324906866692,0.42076750931333073,0.42076750931333073
2.6802,3.1003543808172616,-0.4201543808172614,0.4201543808172614
0.537333333,1.666564527612402,-1.129231194612402,1.129231194612402
0.425555556,1.423228416573822,-0.9976728605738221,0.9976728605738221
0.66625,1.6773220817850079,-1.0110720817850078,1.0110720817850078
1.891875,1.7750854032620116,0.11678959673798839,0.11678959673798839
0.9984,1.8727057240375125,-0.8743057240375125,0.8743057240375125
1.198888889,1.423228416573822,-0.22433952757382203,0.22433952757382203
4.02625,2.4396212055843627,1.5866287944156374,1.5866287944156374
0.180416667,1.6394034917057327,-1.4589868247057327,1.4589868247057327
0.509565217,0.19720063435175453,0.3123645826482455,0.3123645826482455
1.817916667,1.7750854032620116,0.0428312637379884,0.0428312637379884
6.985,3.271026786296086,3.7139732137039143,3.7139732137039143
0.33,1.3355976695214204,-1.0055976695214204,1.0055976695214204
1.46875,2.8945917289012524,-1.4258417289012524,1.4258417289012524
1.0475,1.4597421648716367,-0.41224216487163656,0.41224216487163656
1.20375,1.423228416573822,-0.21947841657382194,0.21947841657382194
2.8275,1.4989202932424952,1.328579706757505,1.328579706757505
0.785,1.6732253816623892,-0.8882253816623892,0.8882253816623892
0.91875,1.6722324906866692,-0.7534824906866693,0.7534824906866693
0.25,1.596540614017996,-1.346540614017996,1.346540614017996
1.431,2.3112857274713825,-0.8802857274713825,0.8802857274713825
2.755833333,1.5756050608868883,1.1802282721131117,1.1802282721131117
1.967857143,2.4396212055843627,-0.47176406258436265,0.47176406258436265
1.828888889,1.4989202932424952,0.3299685957575047,0.3299685957575047
0.591818182,1.096022746496974,-0.504204564496974,0.504204564496974
54.9975,38.115225904100775,16.882274095899227,16.882274095899227
0.5375,1.6408083334871932,-1.1033083334871931,1.1033083334871931
0.505555556,1.6732253816623892,-1.1676698256623892,1.1676698256623892
1.733333333,2.2433889511245684,-0.5100556181245683,0.5100556181245683
0.897333333,2.5153130822530354,-1.6179797492530354,1.6179797492530354
0.285,1.959689057111866,-1.674689057111866,1.674689057111866
0.47,3.063840632519447,-2.5938406325194467,2.5938406325194467
0.375,1.6722324906866692,-1.2972324906866692,1.2972324906866692
0.468888889,1.8839971804431928,-1.4151082914431927,1.4151082914431927
0.7315625,1.6722324906866692,-0.9406699906866692,0.9406699906866692
0.6864,0.3495772786648206,0.33682272133517943,0.33682272133517943
0.340689655,1.5756050608868883,-1.2349154058868883,1.2349154058868883
0.759,3.3142613603228614,-2.5552613603228616,2.5552613603228616
0.323571429,1.6732253816623892,-1.3496539526623892,1.3496539526623892
0.136,2.036373824756258,-1.900373824756258,1.900373824756258
1.8875,1.3763936481562191,0.5111063518437808,0.5111063518437808
1.106666667,1.4597421648716367,-0.3530754978716366,0.3530754978716366
0.79,1.596540614017996,-0.806540614017996,0.806540614017996
2.1975,1.4520855248248923,0.7454144751751075,0.7454144751751075
1.043333333,1.717493101131586,-0.6741597681315858,0.6741597681315858
0.1235,2.6129334030285376,-2.4894334030285377,2.4894334030285377
0.95,1.6722324906866692,-0.7222324906866693,0.7222324906866693
0.095555556,1.6330543623158107,-1.5374988063158106,1.5374988063158106
2.175306122,2.0272138759926586,0.14809224600734128,0.14809224600734128
0.601481481,1.7750854032620116,-1.1736039222620116,1.1736039222620116
6.122857143,11.903911297833774,-5.781054154833774,5.781054154833774
0.8175,1.299708880511826,-0.482208880511826,0.482208880511826
0.2804,1.5427760619059518,-1.2623760619059519,1.2623760619059519
47.165,20.910350840210263,26.254649159789736,26.254649159789736
0.297307692,2.482484083272099,-2.185176391272099,2.185176391272099
2.605294118,1.793184977800259,0.8121091401997411,0.8121091401997411
0.358,1.269334943941148,-0.9113349439411481,0.9113349439411481
0.685,1.596540614017996,-0.911540614017996,0.911540614017996
0.764,1.9971956963853996,-1.2331956963853996,1.2331956963853996
0.63375,1.4989202932424952,-0.8651702932424952,0.8651702932424952
0.602857143,0.2728925110204276,0.32996463197957243,0.32996463197957243
0.81,3.2970629361781096,-2.4870629361781096,2.4870629361781096
8.47,10.092723631074138,-1.6227236310741375,1.6227236310741375
0.960909091,1.5756050608868883,-0.6146959698868883,0.6146959698868883
0.652222222,1.6408083334871932,-0.9885861114871932,0.9885861114871932
1.76,1.7489172583310624,0.011082741668937635,0.011082741668937635
12.485,2.6886252796972103,9.79637472030279,9.79637472030279
1.495,1.3355976695214204,0.15940233047857966,0.15940233047857966
0.794782609,3.114781017947738,-2.3199984089477383,2.3199984089477383
0.6508,3.114781017947738,-2.463981017947738,2.463981017947738
0.833333333,1.596540614017996,-0.7632072810179961,0.7632072810179961
1.71625,3.067903926345427,-1.3516539263454268,1.3516539263454268
3.015,30.16644425749796,-27.15144425749796,27.15144425749796
0.881666667,1.6732253816623892,-0.7915587146623893,0.7915587146623893
1.0,1.596540614017996,-0.5965406140179961,0.5965406140179961
0.642083333,1.6732253816623892,-1.0311420486623892,1.0311420486623892
1.056785714,2.49107950283326,-1.4342937888332599,1.4342937888332599
0.732592593,1.6993935265933384,-0.9668009335933384,0.9668009335933384
1.76375,1.596540614017996,0.16720938598200386,0.16720938598200386
0.98,2.49107950283326,-1.51107950283326,1.51107950283326
0.323939394,1.7489172583310624,-1.4249778643310624,1.4249778643310624
3.034444444,1.6732253816623892,1.3612190623376108,1.3612190623376108
0.914285714,1.423228416573822,-0.508942702573822,0.508942702573822
0.711052632,1.4989202932424952,-0.7878676612424952,0.7878676612424952
0.51,1.1717146231656472,-0.6617146231656472,0.6617146231656472
2.36,2.285371641739179,0.0746283582608207,0.0746283582608207
0.98,1.9926653201753826,-1.0126653201753826,1.0126653201753826
0.465454545,0.6098665520534206,-0.14441200705342055,0.14441200705342055
5.11,1.943820287096608,3.1661797129033924,3.1661797129033924
1.353,1.4989202932424952,-0.14592029324249522,0.14592029324249522
1.824545455,1.8839971804431928,-0.05945172544319277,0.05945172544319277
0.290666667,1.596540614017996,-1.305873947017996,1.305873947017996
0.691,1.1717146231656472,-0.4807146231656473,0.4807146231656473
1.162941176,1.6732253816623892,-0.5102842056623893,0.5102842056623893
1.61,1.423228416573822,0.18677158342617806,0.18677158342617806
2.22,1.6408083334871932,0.579191666512807,0.579191666512807
8.145,3.3741170585128613,4.770882941487138,4.770882941487138
52.85172414,45.615393124428586,7.236331015571416,7.236331015571416
0.499310345,4.131173806958281,-3.631863461958281,3.631863461958281
0.515294118,1.6732253816623892,-1.1579312636623893,1.1579312636623893
2.711666667,2.200526073436832,0.5111405935631677,0.5111405935631677
0.392941176,1.7489172583310624,-1.3559760823310625,1.3559760823310625
2.852,1.5756050608868883,1.2763949391131115,1.2763949391131115
4.176666667,11.78039176177178,-7.60372509477178,7.60372509477178
0.986666667,1.6330543623158107,-0.6463876953158106,0.6463876953158106
0.7352,1.6732253816623892,-0.9380253816623892,0.9380253816623892
0.3575,2.085891299364056,-1.728391299364056,1.728391299364056
0.545714286,1.7165002101558664,-1.1707859241558665,1.1707859241558665
0.74,1.4989202932424952,-0.7589202932424952,0.7589202932424952
0.52,1.959689057111866,-1.439689057111866,1.439689057111866
0.414705882,2.9770747370981256,-2.562368855098126,2.562368855098126
1.559375,1.9483976007061856,-0.38902260070618566,0.38902260070618566
3.562580645,3.3142613603228614,0.2483192846771387,0.2483192846771387
0.227307692,1.6732253816623892,-1.445917689662389,1.445917689662389
1.64,2.015016417498968,-0.3750164174989681,0.3750164174989681
0.73125,1.9205109287410074,-1.1892609287410074,1.1892609287410074
1.01047619,2.1238413057924386,-1.1133651157924385,1.1133651157924385
1.078,1.4989202932424952,-0.42092029324249514,0.42092029324249514
0.31625,1.6394034917057327,-1.3231534917057328,1.3231534917057328
0.457777778,1.596540614017996,-1.138762836017996,1.138762836017996
0.519545455,0.19720063435175453,0.32234482064824554,0.32234482064824554
59.56181818,45.69108500109726,13.870733178902746,13.870733178902746
1.4325,1.902701448954943,-0.47020144895494287,0.47020144895494287
2.112592593,1.6722324906866692,0.4403601023133308,0.4403601023133308
13.02666667,20.33786515407813,-7.311198484078131,7.311198484078131
0.661333333,2.6129334030285376,-1.9516000700285376,1.9516000700285376
1.994,1.269334943941148,0.7246650560588519,0.7246650560588519
0.839166667,1.3450268206098213,-0.5058601536098213,0.5058601536098213
1.375333333,1.5427760619059518,-0.1674427289059519,0.1674427289059519
13.02875,10.41841247283138,2.610337527168621,2.610337527168621
71.79642857,58.95037309273546,12.846055477264542,12.846055477264542
1.773333333,1.4989202932424952,0.27441303975750486,0.27441303975750486
0.404264706,1.7489172583310624,-1.3446525523310624,1.3446525523310624
6.931875,4.074929249491595,2.8569457505084044,2.8569457505084044
1.081904762,1.7489172583310624,-0.6670124963310624,0.6670124963310624
9.615454545,6.422807963117958,3.192646581882042,3.192646581882042
0.625714286,1.5756050608868883,-0.9498907748868883,0.9498907748868883
0.0,3.970102800695878,-3.970102800695878,3.970102800695878
0.428181818,1.423228416573822,-0.995046598573822,0.995046598573822
0.514444444,1.4989202932424952,-0.9844758492424952,0.9844758492424952
0.773181818,2.1601622904627087,-1.3869804724627088,1.3869804724627088
0.71047619,2.1601622904627087,-1.4496861004627086,1.4496861004627086
1.99,1.6330543623158107,0.3569456376841893,0.3569456376841893
2.46,1.943820287096608,0.516179712903392,0.516179712903392
1.00472973,1.9483976007061856,-0.9436678707061856,0.9436678707061856
0.505714286,1.423228416573822,-0.917514130573822,0.917514130573822
0.385384615,1.7489172583310624,-1.3635326433310624,1.3635326433310624
2.0,2.316808198969004,-0.3168081989690039,0.3168081989690039
0.511111111,2.036373824756258,-1.5252627137562582,1.5252627137562582
0.499565217,0.2738854019961475,0.22567981500385248,0.22567981500385248
1.04125,1.7489172583310624,-0.7076672583310624,0.7076672583310624
9.321071429,11.282428617528849,-1.961357188528849,1.961357188528849
1.99,1.423228416573822,0.566771583426178,0.566771583426178
1.92,2.015016417498968,-0.09501641749896805,0.09501641749896805
5.702083333,7.158093315093222,-1.4560099820932217,1.4560099820932217
0.555,1.096022746496974,-0.541022746496974,0.541022746496974
1.105526316,1.8727057240375125,-0.7671794080375125,0.7671794080375125
0.677058824,1.596540614017996,-0.9194817900179961,0.9194817900179961
10.54486486,11.560023649575585,-1.015158789575585,1.015158789575585
0.500666667,1.596540614017996,-1.0958739470179961,1.0958739470179961
2.348518519,2.0700767536803943,0.27844176531960585,0.27844176531960585
2.976363636,1.7489172583310624,1.2274463776689375,1.2274463776689375
16.5,11.714621170700825,4.785378829299175,4.785378829299175
2.835,1.9483976007061856,0.8866023992938143,0.8866023992938143
0.85625,1.6722324906866692,-0.8159824906866693,0.8159824906866693
1.535,1.9505291083482657,-0.41552910834826573,0.41552910834826573
3.63,11.146201640784719,-7.516201640784719,7.516201640784719
2.646086957,2.1238413057924386,0.5222456512075615,0.5222456512075615
0.747777778,1.6722324906866692,-0.9244547126866692,0.9244547126866692
0.805471698,1.9125791019198815,-1.1071074039198816,1.1071074039198816
1.096666667,1.6722324906866692,-0.5755658236866692,0.5755658236866692
1.28,2.5153130822530354,-1.2353130822530354,1.2353130822530354
4.623809524,1.9483976007061856,2.6754119232938147,2.6754119232938147
0.732647059,2.4396212055843627,-1.7069741465843626,1.7069741465843626
0.968888889,1.7165002101558664,-0.7476113211558664,0.7476113211558664
0.83037037,1.596540614017996,-0.766170244017996,0.766170244017996
7.95,10.41841247283138,-2.468412472831379,2.468412472831379
2.020434783,1.8727057240375125,0.14772905896248734,0.14772905896248734
0.207368421,1.9606819480875854,-1.7533135270875855,1.7533135270875855
6.446666667,3.3741170585128613,3.0725496084871384,3.0725496084871384
0.514642857,1.4999131842182152,-0.9852703272182152,0.9852703272182152
2.72,29.93169348449462,-27.21169348449462,27.21169348449462
6.207083333,11.51971814193528,-5.312634808935281,5.312634808935281
0.519090909,1.596540614017996,-1.077449705017996,1.077449705017996
0.6675,1.423228416573822,-0.7557284165738221,0.7557284165738221
0.12,2.28572773295169,-2.16572773295169,2.16572773295169
0.418888889,1.6722324906866692,-1.2533436016866693,1.2533436016866693
16.97882353,4.312213524188301,12.666610005811698,12.666610005811698
0.53,1.423228416573822,-0.893228416573822,0.893228416573822
1.6,3.835968731622561,-2.235968731622561,2.235968731622561
0.43,1.4989202932424952,-1.0689202932424953,1.0689202932424953
0.550769231,2.036373824756258,-1.4856045937562583,1.4856045937562583
2.571052632,1.9483976007061856,0.6226550312938142,0.6226550312938142
0.51,1.7540068494294005,-1.2440068494294005,1.2440068494294005
0.773846154,3.1395325091881197,-2.3656863551881195,2.3656863551881195
0.893913043,1.6732253816623892,-0.7793123386623892,0.7793123386623892
0.697142857,2.4761349538821773,-1.7789920968821773,1.7789920968821773
33.76481481,43.28895559769303,-9.524140787693035,9.524140787693035
0.4525,1.423228416573822,-0.970728416573822,0.970728416573822
0.705185185,0.2728925110204276,0.43229267397957244,0.43229267397957244
1.4825,1.3754007571804991,0.10709924281950078,0.10709924281950078
0.418,2.2906062694824163,-1.8726062694824164,1.8726062694824164
0.871538462,3.038096250303345,-2.1665577883033453,2.1665577883033453
0.836666667,1.596540614017996,-0.759873947017996,0.759873947017996
0.595454545,1.7165002101558664,-1.1210456651558665,1.1210456651558665
19.55793103,20.83465896354159,-1.27672793354159,1.27672793354159
0.928666667,1.596540614017996,-0.6678739470179961,0.6678739470179961
0.340833333,1.5035979335350933,-1.1627646005350933,1.1627646005350933
0.833333333,1.596540614017996,-0.7632072810179961,0.7632072810179961
22.18,3.8608773762503676,18.31912262374963,18.31912262374963
14.88166667,6.461986091488817,8.419680578511183,8.419680578511183
0.885,1.6408083334871932,-0.7558083334871932,0.7558083334871932
0.0,3.449808935181534,-3.449808935181534,3.449808935181534
0.55,1.3058486922389627,-0.7558486922389627,0.7558486922389627
0.672297297,1.9483976007061856,-1.2761003037061855,1.2761003037061855
20.73388889,10.386988315631898,10.346900574368101,10.346900574368101
2.609459459,2.200526073436832,0.40893338556316783,0.40893338556316783
1.528974359,1.6330543623158107,-0.10408000331581069,0.10408000331581069
0.44047619,1.7873697506434119,-1.3468935606434118,1.3468935606434118
0.597826087,0.2728925110204276,0.32493357597957234,0.32493357597957234
0.25,1.959689057111866,-1.709689057111866,1.709689057111866
0.76375,1.423228416573822,-0.659478416573822,0.659478416573822
25.34375,23.27925441730404,2.0644955826959617,2.0644955826959617
1.27,1.6408083334871932,-0.3708083334871932,0.3708083334871932
0.6425,1.423228416573822,-0.7807284165738221,0.7807284165738221
0.9575,1.423228416573822,-0.465728416573822,0.465728416573822
5.5525,4.0544890393138875,1.4980109606861127,1.4980109606861127
0.567272727,0.2728925110204276,0.29438021597957237,0.29438021597957237
7.44,14.448229046882728,-7.008229046882728,7.008229046882728
13.81285714,44.7723125328622,-30.959455392862203,30.959455392862203
21.167,11.771779302874908,9.395220697125094,9.395220697125094
0.042857143,1.596540614017996,-1.553683471017996,1.553683471017996
0.6295,0.6888843743129143,-0.05938437431291432,0.05938437431291432
1.28,2.39179354619104,-1.1117935461910398,1.1117935461910398
0.696842105,1.5756050608868883,-0.8787629558868884,0.8787629558868884
43.52,31.08483140897567,12.435168591024333,12.435168591024333
0.79,1.423228416573822,-0.633228416573822,0.633228416573822
1.992222222,2.3112857274713825,-0.3190635054713824,0.3190635054713824
0.753333333,1.4989202932424952,-0.7455869602424952,0.7455869602424952
0.805,1.4989202932424952,-0.6939202932424952,0.6939202932424952
0.489,1.8839971804431928,-1.3949971804431929,1.3949971804431929
0.627735849,1.6732253816623892,-1.0454895326623892,1.0454895326623892
0.746153846,3.114781017947738,-2.3686271719477383,2.3686271719477383
0.68,1.943820287096608,-1.2638202870966078,1.2638202870966078
1.51,2.5153130822530354,-1.0053130822530354,1.0053130822530354
0.295526316,2.085891299364056,-1.7903649833640558,1.7903649833640558
0.498,1.423228416573822,-0.925228416573822,0.925228416573822
0.206,3.038096250303345,-2.832096250303345,2.832096250303345
11.068,2.6886252796972103,8.379374720302788,8.379374720302788
0.545,1.596540614017996,-1.0515406140179961,1.0515406140179961
1.35,1.4670841852372787,-0.11708418523727859,0.11708418523727859
31.71,4.625191011257508,27.084808988742495,27.084808988742495
0.226153846,1.4597421648716367,-1.2335883188716368,1.2335883188716368
0.890909091,1.4989202932424952,-0.6080112022424952,0.6080112022424952
9.842142857,2.186938534509615,7.655204322490386,7.655204322490386
6.369090909,2.6896181706729307,3.679472738327069,3.679472738327069
1.023333333,1.6732253816623892,-0.6498920486623891,0.6498920486623891
0.187142857,1.4989202932424952,-1.3117774362424952,1.3117774362424952
1.10375,1.6408083334871932,-0.5370583334871932,0.5370583334871932
6728.865,6688.710516632732,40.15448336726786,40.15448336726786
23.00081081,11.40385524592003,11.596955564079972,11.596955564079972
1.38375,2.0262209850169386,-0.6424709850169386,0.6424709850169386
0.723333333,2.819575942612021,-2.0962426096120206,2.0962426096120206
20.16636364,11.903911297833774,8.262452342166226,8.262452342166226
2.8,2.019512163765281,0.7804878362347187,0.7804878362347187
0.812,1.299708880511826,-0.4877088805118259,0.4877088805118259
6.32375,10.245100275387205,-3.921350275387205,3.921350275387205
1.775,1.943820287096608,-0.168820287096608,0.168820287096608
13.465,45.78870532187276,-32.323705321872765,32.323705321872765
0.5875,1.423228416573822,-0.835728416573822,0.835728416573822
0.878888889,1.7097391299602038,-0.8308502409602039,0.8308502409602039
1.969375,2.276217950105505,-0.3068429501055048,0.3068429501055048
2.916666667,2.6129334030285376,0.3037332639714623,0.3037332639714623
10.3632,2.9662203117439447,7.396979688256057,7.396979688256057
2.775,1.037518967412971,1.737481032587029,1.737481032587029
1.825,2.130159018833253,-0.30515901883325314,0.30515901883325314
0.647241379,1.423228416573822,-0.775987037573822,0.775987037573822
0.47,1.7489172583310624,-1.2789172583310624,1.2789172583310624
0.824482759,1.596540614017996,-0.7720578550179961,0.7720578550179961
3.997333333,3.114781017947738,0.8825523150522616,0.8825523150522616
0.894545455,1.6330543623158107,-0.7385089073158106,0.7385089073158106
0.57,1.1717146231656472,-0.6017146231656473,0.6017146231656473
0.666333333,1.4999131842182152,-0.8335798512182152,0.8335798512182152
0.86,1.7165002101558664,-0.8565002101558664,0.8565002101558664
0.565,1.6732253816623892,-1.1082253816623893,1.1082253816623893
1.225925926,0.7655691419573073,0.46035678404269265,0.46035678404269265
0.982307692,1.4999131842182152,-0.5176054922182152,0.5176054922182152
111.4553333,88.92349876973132,22.531834530268682,22.531834530268682
0.78,1.4989202932424952,-0.7189202932424952,0.7189202932424952
17.14,12.721799203560282,4.418200796439718,4.418200796439718
0.3,2.4923702725351737,-2.192370272535174,2.192370272535174
38.00357143,45.6519068727264,-7.648335442726399,7.648335442726399
0.192857143,1.596540614017996,-1.4036834710179962,1.4036834710179962
0.985,1.423228416573822,-0.43822841657382205,0.43822841657382205
0.497777778,1.7489172583310624,-1.2511394803310623,1.2511394803310623
1.612222222,1.7489172583310624,-0.1366950363310624,0.1366950363310624
0.606666667,2.019512163765281,-1.412845496765281,1.412845496765281
0.336666667,2.3672910371268094,-2.0306243701268096,2.0306243701268096
0.78,2.5153130822530354,-1.7353130822530354,1.7353130822530354
0.628333333,1.596540614017996,-0.968207281017996,0.968207281017996
0.74,2.49107950283326,-1.75107950283326,1.75107950283326
2.310740741,1.6993935265933384,0.6113472144066616,0.6113472144066616
0.868571429,1.6330543623158107,-0.7644829333158107,0.7644829333158107
0.330909091,1.596540614017996,-1.265631523017996,1.265631523017996
1.566875,2.4396212055843627,-0.8727462055843627,0.8727462055843627
2.897142857,1.959689057111866,0.937453799888134,0.937453799888134
0.65,2.4166783958665015,-1.7666783958665015,1.7666783958665015
0.625384615,2.036373824756258,-1.4109892097562582,1.4109892097562582
0.472173913,0.2738854019961475,0.19828851100385247,0.19828851100385247
5.1,3.9000555046212253,1.1999444953787743,1.1999444953787743
1.0125,1.6722324906866692,-0.6597324906866693,0.6597324906866693
22.59461538,45.69108500109726,-23.096469621097256,23.096469621097256
16.20208333,4.874195085370356,11.327888244629644,11.327888244629644
1.0,1.6722324906866692,-0.6722324906866692,0.6722324906866692
0.7475,1.423228416573822,-0.675728416573822,0.675728416573822
0.208888889,1.596540614017996,-1.387651725017996,1.387651725017996
0.571666667,1.4989202932424952,-0.9272536262424952,0.9272536262424952
1.0215625,1.5756050608868883,-0.5540425608868884,0.5540425608868884
0.5,2.589990593310675,-2.089990593310675,2.089990593310675
2.9272,1.5756050608868883,1.3515949391131117,1.3515949391131117
18.17769231,10.341727705186987,7.8359646048130145,7.8359646048130145
2.87,2.6572011224977348,0.21279887750226534,0.21279887750226534
2.935581395,3.1395325091881197,-0.20395111418811984,0.20395111418811984
7.566956522,8.647654110353233,-1.0806975883532335,1.0806975883532335
0.878823529,1.6722324906866692,-0.7934089616866692,0.7934089616866692
3.393214286,3.114781017947738,0.2784332680522619,0.2784332680522619
17.018,12.723984253814194,4.294015746185806,4.294015746185806
0.973448276,1.7097391299602038,-0.7362908539602039,0.7362908539602039
0.745,1.423228416573822,-0.678228416573822,0.678228416573822
1.009285714,1.596540614017996,-0.5872549000179961,0.5872549000179961
22.33333333,21.278566066419987,1.0547672635800112,1.0547672635800112
0.28,1.423228416573822,-1.143228416573822,1.143228416573822
1.021,1.596540614017996,-0.5755406140179962,0.5755406140179962
0.371111111,1.6394034917057327,-1.2682923807057327,1.2682923807057327
2.743529412,2.24479379290603,0.4987356190939698,0.4987356190939698
2.03,0.9229317518197541,1.1070682481802456,1.1070682481802456
0.978636364,2.1601622904627087,-1.1815259264627087,1.1815259264627087
0.632222222,1.6732253816623892,-1.0410031596623892,1.0410031596623892
0.5,11.11582770421404,-10.61582770421404,10.61582770421404
1.655,2.7110550669624116,-1.0560550669624116,1.0560550669624116
1.331666667,1.6330543623158107,-0.3013876953158108,0.3013876953158108
14.15512195,9.30771714907778,4.84740480092222,4.84740480092222
0.945294118,1.3058486922389627,-0.36055457423896276,0.36055457423896276
2.983333333,2.386977604140055,0.5963557288599448,0.5963557288599448
0.534761905,4.0544890393138875,-3.5197271343138876,3.5197271343138876
3.109230769,2.0272138759926586,1.0820168930073413,1.0820168930073413
1.126,1.4989202932424952,-0.3729202932424953,0.3729202932424953
0.914318182,1.9483976007061856,-1.0340794187061855,1.0340794187061855
0.750588235,1.6732253816623892,-0.9226371466623892,0.9226371466623892
13.99944444,11.977083908864076,2.0223605311359236,2.0223605311359236
1.62,3.8137086884231595,-2.1937086884231594,2.1937086884231594
2.969545455,2.196676038760523,0.7728694162394771,0.7728694162394771
1.024444444,2.036373824756258,-1.0119293807562582,1.0119293807562582
2.040294118,1.9483976007061856,0.0918965172938142,0.0918965172938142
0.825555556,1.596540614017996,-0.7709850580179961,0.7709850580179961
0.9456,1.4999131842182152,-0.5543131842182152,0.5543131842182152
2.879411765,2.482484083272099,0.39692768172790105,0.39692768172790105
0.806,1.6722324906866692,-0.8662324906866692,0.8662324906866692
1.086428571,1.423228416573822,-0.33679984557382214,0.33679984557382214
1.491538462,1.6993935265933384,-0.20785506459333836,0.20785506459333836
1.639090909,2.2358541671313814,-0.5967632581313813,0.5967632581313813
11.95,3.097714588851911,8.852285411148088,8.852285411148088
0.28,1.423228416573822,-1.143228416573822,1.143228416573822
1.705,1.959689057111866,-0.25468905711186585,0.25468905711186585
0.445217391,0.19720063435175453,0.2480167566482455,0.2480167566482455
0.295925926,1.5035979335350933,-1.2076720075350933,1.2076720075350933
0.719565217,3.114781017947738,-2.3952158009477382,2.3952158009477382
0.585,1.8839971804431928,-1.2989971804431928,1.2989971804431928
0.708571429,1.6732253816623892,-0.9646539526623892,0.9646539526623892
0.873333333,1.299708880511826,-0.42637554751182594,0.42637554751182594
0.508846154,1.7097391299602038,-1.2008929759602038,1.2008929759602038
30.362,56.97156844748457,-26.609568447484573,26.609568447484573
13532.98667,11090.607934338268,2442.378735661732,2442.378735661732
1.056956522,1.4989202932424952,-0.4419637712424953,0.4419637712424953
0.282857143,1.4989202932424952,-1.2160631502424952,1.2160631502424952
0.72,1.423228416573822,-0.7032284165738221,0.7032284165738221
5.701538462,0.8190227120428488,4.882515749957151,4.882515749957151
0.2825,1.6403963826814527,-1.3578963826814527,1.3578963826814527
0.781,1.8727057240375125,-1.0917057240375123,1.0917057240375123
36.88928571,19.766633555558517,17.122652154441486,17.122652154441486
0.945,3.038096250303345,-2.0930962503033452,2.0930962503033452
0.861014493,1.8727057240375125,-1.0116912310375126,1.0116912310375126
4.095,1.943820287096608,2.151179712903392,2.151179712903392
1.3975,1.4989202932424952,-0.10142029324249524,0.10142029324249524
0.4775,1.5756050608868883,-1.0981050608868883,1.0981050608868883
0.6812,3.114781017947738,-2.433581017947738,2.433581017947738
0.566666667,1.717493101131586,-1.150826434131586,1.150826434131586
0.258571429,1.6330543623158107,-1.3744829333158106,1.3744829333158106
0.9025,1.3903994175928855,-0.4878994175928856,0.4878994175928856
12.60526316,11.51971814193528,1.0855450180647193,1.0855450180647193
5.3975,1.7489172583310624,3.6485827416689376,3.6485827416689376
9.997272727,10.168415507742813,-0.1711427807428123,0.1711427807428123
0.225769231,1.6732253816623892,-1.4474561506623893,1.4474561506623893
1.69047619,1.9483976007061856,-0.25792141070618557,0.25792141070618557
1.663488372,1.9483976007061856,-0.2849092287061856,0.2849092287061856
0.603333333,1.1717146231656472,-0.5683812901656472,0.5683812901656472
2.228421053,1.6993935265933384,0.5290275264066615,0.5290275264066615
4.74,9.969204095012143,-5.229204095012143,5.229204095012143
0.338571429,1.9606819480875854,-1.6221105190875855,1.6221105190875855
1.629130435,3.067903926345427,-1.4387734913454269,1.4387734913454269
2.0,3.835968731622561,-1.835968731622561,1.835968731622561
0.28,1.596540614017996,-1.316540614017996,1.316540614017996
1.584736842,1.9971956963853996,-0.41245885438539953,0.41245885438539953
1.3275,1.4597421648716367,-0.13224216487163676,0.13224216487163676
0.872881356,1.8727057240375125,-0.9998243680375124,0.9998243680375124
7.283125,11.109116420084675,-3.8259914200846747,3.8259914200846747
1.145,1.299708880511826,-0.15470888051182596,0.15470888051182596
0.5,1.096022746496974,-0.5960227464969741,0.5960227464969741
3.6,1.6408083334871932,1.9591916665128069,1.9591916665128069
0.666666667,1.7489172583310624,-1.0822505913310625,1.0822505913310625
0.32,1.6403963826814527,-1.3203963826814527,1.3203963826814527
0.8,1.943820287096608,-1.1438202870966079,1.1438202870966079
97.33137931,58.9765412376664,38.3548380723336,38.3548380723336
12.08833333,7.115230437405485,4.973102892594515,4.973102892594515
5.142857143,2.6572011224977348,2.485656020502265,2.485656020502265
0.168125,3.3512971989446427,-3.183172198944643,3.183172198944643
0.166666667,1.6330543623158107,-1.4663876953158108,1.4663876953158108
1.443333333,4.0544890393138875,-2.6111557063138875,2.6111557063138875
1.2828,1.5756050608868883,-0.2928050608868884,0.2928050608868884
0.27,1.6330543623158107,-1.3630543623158107,1.3630543623158107
0.231071429,1.4989202932424952,-1.2678488642424952,1.2678488642424952
66.59133333,59.02606496940413,7.565268360595866,7.565268360595866
0.0,3.114781017947738,-3.114781017947738,3.114781017947738
2.26047619,1.7097391299602038,0.5507370600397961,0.5507370600397961
1.233846154,1.6732253816623892,-0.4393792276623891,0.4393792276623891
4.45,3.4494395804911755,1.0005604195088247,1.0005604195088247
0.577857143,2.516305973228756,-1.9384488302287557,1.9384488302287557
1.842222222,3.1953349096274133,-1.3531126876274133,1.3531126876274133
1.19,1.596540614017996,-0.4065406140179961,0.4065406140179961
1.280555556,1.5637116150370596,-0.28315605903705965,0.28315605903705965
3.01,3.3727548128467824,-0.36275481284678257,0.36275481284678257
0.642727273,1.8727057240375125,-1.2299784510375125,1.2299784510375125
0.288928571,1.4999131842182152,-1.2109846132182152,1.2109846132182152
0.605,1.1727075141413672,-0.5677075141413672,0.5677075141413672
0.8,2.6572011224977348,-1.8572011224977347,1.8572011224977347
1.511764706,1.3903994175928855,0.12136528840711436,0.12136528840711436
1.0145,2.482484083272099,-1.467984083272099,1.467984083272099
0.9,1.596540614017996,-0.696540614017996,0.696540614017996
2.0,2.9602130761071495,-0.9602130761071495,0.9602130761071495
13.51289474,10.245100275387205,3.2677944646127948,3.2677944646127948
0.249333333,1.5637116150370596,-1.3143782820370595,1.3143782820370595
0.511764706,1.4989202932424952,-0.9871555872424952,0.9871555872424952
0.84,1.943820287096608,-1.103820287096608,1.103820287096608
1.395882353,1.4670841852372787,-0.07120183223727872,0.07120183223727872
1.51625,1.423228416573822,0.09302158342617806,0.09302158342617806
0.75,1.423228416573822,-0.673228416573822,0.673228416573822
0.688888889,1.6732253816623892,-0.9843364926623892,0.9843364926623892
1.698648649,1.7489172583310624,-0.050268609331062475,0.050268609331062475
1.282307692,1.4999131842182152,-0.21760549221821512,0.21760549221821512
0.871428571,1.6722324906866692,-0.8008039196866692,0.8008039196866692
0.829230769,1.4989202932424952,-0.6696895242424952,0.6696895242424952
0.790666667,1.5756050608868883,-0.7849383938868884,0.7849383938868884
0.563333333,1.4999131842182152,-0.9365798512182152,0.9365798512182152
9.490909091,3.0220227121832384,6.468886378816762,6.468886378816762
1.324117647,2.200526073436832,-0.8764084264368321,0.8764084264368321
0.400344828,1.5756050608868883,-1.1752602328868884,1.1752602328868884
1.39,1.959689057111866,-0.569689057111866,0.569689057111866
0.0,10.454067710027413,-10.454067710027413,10.454067710027413
0.255714286,2.5153130822530354,-2.2595987962530355,2.2595987962530355
0.6,1.909219472335327,-1.309219472335327,1.309219472335327
18.97342857,10.542200938537828,8.431227631462171,8.431227631462171
2.9475,1.6722324906866692,1.2752675093133305,1.2752675093133305
52.1675,41.62260686617618,10.54489313382382,10.54489313382382
0.59,1.423228416573822,-0.8332284165738221,0.8332284165738221
0.68125,1.6993935265933384,-1.0181435265933385,1.0181435265933385
2.552857143,2.0262209850169386,0.5266361579830616,0.5266361579830616
0.5825,1.596540614017996,-1.014040614017996,1.014040614017996
1.08,1.5756050608868883,-0.49560506088688827,0.49560506088688827
8.51,5.300987260538365,3.2090127394616346,3.2090127394616346
0.736666667,1.423228416573822,-0.686561749573822,0.686561749573822
12.98,10.341727705186987,2.6382722948130137,2.6382722948130137
0.230833333,1.5637116150370596,-1.3328782820370595,1.3328782820370595
0.592,2.6572011224977348,-2.0652011224977347,2.0652011224977347
0.902857143,1.6722324906866692,-0.7693753476866693,0.7693753476866693
0.423333333,1.943820287096608,-1.520486954096608,1.520486954096608
24.73863636,9.383409025746454,15.355227334253547,15.355227334253547
1.272083333,0.2728925110204276,0.9991908219795724,0.9991908219795724
1.008,1.6722324906866692,-0.6642324906866692,0.6642324906866692
9678.503667,7663.358251515603,2015.1454154843977,2015.1454154843977
1.104545455,1.4989202932424952,-0.3943748382424952,0.3943748382424952
1.535352113,2.3477994757691967,-0.8124473627691966,0.8124473627691966
0.427894737,1.6732253816623892,-1.2453306446623893,1.2453306446623893
3.506666667,2.019512163765281,1.487154503234719,1.487154503234719
0.616666667,1.423228416573822,-0.8065617495738221,0.8065617495738221
28.7637931,11.51971814193528,17.244074958064722,17.244074958064722
2.785555556,1.7489172583310624,1.0366382976689374,1.0366382976689374
0.805454545,1.4989202932424952,-0.6934657482424952,0.6934657482424952
0.733913043,1.6732253816623892,-0.9393123386623892,0.9393123386623892
0.4125,1.423228416573822,-1.010728416573822,1.010728416573822
5.58,2.4396212055843627,3.1403787944156374,3.1403787944156374
0.567692308,2.036373824756258,-1.4686815167562581,1.4686815167562581
1.691764706,3.0698670401994006,-1.3781023341994005,1.3781023341994005
0.55,1.3450268206098213,-0.7950268206098212,0.7950268206098212
1.149,2.036373824756258,-0.8873738247562581,0.8873738247562581
0.65,1.269334943941148,-0.6193349439411481,0.6193349439411481
7.076666667,3.3741170585128613,3.7025496084871383,3.7025496084871383
1.98,2.439879793694325,-0.45987979369432486,0.45987979369432486
0.242857143,1.423228416573822,-1.180371273573822,1.180371273573822
1.32875,1.9606819480875854,-0.6319319480875853,0.6319319480875853
0.429111111,1.6732253816623892,-1.244114270662389,1.244114270662389
0.443333333,2.743884065943348,-2.300550732943348,2.300550732943348
3.132222222,2.199533182461112,0.9326890395388876,0.9326890395388876
3.673513514,3.0287257979745683,0.6447877160254318,0.6447877160254318
0.42,1.6408083334871932,-1.2208083334871933,1.2208083334871933
0.368421053,1.7097391299602038,-1.3413180769602038,1.3413180769602038
1.236363636,1.5364269325160298,-0.3000632965160297,0.3000632965160297
0.565,1.6732253816623892,-1.1082253816623893,1.1082253816623893
1.267241379,1.6993935265933384,-0.43215214759333853,0.43215214759333853
1.5905,1.7757000825844838,-0.18520008258448373,0.18520008258448373
2.081666667,1.7693722862365435,0.3122943807634564,0.3122943807634564
2.745813953,2.276217950105505,0.469596002894495,0.469596002894495
2.211428571,2.4396212055843627,-0.22819263458436279,0.22819263458436279
1.401969697,1.8727057240375125,-0.4707360270375125,0.4707360270375125
0.683333333,1.7165002101558664,-1.0331668771558664,1.0331668771558664
3.579090909,2.036373824756258,1.5427170842437419,1.5427170842437419
0.749090909,1.423228416573822,-0.6741375075738221,0.6741375075738221
0.820833333,1.1717146231656472,-0.3508812901656472,0.3508812901656472
2.5792,1.8727057240375125,0.7064942759624877,0.7064942759624877
10.73090909,17.130593810656336,-6.399684720656335,6.399684720656335
1.106666667,1.6732253816623892,-0.5665587146623892,0.5665587146623892
0.755,0.9229317518197541,-0.16793175181975406,0.16793175181975406
0.6271875,1.8727057240375125,-1.2455182240375124,1.2455182240375124
0.65,1.793184977800259,-1.1431849778002592,1.1431849778002592
34.51142857,20.06516414073635,14.44626442926365,14.44626442926365
0.951857143,1.8727057240375125,-0.9208485810375124,0.9208485810375124
0.72,1.4999131842182152,-0.7799131842182152,0.7799131842182152
0.45,2.443305954901241,-1.9933059549012409,1.9933059549012409
0.584,2.4396212055843627,-1.8556212055843626,1.8556212055843626
0.81,2.019512163765281,-1.209512163765281,1.209512163765281
0.975483871,2.6129334030285376,-1.6374495320285376,1.6374495320285376
1.141818182,1.7165002101558664,-0.5746820281558664,0.5746820281558664
0.510666667,1.6732253816623892,-1.1625587146623892,1.1625587146623892
5.763333333,4.0544890393138875,1.7088442936861128,1.7088442936861128
7.232666667,11.109116420084675,-3.8764497530846747,3.8764497530846747
0.535714286,1.1717146231656472,-0.6360003371656472,0.6360003371656472
0.725,1.423228416573822,-0.6982284165738221,0.6982284165738221
0.63625,1.6732253816623892,-1.0369753816623892,1.0369753816623892
0.9175,1.4597421648716367,-0.5422421648716367,0.5422421648716367
0.2388,1.7489172583310624,-1.5101172583310625,1.5101172583310625
0.53,1.943820287096608,-1.413820287096608,1.413820287096608
1.606,1.5756050608868883,0.030394939113111752,0.030394939113111752
0.848125,1.4989202932424952,-0.6507952932424952,0.6507952932424952
0.123333333,1.423228416573822,-1.299895083573822,1.299895083573822
0.439655172,1.4999131842182152,-1.0602580122182153,1.0602580122182153
6.005,1.3058486922389627,4.699151307761037,4.699151307761037
2.943,1.7097391299602038,1.2332608700397962,1.2332608700397962
12.0,6.779927104975094,5.220072895024906,5.220072895024906
0.75,2.0678041248561563,-1.3178041248561563,1.3178041248561563
0.774615385,1.6722324906866692,-0.8976171056866692,0.8976171056866692
0.598333333,1.6722324906866692,-1.0738991576866692,1.0738991576866692
1.1525,1.423228416573822,-0.27072841657382196,0.27072841657382196
1.8875,1.6722324906866692,0.21526750931333072,0.21526750931333072
0.516551724,3.114781017947738,-2.598229293947738,2.598229293947738
0.969090909,1.4597421648716367,-0.4906512558716367,0.4906512558716367
2.081,1.6732253816623892,0.40777461833761075,0.40777461833761075
0.6525,1.423228416573822,-0.7707284165738221,0.7707284165738221
0.880555556,1.6732253816623892,-0.7926698256623892,0.7926698256623892
7.02,10.00571784330996,-2.98571784330996,2.98571784330996
0.375,1.9606819480875854,-1.5856819480875854,1.5856819480875854
0.414,1.959689057111866,-1.545689057111866,1.545689057111866
11820.71,10437.739023932232,1382.970976067767,1382.970976067767
1.693783784,2.386977604140055,-0.6931938201400552,0.6931938201400552
2.911363636,1.9606819480875854,0.9506816879124145,0.9506816879124145
1.965294118,1.6722324906866692,0.29306162731333085,0.29306162731333085
8.33,2.5153130822530354,5.814686917746965,5.814686917746965
5.624285714,2.4396212055843627,3.1846645084156373,3.1846645084156373
14.36222222,29.269053310843802,-14.906831090843802,14.906831090843802
0.9,4.2252986372179056,-3.3252986372179056,3.3252986372179056
1.723478261,2.200526073436832,-0.47704781243683225,0.47704781243683225
0.57125,1.4989202932424952,-0.9276702932424952,0.9276702932424952
1.444285714,2.363195026049932,-0.9189093120499321,0.9189093120499321
1.0,2.143496001524829,-1.143496001524829,1.143496001524829
0.588571429,1.423228416573822,-0.834656987573822,0.834656987573822
0.3545,1.596540614017996,-1.242040614017996,1.242040614017996
1.542727273,1.5756050608868883,-0.03287778788688844,0.03287778788688844
0.255,1.596540614017996,-1.3415406140179962,1.3415406140179962
69.57740741,59.14985343511058,10.427553974889427,10.427553974889427
0.338181818,1.423228416573822,-1.085046598573822,1.085046598573822
0.2655,1.9606819480875854,-1.6951819480875854,1.6951819480875854
1.549230769,1.423228416573822,0.12600235242617797,0.12600235242617797
0.931944444,1.4999131842182152,-0.5679687402182152,0.5679687402182152
3.108695652,2.1603550540902536,0.9483405979097466,0.9483405979097466
0.058571429,1.6732253816623892,-1.6146539526623893,1.6146539526623893
0.75,1.423228416573822,-0.673228416573822,0.673228416573822
0.415,1.096022746496974,-0.681022746496974,0.681022746496974
0.498571429,1.423228416573822,-0.924656987573822,0.924656987573822
2.67,1.7489172583310624,0.9210827416689376,0.9210827416689376
0.568,1.423228416573822,-0.8552284165738221,0.8552284165738221
77.41266667,56.97156844748457,20.44109822251542,20.44109822251542
1.152857143,1.4989202932424952,-0.3460631502424951,0.3460631502424951
3.159090909,2.1601622904627087,0.9989286185372914,0.9989286185372914
2.167857143,2.4396212055843627,-0.2717640625843627,0.2717640625843627
4.458333333,10.41841247283138,-5.96007913983138,5.96007913983138
2.057391304,4.0544890393138875,-1.9970977353138877,1.9970977353138877
0.38,1.6773220817850079,-1.297322081785008,1.297322081785008
43.005,41.546914989507506,1.4580850104924963,1.4580850104924963
0.595,1.423228416573822,-0.8282284165738221,0.8282284165738221
0.428571429,0.19720063435175453,0.23137079464824548,0.23137079464824548
2.668333333,1.4999131842182152,1.168420148781785,1.168420148781785
9.771428571,2.6886252796972103,7.082803291302789,7.082803291302789
0.5884,4.131173806958281,-3.542773806958281,3.542773806958281
17.94875,20.931286393341367,-2.982536393341366,2.982536393341366
1.189583333,1.9483976007061856,-0.7588142677061855,0.7588142677061855
0.369615385,1.6722324906866692,-1.3026171056866693,1.3026171056866693
0.643333333,1.596540614017996,-0.9532072810179961,0.9532072810179961
1.468333333,1.994384877011722,-0.5260515440117222,0.5260515440117222
0.509090909,1.8727057240375125,-1.3636148150375125,1.3636148150375125
3.26,2.4396212055843627,0.8203787944156371,0.8203787944156371
0.307777778,1.7160882593501259,-1.408310481350126,1.408310481350126
0.326153846,1.3903994175928855,-1.0642455715928856,1.0642455715928856
1.39,3.3741170585128613,-1.9841170585128614,1.9841170585128614
98.0,88.92349876973132,9.076501230268676,9.076501230268676
0.8998,2.9289718909304217,-2.0291718909304217,2.0291718909304217
2.251666667,1.7750854032620116,0.47658126373798826,0.47658126373798826
0.7625,1.596540614017996,-0.8340406140179961,0.8340406140179961
0.0,1.596540614017996,-1.596540614017996,1.596540614017996
1.159375,1.6408083334871932,-0.4814333334871932,0.4814333334871932
0.44037037,0.19720063435175453,0.24316973564824548,0.24316973564824548
1.83,1.4989202932424952,0.33107970675750487,0.33107970675750487
4.245,2.487982639862029,1.7570173601379713,1.7570173601379713
0.54,3.542614582706025,-3.002614582706025,3.002614582706025
0.796666667,1.6408083334871932,-0.8441416664871932,0.8441416664871932
0.664444444,1.6330543623158107,-0.9686099183158107,0.9686099183158107
0.24125,1.3903994175928855,-1.1491494175928856,1.1491494175928856
0.432608696,1.7097391299602038,-1.2771304339602039,1.2771304339602039
0.643333333,1.299708880511826,-0.656375547511826,0.656375547511826
20.26272727,11.943089426204633,8.319637843795366,8.319637843795366
61.47185185,19.817273283555338,41.65457856644466,41.65457856644466
0.595769231,2.482484083272099,-1.886714852272099,1.886714852272099
0.868,1.3754007571804991,-0.5074007571804992,0.5074007571804992
0.66483871,1.8727057240375125,-1.2078670140375123,1.2078670140375123
0.992,1.4989202932424952,-0.5069202932424952,0.5069202932424952
0.278571429,1.6408083334871932,-1.3622369044871934,1.3622369044871934
0.185454545,1.596540614017996,-1.411086069017996,1.411086069017996
0.39625,1.5427760619059518,-1.1465260619059519,1.1465260619059519
24.84571429,13.41364342973473,11.43207086026527,11.43207086026527
0.656666667,1.6773220817850079,-1.0206554147850078,1.0206554147850078
11.22666667,2.4396212055843627,8.787045464415637,8.787045464415637
1.388666667,1.7750854032620116,-0.3864187362620115,0.3864187362620115
7.861538462,10.092723631074138,-2.2311851690741378,2.2311851690741378
0.6,1.423228416573822,-0.8232284165738221,0.8232284165738221
0.9452,1.9483976007061856,-1.0031976007061856,1.0031976007061856
3.0109375,1.9483976007061856,1.0625398992938142,1.0625398992938142
13.44588235,4.649187565221295,8.796694784778705,8.796694784778705
2.131,1.9483976007061856,0.18260239929381417,0.18260239929381417
6.026666667,1.4989202932424952,4.5277463737575045,4.5277463737575045
1.991707317,1.8727057240375125,0.11900159296248747,0.11900159296248747
0.684,1.959689057111866,-1.2756890571118658,1.2756890571118658
2.135,2.085891299364056,0.04910870063594386,0.04910870063594386
0.3,2.4923702725351737,-2.192370272535174,2.192370272535174
5.096071429,4.131173806958281,0.9648976220417191,0.9648976220417191
9.942727273,10.266035828518312,-0.32330855551831306,0.32330855551831306
0.913333333,1.596540614017996,-0.6832072810179961,0.6832072810179961
1.016153846,1.6408083334871932,-0.6246544874871933,0.6246544874871933
0.64,1.596540614017996,-0.9565406140179961,0.9565406140179961
3.160714286,4.114107377862454,-0.9533930918624538,0.9533930918624538
1.116666667,1.4989202932424952,-0.38225362624249515,0.38225362624249515
9.558571429,13.057102535990667,-3.498531106990667,3.498531106990667
9.675652174,4.979273401036966,4.696378772963033,4.696378772963033
1.7075,1.8727057240375125,-0.16520572403751244,0.16520572403751244
6.998,3.271026786296086,3.726973213703914,3.726973213703914
0.55,1.596540614017996,-1.046540614017996,1.046540614017996
0.836153846,1.4989202932424952,-0.6627664472424952,0.6627664472424952
0.733076923,1.7165002101558664,-0.9834232871558664,0.9834232871558664
1.182666667,1.4999131842182152,-0.3172465172182153,0.3172465172182153
81.17,92.91401820774848,-11.744018207748482,11.744018207748482
1.594166667,1.6722324906866692,-0.07806582368666914,0.07806582368666914
0.691428571,1.8727057240375125,-1.1812771530375126,1.1812771530375126
3.9855,1.8727057240375125,2.1127942759624876,2.1127942759624876
6.894,11.109116420084675,-4.215116420084675,4.215116420084675
1.089285714,1.7489172583310624,-0.6596315443310623,0.6596315443310623
5.504347826,1.7489172583310624,3.7554305676689377,3.7554305676689377
4.384347826,9.215907749663055,-4.831559923663055,4.831559923663055
1.398,1.4989202932424952,-0.1009202932424953,0.1009202932424953
0.113,1.423228416573822,-1.310228416573822,1.310228416573822
1.04,1.596540614017996,-0.556540614017996,0.556540614017996
57.03888889,45.69108500109726,11.347803888902746,11.347803888902746
0.39125,1.1717146231656472,-0.7804646231656472,0.7804646231656472
1.043333333,1.423228416573822,-0.37989508357382196,0.37989508357382196
0.625,1.9205109287410074,-1.2955109287410074,1.2955109287410074
1.6,1.6330543623158107,-0.033054362315810604,0.033054362315810604
0.4,1.096022746496974,-0.696022746496974,0.696022746496974
0.66,1.423228416573822,-0.763228416573822,0.763228416573822
2.884642857,3.3142613603228614,-0.42961850332286167,0.42961850332286167
1.18,3.2970629361781096,-2.11706293617811,2.11706293617811
3.395925926,3.8939993687848204,-0.4980734427848206,0.4980734427848206
1.654888889,1.8727057240375125,-0.21781683503751248,0.21781683503751248
2.08,1.943820287096608,0.13617971290339215,0.13617971290339215
0.232857143,1.596540614017996,-1.3636834710179961,1.3636834710179961
1.196666667,2.0534742511888595,-0.8568075841888596,0.8568075841888596
0.353,1.9606819480875854,-1.6076819480875855,1.6076819480875855
0.511904762,0.2738854019961475,0.2380193600038525,0.2380193600038525
0.732537313,1.6722324906866692,-0.9396951776866692,0.9396951776866692
0.306428571,3.038096250303345,-2.731667679303345,2.731667679303345
0.93,1.299708880511826,-0.36970888051182593,0.36970888051182593
0.282777778,1.6732253816623892,-1.3904476036623892,1.3904476036623892
2.105,1.4989202932424952,0.6060797067575048,0.6060797067575048
23.321,11.480540013564422,11.84045998643558,11.84045998643558
0.339565217,3.063840632519447,-2.724275415519447,2.724275415519447
4.5035,1.8727057240375125,2.6307942759624874,2.6307942759624874
0.4,3.3727548128467824,-2.9727548128467824,2.9727548128467824
0.461153846,1.5756050608868883,-1.1144512148868884,1.1144512148868884
1.615,1.959689057111866,-0.3446890571118659,0.3446890571118659
1.904166667,1.6722324906866692,0.2319341763133307,0.2319341763133307
0.7,1.299708880511826,-0.599708880511826,0.599708880511826
0.32375,1.596540614017996,-1.272790614017996,1.272790614017996
16.14615385,9.133412060657887,7.012741789342114,7.012741789342114
0.938888889,1.7489172583310624,-0.8100283693310624,0.8100283693310624
1.116666667,1.9606819480875854,-0.8440152810875854,0.8440152810875854
6.345,1.943820287096608,4.401179712903392,4.401179712903392
0.61,2.6494471513263522,-2.0394471513263523,2.0394471513263523
4.0,11.838605008460373,-7.838605008460373,7.838605008460373
1.0175,1.423228416573822,-0.40572841657382197,0.40572841657382197
0.388888889,1.4670841852372787,-1.0781952962372787,1.0781952962372787
1.358,3.5712419475207513,-2.213241947520751,2.213241947520751
0.62,1.4999131842182152,-0.8799131842182152,0.8799131842182152
1.06875,1.5756050608868883,-0.5068550608868883,0.5068550608868883
0.875,1.8727057240375125,-0.9977057240375125,0.9977057240375125
12.83875,18.071294722998193,-5.232544722998194,5.232544722998194
1.7395,1.7750854032620116,-0.03558540326201154,0.03558540326201154
1.52952381,1.6732253816623892,-0.14370157166238928,0.14370157166238928
1.16,1.6330543623158107,-0.4730543623158108,0.4730543623158108
0.82,1.596540614017996,-0.7765406140179961,0.7765406140179961
0.397,1.423228416573822,-1.026228416573822,1.026228416573822
1.303636364,1.5756050608868883,-0.2719686968868884,0.2719686968868884
0.419230769,1.7097391299602038,-1.290508360960204,1.290508360960204
1.185714286,2.4396212055843627,-1.2539069195843626,1.2539069195843626
0.676428571,1.596540614017996,-0.9201120430179961,0.9201120430179961
1.55,1.6732253816623892,-0.12322538166238917,0.12322538166238917
0.75,2.143496001524829,-1.393496001524829,1.393496001524829
2.15,0.5490576210399438,1.600942378960056,1.600942378960056
2.097777778,1.596540614017996,0.5012371639820041,0.5012371639820041
0.8375,1.423228416573822,-0.585728416573822,0.585728416573822
0.801875,1.7540068494294005,-0.9521318494294005,0.9521318494294005
0.465666667,3.114781017947738,-2.6491143509477384,2.6491143509477384
1.75037037,1.742256404281075,0.008113965718924865,0.008113965718924865
1.516842105,1.4989202932424952,0.017921811757504846,0.017921811757504846
0.733333333,1.4989202932424952,-0.7655869602424952,0.7655869602424952
6.267142857,12.883790338546493,-6.616647481546494,6.616647481546494
1.491538462,1.5756050608868883,-0.08406659888688828,0.08406659888688828
1.44,3.2970629361781096,-1.8570629361781097,1.8570629361781097
76.54074074,59.18636718340839,17.35437355659161,17.35437355659161
2.049090909,1.5364269325160298,0.51266397648397,0.51266397648397
0.068888889,2.516305973228756,-2.4474170842287557,2.4474170842287557
92.69038462,59.052233114335074,33.63815150566493,33.63815150566493
16.27210526,21.106431552817405,-4.834326292817405,4.834326292817405
0.94125,1.9505291083482657,-1.0092791083482657,1.0092791083482657
2.57,2.143496001524829,0.42650399847517084,0.42650399847517084
17.11714286,45.86439719854143,-28.74725433854143,28.74725433854143
0.623958333,2.6896181706729307,-2.0656598376729307,2.0656598376729307
1.757777778,1.959689057111866,-0.20191127911186602,0.20191127911186602
0.740909091,1.423228416573822,-0.682319325573822,0.682319325573822
0.540689655,1.7489172583310624,-1.2082276033310624,1.2082276033310624
0.973571429,2.9662203117439447,-1.9926488827439446,1.9926488827439446
0.042857143,1.596540614017996,-1.553683471017996,1.553683471017996
2.676153846,1.7489172583310624,0.9272365876689377,0.9272365876689377
0.775,2.4923702725351737,-1.7173702725351738,1.7173702725351738
3.205555556,1.7489172583310624,1.4566382976689378,1.4566382976689378
0.648571429,1.423228416573822,-0.7746569875738221,0.7746569875738221
0.717307692,1.9483976007061856,-1.2310899087061857,1.2310899087061857
1.28125,1.423228416573822,-0.14197841657382204,0.14197841657382204
5.326296296,4.131173806958281,1.1951224890417187,1.1951224890417187
1.725555556,1.7489172583310624,-0.023361702331062384,0.023361702331062384
16.44,9.133412060657887,7.306587939342114,7.306587939342114
1.543076923,1.7750854032620116,-0.23200848026201148,0.23200848026201148
0.528333333,1.596540614017996,-1.0682072810179961,1.0682072810179961
0.847777778,1.6722324906866692,-0.8244547126866693,0.8244547126866693
1.3,11.743878013473964,-10.443878013473963,10.443878013473963
3.423333333,1.423228416573822,2.000104916426178,2.000104916426178
1.294705882,1.793184977800259,-0.4984790958002592,0.4984790958002592
0.833333333,2.2149143928137436,-1.3815810598137435,1.3815810598137435
0.270909091,1.6732253816623892,-1.4023162906623892,1.4023162906623892
1.3875,1.6330543623158107,-0.24555436231581074,0.24555436231581074
1.295714286,3.1953349096274133,-1.8996206236274134,1.8996206236274134
8.184444444,2.036373824756258,6.148070619243742,6.148070619243742
7.258148148,9.097568448868426,-1.8394203008684258,1.8394203008684258
0.3575,1.9483976007061856,-1.5908976007061857,1.5908976007061857
1.603157895,1.8727057240375125,-0.2695478290375124,0.2695478290375124
1.121111111,1.4989202932424952,-0.37780918224249516,0.37780918224249516
1.589090909,1.5756050608868883,0.01348584811311171,0.01348584811311171
0.966,1.4989202932424952,-0.5329202932424952,0.5329202932424952
0.419565217,1.6732253816623892,-1.2536601646623893,1.2536601646623893
0.287777778,3.063840632519447,-2.776062854519447,2.776062854519447
0.917166667,1.6732253816623892,-0.7560587146623892,0.7560587146623892
1.5,1.909219472335327,-0.4092194723353271,0.4092194723353271
6.776666667,3.097714588851911,3.6789520781480887,3.6789520781480887
3.293636364,1.7489172583310624,1.5447191056689378,1.5447191056689378
22.995,11.359113385173242,11.63588661482676,11.63588661482676
0.607894737,1.423228416573822,-0.8153336795738221,0.8153336795738221
1.037894737,1.7097391299602038,-0.6718443929602038,0.6718443929602038
0.57,1.269334943941148,-0.6993349439411481,0.6993349439411481
8.331,11.269721176846714,-2.9387211768467143,2.9387211768467143
7.9475,2.0058723658940574,5.941627634105942,5.941627634105942
0.27,1.596540614017996,-1.326540614017996,1.326540614017996
16.65909091,23.3184325456749,-6.659341635674899,6.659341635674899
0.83,1.6722324906866692,-0.8422324906866693,0.8422324906866693
0.902592593,0.3495772786648206,0.5530153143351795,0.5530153143351795
0.274666667,1.8839971804431928,-1.6093305134431928,1.6093305134431928
0.405714286,1.4660912942615587,-1.0603770082615587,1.0603770082615587
1.47875,2.0272138759926586,-0.5484638759926586,0.5484638759926586
1.101818182,1.4989202932424952,-0.3971021112424953,0.3971021112424953
0.45,3.2970629361781096,-2.8470629361781095,2.8470629361781095
49.621,49.87883449234328,-0.25783449234327804,0.25783449234327804
3.852,2.4396212055843627,1.4123787944156372,1.4123787944156372
1.09,1.8839971804431928,-0.7939971804431927,0.7939971804431927
1.123333333,1.4989202932424952,-0.37558696024249527,0.37558696024249527
18.0,12.048430954202363,5.951569045797637,5.951569045797637
0.97375,1.6330543623158107,-0.6593043623158107,0.6593043623158107
2.475,1.423228416573822,1.051771583426178,1.051771583426178
2.483571429,1.5756050608868883,0.9079663681131116,0.9079663681131116
1.98,1.4989202932424952,0.4810797067575048,0.4810797067575048
2.06,1.423228416573822,0.636771583426178,0.636771583426178
0.933571429,2.890528435075272,-1.956957006075272,1.956957006075272
0.332272727,1.6330543623158107,-1.3007816353158108,1.3007816353158108
2.085142857,1.6732253816623892,0.4119174753376109,0.4119174753376109
8.821764706,7.402687003830682,1.419077702169318,1.419077702169318
60.966,48.28358219732917,12.682417802670834,12.682417802670834
5.198888889,11.109116420084675,-5.910227531084675,5.910227531084675
1.038888889,2.733885890142128,-1.6949970011421278,1.6949970011421278
0.583333333,1.423228416573822,-0.839895083573822,0.839895083573822
1.02625,1.5756050608868883,-0.5493550608868882,0.5493550608868882
50.7125,41.546914989507506,9.165585010492492,9.165585010492492
1.416666667,1.9483976007061856,-0.5317309337061855,0.5317309337061855
14.50666667,4.28741957530663,10.219247094693369,10.219247094693369
0.296,1.9483976007061856,-1.6523976007061856,1.6523976007061856
2.125,11.19402930017804,-9.06902930017804,9.06902930017804
0.4965,1.7097391299602038,-1.2132391299602039,1.2132391299602039
2.88,3.3727548128467824,-0.49275481284678246,0.49275481284678246
1.0455,1.5756050608868883,-0.5301050608868882,0.5301050608868882
0.848181818,1.5035979335350933,-0.6554161155350933,0.6554161155350933
1.423333333,1.6722324906866692,-0.24889915768666926,0.24889915768666926
0.194,1.6330543623158107,-1.4390543623158107,1.4390543623158107
7.978571429,1.7489172583310624,6.229654170668937,6.229654170668937
1.483636364,1.5756050608868883,-0.09196869688688825,0.09196869688688825
2.928333333,2.0272138759926586,0.9011194570073413,0.9011194570073413
1.386153846,2.0272138759926586,-0.6410600299926585,0.6410600299926585
0.608076923,1.596540614017996,-0.988463691017996,0.988463691017996
1.23375,1.3362226288096406,-0.1024726288096407,0.1024726288096407
37.39125,31.08483140897567,6.306418591024329,6.306418591024329
0.6275,1.4989202932424952,-0.8714202932424953,0.8714202932424953
6.2215,2.487982639862029,3.733517360137971,3.733517360137971
0.435,1.596540614017996,-1.161540614017996,1.161540614017996
0.8096,1.7489172583310624,-0.9393172583310624,0.9393172583310624
0.89,1.4999131842182152,-0.6099131842182152,0.6099131842182152
50.18152174,53.28030508762205,-3.098783347622046,3.098783347622046
0.706666667,0.19720063435175453,0.5094660326482455,0.5094660326482455
0.252,1.6732253816623892,-1.4212253816623892,1.4212253816623892
2.0675,1.423228416573822,0.6442715834261779,0.6442715834261779
0.401111111,1.423228416573822,-1.022117305573822,1.022117305573822
0.594117647,2.3672910371268094,-1.7731733901268094,1.7731733901268094
2.125,1.943820287096608,0.18117971290339208,0.18117971290339208
1.044347826,1.6732253816623892,-0.6288775556623891,0.6288775556623891
1.6,1.3460197115855412,0.25398028841445885,0.25398028841445885
2.58,2.316808198969004,0.26319180103099615,0.26319180103099615
3.223333333,1.5756050608868883,1.6477282721131115,1.6477282721131115
0.27625,2.6129334030285376,-2.3366834030285375,2.3366834030285375
1.4536,2.8554136005303947,-1.4018136005303947,1.4018136005303947
9.29,3.097714588851911,6.192285411148088,6.192285411148088
0.2725,1.596540614017996,-1.324040614017996,1.324040614017996
1.3276,1.6993935265933384,-0.37179352659333853,0.37179352659333853
2.991666667,2.036373824756258,0.9552928422437419,0.9552928422437419
0.856,1.423228416573822,-0.5672284165738221,0.5672284165738221
5.578518519,3.9696912454534954,1.6088272735465048,1.6088272735465048
5.0,11.914296885129048,-6.914296885129048,6.914296885129048
0.86,1.423228416573822,-0.563228416573822,0.563228416573822
0.793333333,1.3903994175928855,-0.5970660845928856,0.5970660845928856
1.39,2.8188998522325797,-1.4288998522325798,1.4288998522325798
3.02,0.9229317518197541,2.097068248180246,2.097068248180246
10.12181818,3.1395325091881197,6.98228567081188,6.98228567081188
0.167727273,1.6722324906866692,-1.5045052176866691,1.5045052176866691
2.070909091,1.9606819480875854,0.11022714291241442,0.11022714291241442
0.5,2.743884065943348,-2.243884065943348,2.243884065943348
0.6575,4.0544890393138875,-3.3969890393138877,3.3969890393138877
0.475555556,1.4989202932424952,-1.0233647372424952,1.0233647372424952
3.595,1.9606819480875854,1.6343180519124147,1.6343180519124147
2.428181818,2.036373824756258,0.39180799324374194,0.39180799324374194
1.896285714,1.6732253816623892,0.2230603323376108,0.2230603323376108
2.121851852,3.114781017947738,-0.9929291659477384,0.9929291659477384
0.977222222,1.909219472335327,-0.9319972503353271,0.9319972503353271
0.94,1.596540614017996,-0.6565406140179961,0.6565406140179961
2.34,1.4597421648716367,0.8802578351283632,0.8802578351283632
5.5184,11.480540013564422,-5.962140013564422,5.962140013564422
3.541538462,2.2358541671313814,1.3056842948686187,1.3056842948686187
1.940555556,1.7873697506434119,0.1531858053565882,0.1531858053565882
3.331666667,1.9483976007061856,1.3832690662938143,1.3832690662938143
0.1,2.743884065943348,-2.643884065943348,2.643884065943348
10.27166667,11.282428617528849,-1.0107619475288487,1.0107619475288487
0.472857143,1.7873697506434119,-1.314512607643412,1.314512607643412
0.840967742,1.7750854032620116,-0.9341176612620116,0.9341176612620116
1.08,1.6722324906866692,-0.5922324906866692,0.5922324906866692
12.255,3.271026786296086,8.983973213703916,8.983973213703916
0.62,1.423228416573822,-0.803228416573822,0.803228416573822
0.81125,1.269334943941148,-0.45808494394114807,0.45808494394114807
0.805882353,1.909219472335327,-1.1033371193353272,1.1033371193353272
1.61,1.423228416573822,0.18677158342617806,0.18677158342617806
2.37037037,6.965138822050681,-4.5947684520506815,4.5947684520506815
22.094,11.40385524592003,10.690144754079972,10.690144754079972
1.36,2.143496001524829,-0.7834960015248289,0.7834960015248289
0.83,1.6408083334871932,-0.8108083334871933,0.8108083334871933
0.8775,1.423228416573822,-0.5457284165738221,0.5457284165738221
1.057826087,3.114781017947738,-2.056954930947738,2.056954930947738
0.737916667,1.8727057240375125,-1.1347890570375125,1.1347890570375125
0.93,1.9483976007061856,-1.0183976007061855,1.0183976007061855
1.546774194,2.7009054485752495,-1.1541312545752496,1.1541312545752496
0.709285714,3.114781017947738,-2.4054953039477383,2.4054953039477383
0.68,2.9857514066067834,-2.3057514066067832,2.3057514066067832
73.26,58.95037309273546,14.309626907264544,14.309626907264544
0.5485,1.4999131842182152,-0.9514131842182152,0.9514131842182152
2.555,1.953487191804524,0.6015128081954761,0.6015128081954761
1.0,2.9928881400561957,-1.9928881400561957,1.9928881400561957
7.626818182,10.19828775516268,-2.5714695731626795,2.5714695731626795
0.642222222,2.4396212055843627,-1.7973989835843627,1.7973989835843627
2.105,1.4989202932424952,0.6060797067575048,0.6060797067575048
1.288333333,1.5756050608868883,-0.2872717278868884,0.2872717278868884
1.465555556,1.8727057240375125,-0.40715016803751247,0.40715016803751247
0.696666667,1.4989202932424952,-0.8022536262424952,0.8022536262424952
1.265333333,1.7165002101558664,-0.45116687715586634,0.45116687715586634
14.71425532,11.359113385173242,3.355141934826758,3.355141934826758
1.055,1.6722324906866692,-0.6172324906866693,0.6172324906866693
0.34,2.743884065943348,-2.4038840659433482,2.4038840659433482
0.61,2.4396212055843627,-1.8296212055843628,1.8296212055843628
1.23,1.596540614017996,-0.3665406140179961,0.3665406140179961
1.9025,1.423228416573822,0.47927158342617804,0.47927158342617804
1.584651163,2.6129334030285376,-1.0282822400285376,1.0282822400285376
0.6,2.0678041248561563,-1.4678041248561562,1.4678041248561562
0.4475,1.423228416573822,-0.975728416573822,0.975728416573822
0.992,1.096022746496974,-0.10402274649697407,0.10402274649697407
0.462380952,0.19720063435175453,0.26518031764824546,0.26518031764824546
0.465,1.4989202932424952,-1.0339202932424951,1.0339202932424951
1.13,1.3754007571804991,-0.24540075718049925,0.24540075718049925
1.603636364,2.386977604140055,-0.7833412401400552,0.7833412401400552
1.21,1.4989202932424952,-0.28892029324249524,0.28892029324249524
0.279111111,1.6732253816623892,-1.3941142706623892,1.3941142706623892
1.868461538,2.102905752661331,-0.2344442146613308,0.2344442146613308
3.976666667,2.019512163765281,1.9571545032347188,1.9571545032347188
8.962,3.3724872051450507,5.589512794854949,5.589512794854949
0.869393939,1.6732253816623892,-0.8038314426623893,0.8038314426623893
10.15,3.1953349096274133,6.954665090372587,6.954665090372587
0.998970588,1.6732253816623892,-0.6742547936623892,0.6742547936623892
11.71181818,2.2626304111782876,9.449187768821712,9.449187768821712
0.668095238,1.9606819480875854,-1.2925867100875854,1.2925867100875854
1.126,1.096022746496974,0.029977253503025825,0.029977253503025825
1.0825,1.6722324906866692,-0.5897324906866692,0.5897324906866692
10.345,4.28741957530663,6.057580424693371,6.057580424693371
0.828947368,2.5014251062001263,-1.6724777382001261,1.6724777382001261
0.633333333,1.596540614017996,-0.963207281017996,0.963207281017996
63.5,56.798256250040396,6.701743749959604,6.701743749959604
0.985,1.4989202932424952,-0.5139202932424952,0.5139202932424952
0.950769231,1.5756050608868883,-0.6248358298868883,0.6248358298868883
4.63,10.122595878494005,-5.492595878494005,5.492595878494005
44.66484848,48.65780465917568,-3.9929561791756782,3.9929561791756782
1.28,2.1601622904627087,-0.8801622904627087,0.8801622904627087
0.849166667,1.596540614017996,-0.7473739470179961,0.7473739470179961
2.892,1.6732253816623892,1.2187746183376107,1.2187746183376107
0.91,3.3727548128467824,-2.462754812846782,2.462754812846782
1.405333333,1.735907274891153,-0.3305739418911531,0.3305739418911531
21.92,20.83465896354159,1.0853410364584128,1.0853410364584128
0.5925,1.596540614017996,-1.004040614017996,1.004040614017996
2.0,2.0678041248561563,-0.06780412485615628,0.06780412485615628
5.22,10.092723631074138,-4.872723631074138,4.872723631074138
24.20928571,13.787865891581248,10.421419818418752,10.421419818418752
0.605333333,1.596540614017996,-0.991207281017996,0.991207281017996
0.454444444,1.1717146231656472,-0.7172701791656473,0.7172701791656473
1.6225,1.5364269325160298,0.08607306748397026,0.08607306748397026
2.075416667,2.386977604140055,-0.3115609371400554,0.3115609371400554
0.4,2.656878278179167,-2.256878278179167,2.256878278179167
37.40956522,43.21326372102436,-5.803698501024364,5.803698501024364
0.894915254,1.6732253816623892,-0.7783101276623892,0.7783101276623892
0.806363636,1.4989202932424952,-0.6925566572424952,0.6925566572424952
0.333333333,1.5427760619059518,-1.2094427289059517,1.2094427289059517
0.306666667,1.6722324906866692,-1.3655658236866692,1.3655658236866692
12.88444444,20.757974195897194,-7.873529755897195,7.873529755897195
0.492592593,1.5756050608868883,-1.0830124678868884,1.0830124678868884
0.5,3.2803447064813906,-2.7803447064813906,2.7803447064813906
0.522222222,2.6129334030285376,-2.0907111810285377,2.0907111810285377
1.312222222,1.9125791019198815,-0.6003568799198815,0.6003568799198815
6.346666667,11.743878013473964,-5.397211346473964,5.397211346473964
1.185714286,1.423228416573822,-0.23751413057382198,0.23751413057382198
1.78,1.7489172583310624,0.031082741668937652,0.031082741668937652
0.799411765,1.793184977800259,-0.9937732128002591,0.9937732128002591
81.79941176,63.48798054124139,18.311431218758607,18.311431218758607
0.877142857,1.3903994175928855,-0.5132565605928855,0.5132565605928855
5.20375,11.109116420084675,-5.9053664200846745,5.9053664200846745
0.519130435,0.2738854019961475,0.24524503300385248,0.24524503300385248
5.21,2.0272138759926586,3.1827861240073414,3.1827861240073414
1.076,1.4989202932424952,-0.42292029324249514,0.42292029324249514
2.738333333,1.7489172583310624,0.9894160746689376,0.9894160746689376
9.303333333,10.341727705186987,-1.0383943721869873,1.0383943721869873
22.6352,12.596730983099317,10.038469016900684,10.038469016900684
0.335555556,1.5427760619059518,-1.2072205059059518,1.2072205059059518
0.587777778,2.4396212055843627,-1.8518434275843627,1.8518434275843627
0.718,1.6722324906866692,-0.9542324906866693,0.9542324906866693
0.277,1.423228416573822,-1.146228416573822,1.146228416573822
0.5196,1.596540614017996,-1.076940614017996,1.076940614017996
10.39166667,9.841209837665964,0.5504568323340351,0.5504568323340351
0.973333333,1.4999131842182152,-0.5265798512182152,0.5265798512182152
0.6740625,1.7489172583310624,-1.0748547583310624,1.0748547583310624
1.31625,1.4989202932424952,-0.18267029324249529,0.18267029324249529
11.0822449,11.359113385173242,-0.27686848517324236,0.27686848517324236
1.848076923,1.5756050608868883,0.2724718621131117,0.2724718621131117
0.615,1.423228416573822,-0.808228416573822,0.808228416573822
2.0755,1.4478797331851636,0.6276202668148363,0.6276202668148363
9.938,3.449808935181534,6.488191064818467,6.488191064818467
0.828,4.17889869965702,-3.35089869965702,3.35089869965702
0.910212766,1.6732253816623892,-0.7630126156623892,0.7630126156623892
1.966363636,1.8839971804431928,0.08236645555680733,0.08236645555680733
0.068571429,1.6722324906866692,-1.6036610616866693,1.6036610616866693
1.690909091,1.9205109287410074,-0.2296018377410074,0.2296018377410074
0.325217391,1.6732253816623892,-1.3480079906623892,1.3480079906623892
0.635,1.8358943342754883,-1.2008943342754883,1.2008943342754883
3.600769231,2.276217950105505,1.3245512808944953,1.3245512808944953
0.502,1.8839971804431928,-1.3819971804431928,1.3819971804431928
0.912777778,1.9483976007061856,-1.0356198227061855,1.0356198227061855
0.733125,1.596540614017996,-0.863415614017996,0.863415614017996
8.4792,9.29159962633173,-0.8123996263317288,0.8123996263317288
1.402,2.0272138759926586,-0.6252138759926587,0.6252138759926587
5.765714286,3.0220227121832384,2.7436915738167613,2.7436915738167613
11.33333333,17.65118568117913,-6.317852351179129,6.317852351179129
0.82625,1.4989202932424952,-0.6726702932424952,0.6726702932424952
2.008461538,1.9870428566460803,0.02141868135391989,0.02141868135391989
2.868333333,2.102905752661331,0.765427580338669,0.765427580338669
3.897777778,4.131173806958281,-0.23339602895828104,0.23339602895828104
0.573333333,1.909219472335327,-1.3358861393353272,1.3358861393353272
0.8575,1.4989202932424952,-0.6414202932424952,0.6414202932424952
0.619375,1.717493101131586,-1.098118101131586,1.098118101131586
0.733333333,1.4989202932424952,-0.7655869602424952,0.7655869602424952
0.543695652,1.6732253816623892,-1.1295297296623892,1.1295297296623892
8486.539565,6624.323124495689,1862.2164405043104,1862.2164405043104
0.85,2.7261319189707454,-1.8761319189707453,1.8761319189707453
0.577931034,4.131173806958281,-3.553242772958281,3.553242772958281
1.027058824,2.5153130822530354,-1.4882542582530354,1.4882542582530354
14.90944444,10.245100275387205,4.664344164612794,4.664344164612794
0.57,4.172942772655556,-3.6029427726555565,3.6029427726555565
1.440625,1.4989202932424952,-0.05829529324249516,0.05829529324249516
5.834375,6.2088591738992935,-0.3744841738992939,0.3744841738992939
2.443157895,1.8727057240375125,0.5704521709624877,0.5704521709624877
0.6475,1.423228416573822,-0.7757284165738221,0.7757284165738221
15.335,10.092723631074138,5.242276368925863,5.242276368925863
0.485,1.6722324906866692,-1.1872324906866694,1.1872324906866694
0.222307692,2.036373824756258,-1.8140661327562582,1.8140661327562582
58.57666667,47.09387721087443,11.48278945912557,11.48278945912557
5.73173913,2.6129334030285376,3.1188057269714626,3.1188057269714626
1.852666667,2.109841816059481,-0.25717514905948113,0.25717514905948113
66.67,48.627814036456144,18.042185963543858,18.042185963543858
0.576666667,1.7489172583310624,-1.1722505913310624,1.1722505913310624
7.345555556,3.231848657925228,4.113706898074772,4.113706898074772
1.11,1.3362226288096406,-0.2262226288096405,0.2262226288096405
7.387647059,1.6330543623158107,5.754592696684189,5.754592696684189
20.19111111,44.246812465883146,-24.055701355883144,24.055701355883144
0.554,1.423228416573822,-0.869228416573822,0.869228416573822
0.72,1.3058486922389627,-0.5858486922389627,0.5858486922389627
2.397368421,2.200526073436832,0.19684234756316776,0.19684234756316776
0.78,2.143496001524829,-1.363496001524829,1.363496001524829
1.244,1.5756050608868883,-0.33160506088688835,0.33160506088688835
0.487391304,1.0258584153459078,-0.5384671113459079,0.5384671113459079
47.73208333,29.344745187512476,18.387338142487526,18.387338142487526
0.965,1.4989202932424952,-0.5339202932424952,0.5339202932424952
1.34375,1.423228416573822,-0.07947841657382204,0.07947841657382204
0.0,2.5153130822530354,-2.5153130822530354,2.5153130822530354
0.159833333,1.6732253816623892,-1.5133920486623893,1.5133920486623893
1.09,1.299708880511826,-0.2097088805118259,0.2097088805118259
0.9535,1.8727057240375125,-0.9192057240375124,0.9192057240375124
1.497,4.0544890393138875,-2.5574890393138876,2.5574890393138876
1.0075,1.423228416573822,-0.415728416573822,0.415728416573822
0.45125,1.596540614017996,-1.1452906140179961,1.1452906140179961
0.459459459,1.7097391299602038,-1.2502796709602038,1.2502796709602038
0.616153846,1.6732253816623892,-1.0570715356623892,1.0570715356623892
0.94,1.959689057111866,-1.019689057111866,1.019689057111866
1.163636364,1.4660912942615587,-0.3024549302615587,0.3024549302615587
1.36,2.5153130822530354,-1.1553130822530353,1.1553130822530353
0.723333333,1.4989202932424952,-0.7755869602424952,0.7755869602424952
0.473818182,1.6732253816623892,-1.1994071996623892,1.1994071996623892
0.83875,1.4989202932424952,-0.6601702932424952,0.6601702932424952
1.712222222,1.423228416573822,0.28899380542617803,0.28899380542617803
13.55111111,18.146986599666867,-4.5958754896668665,4.5958754896668665
0.2945,1.4999131842182152,-1.2054131842182152,1.2054131842182152
0.307674419,2.6896181706729307,-2.3819437516729307,2.3819437516729307
0.208333333,1.6722324906866692,-1.4638991576866691,1.4638991576866691
3.990526316,1.8727057240375125,2.1178205919624875,2.1178205919624875
0.673333333,1.4597421648716367,-0.7864088318716367,0.7864088318716367
23.14047619,13.41364342973473,9.726832760265271,9.726832760265271
0.447,2.0092065317196623,-1.5622065317196623,1.5622065317196623
5.12,3.9000555046212253,1.2199444953787748,1.2199444953787748
1.0425,1.9971956963853996,-0.9546956963853996,0.9546956963853996
1.118571429,1.6722324906866692,-0.5536610616866693,0.5536610616866693
0.346041667,1.8727057240375125,-1.5266640570375125,1.5266640570375125
3.781176471,2.285371641739179,1.495804829260821,1.495804829260821
1.736190476,1.7097391299602038,0.026451346039796153,0.026451346039796153
1.144285714,1.4989202932424952,-0.3546345792424952,0.3546345792424952
5.0,11.914296885129048,-6.914296885129048,6.914296885129048
0.715,1.6330543623158107,-0.9180543623158107,0.9180543623158107
1.852857143,1.4999131842182152,0.35294395878178486,0.35294395878178486
0.48,1.423228416573822,-0.9432284165738221,0.9432284165738221
2.12,3.3727548128467824,-1.2527548128467823,1.2527548128467823
0.003571429,1.6732253816623892,-1.6696539526623893,1.6696539526623893
0.546666667,1.4989202932424952,-0.9522536262424952,0.9522536262424952
0.81625,1.6722324906866692,-0.8559824906866692,0.8559824906866692
0.270909091,2.2906062694824163,-2.0196971784824163,2.0196971784824163
1.34875,1.423228416573822,-0.07447841657382215,0.07447841657382215
90.19,45.615393124428586,44.57460687557141,44.57460687557141
0.693333333,1.596540614017996,-0.9032072810179961,0.9032072810179961
1.276666667,1.6408083334871932,-0.36414166648719326,0.36414166648719326
0.81,1.596540614017996,-0.786540614017996,0.786540614017996
1.12,1.4999131842182152,-0.37991318421821507,0.37991318421821507
12.0858,9.30771714907778,2.778082850922221,2.778082850922221
43.50181818,44.6746922120867,-1.1728740320866962,1.1728740320866962
1.824,1.7097391299602038,0.11426087003979624,0.11426087003979624
0.17,1.9393245408302957,-1.7693245408302958,1.7693245408302958
6.432,4.114107377862454,2.3178926221375464,2.3178926221375464
2.18,2.143496001524829,0.03650399847517116,0.03650399847517116
1.374285714,1.7489172583310624,-0.3746315443310624,0.3746315443310624
3.134642857,2.213665406695881,0.9209774503041186,0.9209774503041186
0.93875,1.7489172583310624,-0.8101672583310624,0.8101672583310624
0.336,1.596540614017996,-1.260540614017996,1.260540614017996
98.52,61.22655136189837,37.29344863810162,37.29344863810162
1.56,2.0262209850169386,-0.46622098501693854,0.46622098501693854
4.657368421,0.7433308353741759,3.9140375856258243,3.9140375856258243
0.472,3.038096250303345,-2.566096250303345,2.566096250303345
0.526666667,1.596540614017996,-1.069873947017996,1.069873947017996
1.09,1.423228416573822,-0.33322841657382196,0.33322841657382196
1.82,0.9229317518197541,0.897068248180246,0.897068248180246
0.177857143,1.9606819480875854,-1.7828248050875855,1.7828248050875855
4.138235294,2.320485669574703,1.8177496244252973,1.8177496244252973
0.195,1.4660912942615587,-1.2710912942615586,1.2710912942615586
2.165714286,2.363195026049932,-0.1974807400499321,0.1974807400499321
1.205517241,1.4999131842182152,-0.2943959432182153,0.2943959432182153
2.840555556,1.793184977800259,1.0473705781997409,1.0473705781997409
0.71,1.4660912942615587,-0.7560912942615587,0.7560912942615587
11.01444444,6.7952957179799585,4.219148722020042,4.219148722020042
2.36,1.7489172583310624,0.6110827416689375,0.6110827416689375
0.67,2.6572011224977348,-1.9872011224977348,1.9872011224977348
0.791666667,2.6572011224977348,-1.865534455497735,1.865534455497735
1.64,1.7165002101558664,-0.0765002101558665,0.0765002101558665
0.300740741,4.131173806958281,-3.8304330659582813,3.8304330659582813
1.3956,1.4989202932424952,-0.10332029324249525,0.10332029324249525
0.201904762,1.6732253816623892,-1.4713206196623891,1.4713206196623891
1.495714286,1.423228416573822,0.07248586942617785,0.07248586942617785
14.3425,2.2950474593534835,12.047452540646516,12.047452540646516
2.013928571,4.505396268804801,-2.4914676978048007,2.4914676978048007
0.81125,1.6993935265933384,-0.8881435265933384,0.8881435265933384
3.483,1.6732253816623892,1.8097746183376109,1.8097746183376109
0.69,3.2970629361781096,-2.6070629361781097,2.6070629361781097
0.58,1.6408083334871932,-1.0608083334871932,1.0608083334871932
2.562333333,1.7489172583310624,0.8134160746689378,0.8134160746689378
0.712727273,2.516305973228756,-1.8035787002287558,1.8035787002287558
2.035714286,2.1426708150404177,-0.10695652904041753,0.10695652904041753
0.414,1.269334943941148,-0.8553349439411482,0.8553349439411482
5.559705882,2.102905752661331,3.4568001293386694,3.4568001293386694
1.033333333,2.6203645298813525,-1.5870311968813524,1.5870311968813524
0.556470588,3.038096250303345,-2.481625662303345,2.481625662303345
1.402173913,1.6722324906866692,-0.2700585776866693,0.2700585776866693
1.04,1.7489172583310624,-0.7089172583310623,0.7089172583310623
0.311212121,1.4999131842182152,-1.1887010632182151,1.1887010632182151
1.04125,2.2045933726939557,-1.1633433726939557,1.1633433726939557
64.52933333,61.14986659425398,3.3794667357460213,3.3794667357460213
1.3459375,1.7489172583310624,-0.40297975833106237,0.40297975833106237
2.335909091,1.7097391299602038,0.6261699610397962,0.6261699610397962
0.71,1.596540614017996,-0.8865406140179961,0.8865406140179961
1.126666667,1.423228416573822,-0.296561749573822,0.296561749573822
1.360212766,1.7097391299602038,-0.34952636396020376,0.34952636396020376
0.075555556,2.5528197215265704,-2.4772641655265706,2.4772641655265706
0.535789474,1.8727057240375125,-1.3369162500375125,1.3369162500375125
3.054444444,1.6732253816623892,1.3812190623376108,1.3812190623376108
0.3,1.6408083334871932,-1.3408083334871932,1.3408083334871932
0.97,0.9229317518197541,0.04706824818024591,0.04706824818024591
0.643,1.959689057111866,-1.316689057111866,1.316689057111866
2.82,3.2970629361781096,-0.4770629361781098,0.4770629361781098
0.320454545,1.5427760619059518,-1.2223215169059518,1.2223215169059518
30.61888889,9.30771714907778,21.31117174092222,21.31117174092222
2.93,2.199533182461112,0.730466817538888,0.730466817538888
0.487083333,1.7097391299602038,-1.2226557969602039,1.2226557969602039
1.016,1.6926875185921504,-0.6766875185921504,0.6766875185921504
0.49,2.5153130822530354,-2.025313082253035,2.025313082253035
2.568571429,2.24479379290603,0.3237776360939697,0.3237776360939697
0.4236,4.131173806958281,-3.707573806958281,3.707573806958281
0.231111111,1.596540614017996,-1.3654295030179961,1.3654295030179961
0.5575,1.423228416573822,-0.865728416573822,0.865728416573822
16935.05846,12701.055645183586,4234.002814816415,4234.002814816415
0.957391304,0.6898772652886344,0.2675140387113657,0.2675140387113657
0.97875,1.6722324906866692,-0.6934824906866692,0.6934824906866692
0.395714286,1.596540614017996,-1.200826328017996,1.200826328017996
1.659090909,2.102905752661331,-0.44381484366133095,0.44381484366133095
70.67444444,58.9765412376664,11.697903202333599,11.697903202333599
1.314705882,1.7489172583310624,-0.43421137633106244,0.43421137633106244
6.822857143,2.6886252796972103,4.13423186330279,4.13423186330279
0.7475,1.7489172583310624,-1.0014172583310623,1.0014172583310623
1.67375,1.5427760619059518,0.13097393809404823,0.13097393809404823
19.065,2.6886252796972103,16.376374720302792,16.376374720302792
1.73,3.042613774027479,-1.3126137740274788,1.3126137740274788
0.9925,1.9505291083482657,-0.9580291083482656,0.9580291083482656
0.58,2.0678041248561563,-1.4878041248561562,1.4878041248561562
0.674347826,3.114781017947738,-2.4404331919477382,2.4404331919477382
2.0275,1.423228416573822,0.6042715834261778,0.6042715834261778
0.7809375,1.423228416573822,-0.6422909165738221,0.6422909165738221
2.77,2.200526073436832,0.5694739265631679,0.5694739265631679
1.910833333,2.6886252796972103,-0.7777919466972103,0.7777919466972103
2.63,1.9971956963853996,0.6328043036146003,0.6328043036146003
2.303333333,2.200526073436832,0.10280725956316772,0.10280725956316772
10.2886,3.1395325091881197,7.1490674908118805,7.1490674908118805
1.035,1.423228416573822,-0.3882284165738221,0.3882284165738221
0.867727273,1.9926653201753826,-1.1249380471753825,1.1249380471753825
0.4648,1.8727057240375125,-1.4079057240375126,1.4079057240375126
0.525217391,1.6732253816623892,-1.1480079906623892,1.1480079906623892
0.25875,1.596540614017996,-1.337790614017996,1.337790614017996
9.853636364,2.2626304111782876,7.591005952821712,7.591005952821712
1.27,1.6408083334871932,-0.3708083334871932,0.3708083334871932
1.266666667,1.6732253816623892,-0.40655871466238924,0.40655871466238924
0.796086957,1.1025431829903005,-0.30645622599030053,0.30645622599030053
2.2,1.9505291083482657,0.24947089165173453,0.24947089165173453
1.0,1.596540614017996,-0.5965406140179961,0.5965406140179961
0.278181818,1.9971956963853996,-1.7190138783853997,1.7190138783853997
17.72565217,29.192368543199407,-11.466716373199407,11.466716373199407
0.518,1.6722324906866692,-1.1542324906866692,1.1542324906866692
0.615,1.7489172583310624,-1.1339172583310624,1.1339172583310624
1.076666667,1.6732253816623892,-0.5965587146623892,0.5965587146623892
0.94,1.7165002101558664,-0.7765002101558665,0.7765002101558665
1.837037037,0.2738854019961475,1.5631516350038526,1.5631516350038526
12.04827586,11.185801187729068,0.8624746722709329,0.8624746722709329
0.506923077,1.596540614017996,-1.089617537017996,1.089617537017996
0.61,1.943820287096608,-1.333820287096608,1.333820287096608
0.706875,1.8727057240375125,-1.1658307240375123,1.1658307240375123
1.059090909,1.596540614017996,-0.537449705017996,0.537449705017996
0.5,2.819575942612021,-2.319575942612021,2.319575942612021
0.96,1.6722324906866692,-0.7122324906866693,0.7122324906866693
0.840285714,1.4999131842182152,-0.6596274702182152,0.6596274702182152
0.728571429,1.423228416573822,-0.694656987573822,0.694656987573822
1.114666667,1.7165002101558664,-0.6018335431558663,0.6018335431558663
0.4268,1.909219472335327,-1.482419472335327,1.482419472335327
0.745,1.9205109287410074,-1.1755109287410073,1.1755109287410073
0.85,1.4989202932424952,-0.6489202932424952,0.6489202932424952
0.474,1.8839971804431928,-1.4099971804431928,1.4099971804431928
0.901,1.596540614017996,-0.695540614017996,0.695540614017996
3.246153846,2.036373824756258,1.2097800212437417,1.2097800212437417
2.5,2.192824361209456,0.307175638790544,0.307175638790544
0.73,0.9986236284884275,-0.26862362848842747,0.26862362848842747
0.68,1.5756050608868883,-0.8956050608868883,0.8956050608868883
1.363333333,1.4999131842182152,-0.13657985121821525,0.13657985121821525
9.342727273,2.6129334030285376,6.729793869971462,6.729793869971462
1.612222222,0.6131924976442413,0.9990297243557587,0.9990297243557587
57.96166667,39.50814045337088,18.453526216629122,18.453526216629122
1.16125,1.4999131842182152,-0.3386631842182153,0.3386631842182153
1.425384615,1.423228416573822,0.00215619842617798,0.00215619842617798
1.026,1.909219472335327,-0.883219472335327,0.883219472335327
0.484444444,1.269334943941148,-0.7848904999411481,0.7848904999411481
8.301428571,4.165803034752783,4.135625536247217,4.135625536247217
11.18,11.19402930017804,-0.014029300178039605,0.014029300178039605
0.6948,3.26332097489457,-2.5685209748945703,2.5685209748945703
37.77538462,2.580104404047601,35.195280215952394,35.195280215952394
1.96,1.9870428566460803,-0.027042856646080304,0.027042856646080304
0.425689655,1.4999131842182152,-1.0742235292182152,1.0742235292182152
0.4205,1.6732253816623892,-1.2527253816623891,1.2527253816623891
0.945,1.423228416573822,-0.4782284165738221,0.4782284165738221
0.794333333,1.6732253816623892,-0.8788920486623892,0.8788920486623892
0.690909091,1.6330543623158107,-0.9421452713158107,0.9421452713158107
1.19,1.7489172583310624,-0.5589172583310624,0.5589172583310624
0.47,2.516305973228756,-2.0463059732287556,2.0463059732287556
2.875,1.6408083334871932,1.2341916665128068,1.2341916665128068
0.803636364,1.4597421648716367,-0.6561058008716366,0.6561058008716366
0.632222222,1.4597421648716367,-0.8275199428716367,0.8275199428716367
1.908666667,1.9483976007061856,-0.03973093370618552,0.03973093370618552
7.075,10.41841247283138,-3.343412472831379,3.343412472831379
1.083636364,1.5756050608868883,-0.4919686968868884,0.4919686968868884
0.625,2.019512163765281,-1.394512163765281,1.394512163765281
0.267222222,1.3903994175928855,-1.1231771955928855,1.1231771955928855
0.889285714,1.596540614017996,-0.7072549000179961,0.7072549000179961
1.453333333,1.4989202932424952,-0.0455869602424952,0.0455869602424952
3.023333333,33.617161975217016,-30.593828642217016,30.593828642217016
0.850833333,1.6722324906866692,-0.8213991576866693,0.8213991576866693
0.621730769,1.4999131842182152,-0.8781824152182152,0.8781824152182152
1.232307692,3.114781017947738,-1.8824733259477382,1.8824733259477382
1.211666667,1.8727057240375125,-0.6610390570375124,0.6610390570375124
0.64,1.4989202932424952,-0.8589202932424952,0.8589202932424952
0.734615385,2.036373824756258,-1.301758439756258,1.301758439756258
1.0378125,1.7489172583310624,-0.7111047583310623,0.7111047583310623
0.157,1.596540614017996,-1.439540614017996,1.439540614017996
11.78333333,2.5153130822530354,9.268020247746964,9.268020247746964
2.378181818,1.7097391299602038,0.668442688039796,0.668442688039796
3.67,4.0544890393138875,-0.38448903931388756,0.38448903931388756
1.964545455,1.4999131842182152,0.46463227078178493,0.46463227078178493
0.536666667,1.3058486922389627,-0.7691820252389627,0.7691820252389627
12.05,10.38599542465618,1.6640045753438208,1.6640045753438208
1.846,1.8727057240375125,-0.02670572403751237,0.02670572403751237
2.93,1.6773220817850079,1.2526779182149923,1.2526779182149923
2.238571429,1.5756050608868883,0.6629663681131115,0.6629663681131115
1.836,1.6732253816623892,0.16277461833761087,0.16277461833761087
6.543913043,11.270714067822432,-4.726801024822432,4.726801024822432
1.798571429,1.4999131842182152,0.29865824478178493,0.29865824478178493
11.46928571,6.24168817288023,5.227597537119769,5.227597537119769
0.661818182,1.8839971804431928,-1.2221789984431928,1.2221789984431928
0.871111111,1.596540614017996,-0.725429503017996,0.725429503017996
0.44875,1.6732253816623892,-1.2244753816623892,1.2244753816623892
1.6528125,1.7489172583310624,-0.09610475833106236,0.09610475833106236
0.565135135,1.4999131842182152,-0.9347780492182152,0.9347780492182152
0.63,1.3450268206098213,-0.7150268206098213,0.7150268206098213
0.246052632,1.6732253816623892,-1.4271727496623892,1.4271727496623892
0.29875,1.4670841852372787,-1.1683341852372786,1.1683341852372786
0.618,1.4269131658907002,-0.8089131658907002,0.8089131658907002
10.772,10.092723631074138,0.6792763689258621,0.6792763689258621
20.33626667,11.443033374290888,8.893233295709113,8.893233295709113
4.503529412,1.8727057240375125,2.6308236879624873,2.6308236879624873
0.5825,1.423228416573822,-0.840728416573822,0.840728416573822
0.596956522,4.0544890393138875,-3.4575325173138873,3.4575325173138873
1.046666667,1.423228416573822,-0.37656174957382205,0.37656174957382205
1.39125,1.6993935265933384,-0.3081435265933383,0.3081435265933383
4.410967742,1.596540614017996,2.8144271279820043,2.8144271279820043
1.9025,3.449808935181534,-1.547308935181534,1.547308935181534
1.226666667,1.8727057240375125,-0.6460390570375125,0.6460390570375125
2.16,1.4520855248248923,0.7079144751751079,0.7079144751751079
5.7375,12.760270802484499,-7.022770802484499,7.022770802484499
0.565,1.423228416573822,-0.8582284165738221,0.8582284165738221
2.1215,1.596540614017996,0.5249593859820041,0.5249593859820041
0.448627451,1.9483976007061856,-1.4997701497061855,1.4997701497061855
0.926666667,1.4989202932424952,-0.5722536262424952,0.5722536262424952
1.101842105,1.6732253816623892,-0.5713832766623892,0.5713832766623892
10.05416667,11.282428617528849,-1.228261947528848,1.228261947528848
0.767142857,1.423228416573822,-0.6560855595738221,0.6560855595738221
18.37333333,11.707591464803658,6.665741865196344,6.665741865196344
8.9675,3.449808935181534,5.517691064818465,5.517691064818465
0.487272727,1.5756050608868883,-1.0883323338868882,1.0883323338868882
0.393333333,1.6722324906866692,-1.2788991576866693,1.2788991576866693
1.128888889,1.4989202932424952,-0.37003140424249525,0.37003140424249525
52.94266667,47.09387721087443,5.84878945912557,5.84878945912557
3.2775,2.102905752661331,1.174594247338669,1.174594247338669
0.379666667,1.4989202932424952,-1.1192536262424952,1.1192536262424952
0.881666667,1.299708880511826,-0.418042213511826,0.418042213511826
1.071388889,2.6494471513263522,-1.5780582623263522,1.5780582623263522
0.346666667,1.6722324906866692,-1.3255658236866692,1.3255658236866692
1.951666667,1.909219472335327,0.04244719466467295,0.04244719466467295
0.511,1.4989202932424952,-0.9879202932424952,0.9879202932424952
0.305,1.596540614017996,-1.2915406140179961,1.2915406140179961
0.662916667,1.8727057240375125,-1.2097890570375125,1.2097890570375125
9.862857143,1.7489172583310624,8.113939884668937,8.113939884668937
0.1825,1.4999131842182152,-1.317413184218215,1.317413184218215
0.758333333,2.036373824756258,-1.2780404917562582,1.2780404917562582
0.599166667,0.2728925110204276,0.3262741559795724,0.3262741559795724
1.702222222,1.666564527612402,0.03565769438759814,0.03565769438759814
0.56125,1.6732253816623892,-1.1119753816623892,1.1119753816623892
0.52125,1.096022746496974,-0.5747727464969741,0.5747727464969741
0.538333333,1.6722324906866692,-1.1338991576866693,1.1338991576866693
78.571875,61.22655136189837,17.345323638101632,17.345323638101632
0.756363636,1.423228416573822,-0.666864780573822,0.666864780573822
3.27,0.9618270907442978,2.308172909255702,2.308172909255702
2.259444444,1.7540068494294005,0.5054375945705996,0.5054375945705996
12.108,9.841209837665964,2.2667901623340363,2.2667901623340363
0.447272727,2.6129334030285376,-2.1656606760285375,2.1656606760285375
1.04,3.234755480719631,-2.194755480719631,2.194755480719631
1.69,2.102905752661331,-0.4129057526613309,0.4129057526613309
7.385666667,9.30771714907778,-1.92205048207778,1.92205048207778
1.213333333,1.1717146231656472,0.041618709834352785,0.041618709834352785
1.044666667,2.516305973228756,-1.4716393062287558,1.4716393062287558
22.17956522,29.192368543199407,-7.012803323199407,7.012803323199407
0.81,1.943820287096608,-1.1338202870966079,1.1338202870966079
0.252244898,1.7097391299602038,-1.4574942319602038,1.4574942319602038
1.761666667,1.7489172583310624,0.0127494086689377,0.0127494086689377
1.033333333,1.423228416573822,-0.38989508357382197,0.38989508357382197
7.347857143,18.147979490642587,-10.800122347642588,10.800122347642588
0.134285714,1.6732253816623892,-1.5389396676623892,1.5389396676623892
1.002916667,1.7097391299602038,-0.7068224629602038,0.7068224629602038
0.854705882,1.7489172583310624,-0.8942113763310624,0.8942113763310624
0.344761905,1.8727057240375125,-1.5279438190375125,1.5279438190375125
1.013333333,1.6330543623158107,-0.6197210293158106,0.6197210293158106
0.3865,1.6732253816623892,-1.2867253816623891,1.2867253816623891
0.534642857,3.114781017947738,-2.580138160947738,2.580138160947738
2.68125,2.3672910371268094,0.3139589628731905,0.3139589628731905
2.13,3.114781017947738,-0.9847810179477383,0.9847810179477383
0.366734694,1.7097391299602038,-1.3430044359602038,1.3430044359602038
6.318571429,11.867397549535958,-5.548826120535958,5.548826120535958
0.528571429,1.6722324906866692,-1.1436610616866694,1.1436610616866694
0.405,1.423228416573822,-1.018228416573822,1.018228416573822
0.758333333,1.4989202932424952,-0.7405869602424952,0.7405869602424952
0.892307692,1.4989202932424952,-0.6066126012424952,0.6066126012424952
0.837777778,1.6722324906866692,-0.8344547126866693,0.8344547126866693
3.855555556,2.046043385240636,1.8095121707593642,1.8095121707593642
0.224,1.596540614017996,-1.372540614017996,1.372540614017996
0.649444444,3.5207742696903104,-2.87132982569031,2.87132982569031
0.067777778,2.6896181706729307,-2.621840392672931,2.621840392672931
1.02,1.299708880511826,-0.27970888051182596,0.27970888051182596
0.91,0.9229317518197541,-0.012931751819754034,0.012931751819754034
0.965,1.953487191804524,-0.988487191804524,0.988487191804524
0.3,2.917196263387523,-2.617196263387523,2.617196263387523
32.28931034,48.11026999988499,-15.820959659884991,15.820959659884991
1.121875,1.6732253816623892,-0.5513503816623893,0.5513503816623893
5.845,41.45990920174332,-35.61490920174332,35.61490920174332
22.146,11.359113385173242,10.78688661482676,10.78688661482676
3.354285714,2.137973530027209,1.216312183972791,1.216312183972791
0.400655738,1.7489172583310624,-1.3482615203310624,1.3482615203310624
1.458461538,2.0272138759926586,-0.5687523379926587,0.5687523379926587
0.339333333,1.7489172583310624,-1.4095839253310625,1.4095839253310625
1.225625,1.4999131842182152,-0.2742881842182152,0.2742881842182152
0.443333333,1.7165002101558664,-1.2731668771558664,1.2731668771558664
0.842068966,2.6129334030285376,-1.7708644370285376,1.7708644370285376
0.095,1.4989202932424952,-1.4039202932424952,1.4039202932424952
6.952727273,2.598742293896579,4.353984979103421,4.353984979103421
2.6325,1.7489172583310624,0.8835827416689375,0.8835827416689375
0.656363636,1.9606819480875854,-1.3043183120875854,1.3043183120875854
0.684468085,3.063840632519447,-2.3793725475194467,2.3793725475194467
0.7,1.6722324906866692,-0.9722324906866693,0.9722324906866693
0.582272727,1.9606819480875854,-1.3784092210875856,1.3784092210875856
0.57,1.3450268206098213,-0.7750268206098213,0.7750268206098213
1.174,1.8727057240375125,-0.6987057240375125,0.6987057240375125
0.651290323,4.131173806958281,-3.479883483958281,3.479883483958281
2.363611111,2.200526073436832,0.16308503756316783,0.16308503756316783
0.326153846,1.4989202932424952,-1.1727664472424952,1.1727664472424952
1.402692308,1.6722324906866692,-0.26954018268666924,0.26954018268666924
2.3525,1.3362226288096406,1.0162773711903594,1.0162773711903594
1.227666667,2.6129334030285376,-1.3852667360285376,1.3852667360285376
1.858,1.7750854032620116,0.08291459673798851,0.08291459673798851
0.817037037,0.6898772652886344,0.1271597717113656,0.1271597717113656
0.2975,1.6722324906866692,-1.3747324906866694,1.3747324906866694
1.041891892,1.7489172583310624,-0.7070253663310624,0.7070253663310624
0.879230769,1.7097391299602038,-0.8305083609602039,0.8305083609602039
10.1544,9.561752054603978,0.5926479453960223,0.5926479453960223
1.03125,1.7165002101558664,-0.6852502101558664,0.6852502101558664
0.773888889,1.717493101131586,-0.943604212131586,0.943604212131586
1.035384615,4.005586502212843,-2.970201887212843,2.970201887212843
0.535,3.0034356456566202,-2.46843564565662,2.46843564565662
0.464,1.6330543623158107,-1.1690543623158107,1.1690543623158107
0.37,2.4166783958665015,-2.0466783958665014,2.0466783958665014
0.278235294,1.6732253816623892,-1.3949900876623893,1.3949900876623893
0.68875,1.6722324906866692,-0.9834824906866693,0.9834824906866693
1.65,1.299708880511826,0.35029111948817393,0.35029111948817393
1.545652174,0.4733657443712708,1.072286429628729,1.072286429628729
0.445777778,1.8727057240375125,-1.4269279460375124,1.4269279460375124
13.45586207,6.24168817288023,7.21417389711977,7.21417389711977
9.78,3.449808935181534,6.330191064818465,6.330191064818465
1.357142857,1.8727057240375125,-0.5155628670375125,0.5155628670375125
1.011818182,1.5756050608868883,-0.5637868788868883,0.5637868788868883
7.241428571,11.109116420084675,-3.8676878490846747,3.8676878490846747
0.847142857,1.7165002101558664,-0.8693573531558664,0.8693573531558664
0.590625,4.0544890393138875,-3.4638640393138873,3.4638640393138873
0.66,1.4597421648716367,-0.7997421648716366,0.7997421648716366
1.9425,3.26332097489457,-1.3208209748945703,1.3208209748945703
0.509583333,1.596540614017996,-1.086957281017996,1.086957281017996
18.40631579,23.242740669006224,-4.836424879006223,4.836424879006223
0.784545455,1.6732253816623892,-0.8886799266623893,0.8886799266623893
0.7,1.943820287096608,-1.243820287096608,1.243820287096608
0.38,1.423228416573822,-1.0432284165738221,1.0432284165738221
0.872727273,1.9483976007061856,-1.0756703277061856,1.0756703277061856
0.43,1.596540614017996,-1.1665406140179961,1.1665406140179961
0.408787879,1.7489172583310624,-1.3401293793310622,1.3401293793310622
7.437142857,4.165803034752783,3.271339822247217,3.271339822247217
1.0,2.406792206603426,-1.4067922066034262,1.4067922066034262
0.836,1.423228416573822,-0.5872284165738221,0.5872284165738221
0.65037037,1.6993935265933384,-1.0490231565933383,1.0490231565933383
26.01307692,11.809027723688434,14.204049196311566,14.204049196311566
9.934,3.449808935181534,6.484191064818465,6.484191064818465
0.818888889,1.4989202932424952,-0.6800314042424952,0.6800314042424952
0.941818182,1.4999131842182152,-0.5580950022182152,0.5580950022182152
0.999090909,1.423228416573822,-0.42413750757382207,0.42413750757382207
11.3,2.6886252796972103,8.611374720302791,8.611374720302791
0.873076923,1.6722324906866692,-0.7991555676866693,0.7991555676866693
2.466333333,1.9483976007061856,0.5179357322938145,0.5179357322938145
1.3015,1.8727057240375125,-0.5712057240375124,0.5712057240375124
0.594444444,0.3103991502939622,0.28404529370603776,0.28404529370603776
0.949642857,1.4999131842182152,-0.5502703272182152,0.5502703272182152
1.415714286,1.7097391299602038,-0.2940248439602038,0.2940248439602038
82.35,45.615393124428586,36.73460687557141,36.73460687557141
0.445,1.959689057111866,-1.5146890571118659,1.5146890571118659
1.211935484,1.8727057240375125,-0.6607702400375124,0.6607702400375124
0.58625,1.8727057240375125,-1.2864557240375123,1.2864557240375123
37.904,2.406792206603426,35.497207793396576,35.497207793396576
54.30666667,45.86439719854143,8.442269471458566,8.442269471458566
1.0,1.4999131842182152,-0.4999131842182152,0.4999131842182152
4.2925,11.146201640784719,-6.853701640784719,6.853701640784719
1.004,1.4989202932424952,-0.4949202932424952,0.4949202932424952
0.624615385,1.6732253816623892,-1.0486099966623892,1.0486099966623892
0.441875,1.6330543623158107,-1.1911793623158107,1.1911793623158107
1.1832,1.7097391299602038,-0.5265391299602038,0.5265391299602038
0.522,1.6993935265933384,-1.1773935265933384,1.1773935265933384
3.611785714,3.3142613603228614,0.29752435367713836,0.29752435367713836
3.774736842,1.8727057240375125,1.9020311179624874,1.9020311179624874
7.949090909,2.1426708150404177,5.8064200939595825,5.8064200939595825
1.500833333,1.8727057240375125,-0.37187239103751235,0.37187239103751235
1.835714286,1.909219472335327,-0.0735051863353271,0.0735051863353271
0.367142857,1.8727057240375125,-1.5055628670375125,1.5055628670375125
2.935,1.596540614017996,1.338459385982004,1.338459385982004
0.43875,1.423228416573822,-0.9844784165738221,0.9844784165738221
0.46,2.0539117564235116,-1.5939117564235117,1.5939117564235117
0.897297297,1.6732253816623892,-0.7759280846623892,0.7759280846623892
0.798571429,1.6722324906866692,-0.8736610616866692,0.8736610616866692
0.71375,1.4999131842182152,-0.7861631842182152,0.7861631842182152
0.0,29.192368543199407,-29.192368543199407,29.192368543199407
0.535,1.4597421648716367,-0.9247421648716366,0.9247421648716366
0.850833333,1.6722324906866692,-0.8213991576866693,0.8213991576866693
1.696923077,1.7873697506434119,-0.09044667364341197,0.09044667364341197
0.937777778,1.9169734435067094,-0.9791956655067094,0.9791956655067094
0.846666667,1.6330543623158107,-0.7863876953158107,0.7863876953158107
0.393333333,1.4670841852372787,-1.0737508522372787,1.0737508522372787
99.781875,61.26306511019619,38.51880988980381,38.51880988980381
0.385,1.6408083334871932,-1.2558083334871932,1.2558083334871932
11.29588235,7.402687003830682,3.8931953461693176,3.8931953461693176
58.185,53.241861631766895,4.943138368233107,4.943138368233107
6.647727273,10.024975557718506,-3.3772482847185055,3.3772482847185055
54.9762069,44.599000335418026,10.377206564581975,10.377206564581975
69.36666667,1.6330543623158107,67.73361230768418,67.73361230768418
0.44,1.7489172583310624,-1.3089172583310624,1.3089172583310624
2.67,29.97087161286548,-27.30087161286548,27.30087161286548
1.609090909,1.6732253816623892,-0.06413447266238914,0.06413447266238914
1.01,1.5756050608868883,-0.5656050608868883,0.5656050608868883
10.27692308,11.698061170792805,-1.4211380907928053,1.4211380907928053
1.04,1.6732253816623892,-0.6332253816623892,0.6332253816623892
0.835625,1.6722324906866692,-0.8366074906866693,0.8366074906866693
36.24925926,43.28895559769303,-7.03969633769303,7.03969633769303
0.1828,1.6732253816623892,-1.4904253816623891,1.4904253816623891
0.83,1.423228416573822,-0.5932284165738221,0.5932284165738221
0.79,1.6722324906866692,-0.8822324906866692,0.8822324906866692
15.20103448,4.1907921455068475,11.010242334493153,11.010242334493153
0.593333333,1.423228416573822,-0.829895083573822,0.829895083573822
15.18,2.036373824756258,13.143626175243742,13.143626175243742
0.442,1.959689057111866,-1.517689057111866,1.517689057111866
4.191052632,2.6896181706729307,1.5014344613270691,1.5014344613270691
0.501538462,1.596540614017996,-1.095002152017996,1.095002152017996
2.15625,1.4520855248248923,0.7041644751751077,0.7041644751751077
0.606923077,2.036373824756258,-1.4294507477562581,1.4294507477562581
0.81,1.596540614017996,-0.786540614017996,0.786540614017996
2.5696,1.8727057240375125,0.6968942759624874,0.6968942759624874
0.313636364,1.596540614017996,-1.2829042500179961,1.2829042500179961
54.38111111,45.69108500109726,8.690026108902742,8.690026108902742
0.9875,1.4999131842182152,-0.5124131842182151,0.5124131842182151
1.0,5.8698710921520245,-4.8698710921520245,4.8698710921520245
2.0225,2.7705089187750636,-0.7480089187750636,0.7480089187750636
2.96962963,0.8768779704392636,2.0927516595607365,2.0927516595607365
1.276086957,1.6722324906866692,-0.39614553368666927,0.39614553368666927
1.9825,1.423228416573822,0.5592715834261779,0.5592715834261779
1.351052632,1.8727057240375125,-0.5216530920375124,0.5216530920375124
2.037272727,2.2813075412038444,-0.24403481420384443,0.24403481420384443
0.835,0.9986236284884275,-0.16362362848842749,0.16362362848842749
0.874390244,1.8727057240375125,-0.9983154800375125,0.9983154800375125
0.71,1.4989202932424952,-0.7889202932424952,0.7889202932424952
0.847619048,1.596540614017996,-0.7489215660179961,0.7489215660179961
1.234333333,1.8727057240375125,-0.6383723910375125,0.6383723910375125
9.688965517,11.109116420084675,-1.420150903084675,1.420150903084675
3.003333333,2.6896181706729307,0.3137151623270693,0.3137151623270693
0.538333333,1.423228416573822,-0.8848950835738221,0.8848950835738221
0.707222222,1.9169734435067094,-1.2097512215067094,1.2097512215067094
0.34559322,1.6722324906866692,-1.3266392706866692,1.3266392706866692
10.70074074,10.092723631074138,0.6080171089258624,0.6080171089258624
1.486666667,1.5364269325160298,-0.049760265516029856,0.049760265516029856
10.135,2.5058192581342866,7.629180741865714,7.629180741865714
5.57952381,11.367341497622213,-5.787817687622213,5.787817687622213
7.653703704,9.097568448868426,-1.443864744868426,1.443864744868426
5.54375,6.909089240980374,-1.365339240980374,1.365339240980374
0.516111111,1.7097391299602038,-1.193628018960204,1.193628018960204
2.164827586,2.6896181706729307,-0.5247905846729308,0.5247905846729308
0.412727273,1.6732253816623892,-1.2604981086623892,1.2604981086623892
0.825714286,1.6722324906866692,-0.8465182046866693,0.8465182046866693
5.309230769,1.6732253816623892,3.636005387337611,3.636005387337611
0.585,1.4989202932424952,-0.9139202932424952,0.9139202932424952
10.59809524,11.19402930017804,-0.5959340601780401,0.5959340601780401
1.305,1.6722324906866692,-0.3672324906866693,0.3672324906866693
1.198333333,1.839876725056576,-0.6415433920565761,0.6415433920565761
14.07352941,4.236521647519628,9.837007762480372,9.837007762480372
1.0,2.819575942612021,-1.8195759426120208,1.8195759426120208
1.040909091,1.4597421648716367,-0.4188330738716366,0.4188330738716366
62.97384615,56.8958765708159,6.077969579184099,6.077969579184099
0.65,1.6722324906866692,-1.0222324906866693,1.0222324906866693
0.635652174,1.8727057240375125,-1.2370535500375124,1.2370535500375124
1.194285714,2.4396212055843627,-1.2453354915843626,1.2453354915843626
6.94,2.2886715608980497,4.651328439101951,4.651328439101951
0.918333333,1.4999131842182152,-0.5815798512182152,0.5815798512182152
1.097454545,1.7489172583310624,-0.6514627133310624,0.6514627133310624
12686.74,11779.197094383459,907.5429056165412,907.5429056165412
15.37055556,23.242740669006224,-7.8721851090062245,7.8721851090062245
0.813488372,1.9483976007061856,-1.1349092287061855,1.1349092287061855
0.604615385,1.6722324906866692,-1.0676171056866692,1.0676171056866692
0.714545455,2.1601622904627087,-1.4456168354627086,1.4456168354627086
0.974,1.6722324906866692,-0.6982324906866693,0.6982324906866693
0.447777778,1.6722324906866692,-1.2244547126866692,1.2244547126866692
1.365,1.8358943342754883,-0.4708943342754883,0.4708943342754883
1.123636364,2.5153130822530354,-1.3916767182530354,1.3916767182530354
0.802,1.9606819480875854,-1.1586819480875854,1.1586819480875854
0.495,2.9770747370981256,-2.4820747370981255,2.4820747370981255
0.22,1.9393245408302957,-1.7193245408302957,1.7193245408302957
0.872727273,2.085891299364056,-1.213164026364056,1.213164026364056
1.164827586,1.7489172583310624,-0.5840896723310625,0.5840896723310625
0.925555556,1.6722324906866692,-0.7466769346866693,0.7466769346866693
1.097727273,1.5756050608868883,-0.4778777878868883,0.4778777878868883
4.625833333,9.231032381433387,-4.605199048433387,4.605199048433387
4.797272727,2.6129334030285376,2.1843393239714626,2.1843393239714626
0.823636364,1.423228416573822,-0.5995920525738221,0.5995920525738221
1.06,0.9229317518197541,0.137068248180246,0.137068248180246
3.58547619,3.3512971989446427,0.23417899105535733,0.23417899105535733
0.2275,1.596540614017996,-1.369040614017996,1.369040614017996
0.995454545,1.4989202932424952,-0.5034657482424952,0.5034657482424952
0.535714286,1.4989202932424952,-0.9632060072424952,0.9632060072424952
0.62,1.423228416573822,-0.803228416573822,0.803228416573822
11.11777778,12.883790338546493,-1.7660125585464925,1.7660125585464925
0.43,1.959689057111866,-1.529689057111866,1.529689057111866
0.2975,2.036373824756258,-1.7388738247562583,1.7388738247562583
8.551111111,11.698061170792805,-3.146950059792804,3.146950059792804
0.82,1.423228416573822,-0.6032284165738221,0.6032284165738221
2.338387097,3.3142613603228614,-0.9758742633228614,0.9758742633228614
0.395925926,1.5035979335350933,-1.1076720075350934,1.1076720075350934
0.396,1.596540614017996,-1.2005406140179962,1.2005406140179962
0.695,1.7489172583310624,-1.0539172583310625,1.0539172583310625
1.480909091,1.5756050608868883,-0.09469596988688833,0.09469596988688833
41.42769231,29.63220175393767,11.795490556062326,11.795490556062326
1.167142857,1.3460197115855412,-0.17887685458554126,0.17887685458554126
0.35125,1.6408083334871932,-1.2895583334871932,1.2895583334871932
0.848888889,1.6722324906866692,-0.8233436016866692,0.8233436016866692
0.75,1.1717146231656472,-0.42171462316564723,0.42171462316564723
0.638,1.9483976007061856,-1.3103976007061857,1.3103976007061857
1.067916667,1.8727057240375125,-0.8047890570375125,0.8047890570375125
1.981666667,2.0262209850169386,-0.04455431801693854,0.04455431801693854
1.847777778,1.8358943342754883,0.011883443724511666,0.011883443724511666
3.660322581,3.114781017947738,0.5455415630522618,0.5455415630522618
0.822222222,1.4989202932424952,-0.6766980712424953,0.6766980712424953
1.0,2.0678041248561563,-1.0678041248561563,1.0678041248561563
8.431,11.269721176846714,-2.8387211768467147,2.8387211768467147
1.123333333,2.036373824756258,-0.9130404917562582,0.9130404917562582
1.004,1.4989202932424952,-0.4949202932424952,0.4949202932424952
1.6,2.805452354868426,-1.205452354868426,1.205452354868426
0.430454545,1.6732253816623892,-1.2427708366623893,1.2427708366623893
0.771666667,1.9169734435067094,-1.1453067765067093,1.1453067765067093
0.46826087,1.7097391299602038,-1.241478259960204,1.241478259960204
1.304375,1.4989202932424952,-0.19454529324249514,0.19454529324249514
1.725806452,1.6732253816623892,0.052581070337610836,0.052581070337610836
0.856666667,2.819575942612021,-1.9629092756120208,1.9629092756120208
1.376363636,1.6722324906866692,-0.29586885468666924,0.29586885468666924
0.808181818,1.4597421648716367,-0.6515603468716367,0.6515603468716367
0.683846154,1.596540614017996,-0.912694460017996,0.912694460017996
1.402258065,1.6732253816623892,-0.27096731666238916,0.27096731666238916
0.858095238,1.793184977800259,-0.9350897398002591,0.9350897398002591
1.236,2.1603550540902536,-0.9243550540902536,0.9243550540902536
81.23666667,56.97156844748457,24.265098222515434,24.265098222515434
0.213333333,1.5637116150370596,-1.3503782820370596,1.3503782820370596
0.845925926,0.2728925110204276,0.5730334149795724,0.5730334149795724
1.395357143,1.9505291083482657,-0.5551719653482656,0.5551719653482656
5.805,10.98559688402268,-5.18059688402268,5.18059688402268
0.559090909,1.423228416573822,-0.864137507573822,0.864137507573822
0.669130435,0.6131924976442413,0.05593793735575869,0.05593793735575869
9.466666667,11.443033374290888,-1.9763667072908877,1.9763667072908877
1.456153846,2.0272138759926586,-0.5710600299926585,0.5710600299926585
2.538431373,1.7750854032620116,0.7633459697379883,0.7633459697379883
3.563571429,4.074929249491595,-0.5113578204915954,0.5113578204915954
0.723703704,2.482484083272099,-1.7587803792720988,1.7587803792720988
1.25,1.4989202932424952,-0.2489202932424952,0.2489202932424952
0.4492,1.4999131842182152,-1.0507131842182151,1.0507131842182151
0.404,2.1124155355075147,-1.7084155355075148,1.7084155355075148
1.685,1.7489172583310624,-0.06391725833106232,0.06391725833106232
0.847,1.6722324906866692,-0.8252324906866693,0.8252324906866693
4164.715926,6029.427151759704,-1864.7112257597046,1864.7112257597046
0.453214286,1.7097391299602038,-1.2565248439602037,1.2565248439602037
4.67,10.266035828518312,-5.596035828518312,5.596035828518312
0.841111111,1.4989202932424952,-0.6578091822424952,0.6578091822424952
0.64,1.423228416573822,-0.783228416573822,0.783228416573822
1.800952381,1.909219472335327,-0.10826709133532697,0.10826709133532697
6.849375,10.965676470060368,-4.1163014700603675,4.1163014700603675
0.883571429,2.9662203117439447,-2.082648882743945,2.082648882743945
0.92,1.596540614017996,-0.676540614017996,0.676540614017996
0.805,2.9662203117439447,-2.1612203117439446,2.1612203117439446
0.333333333,1.4989202932424952,-1.165586960242495,1.165586960242495
1.106666667,1.839876725056576,-0.7332100580565759,0.7332100580565759
1.333333333,1.943820287096608,-0.610486954096608,0.610486954096608
2.036818182,1.9606819480875854,0.07613623391241475,0.07613623391241475
0.699333333,1.717493101131586,-1.018159768131586,1.018159768131586
6.102142857,7.115230437405485,-1.013087580405485,1.013087580405485
13.81571429,23.242740669006224,-9.427026379006223,9.427026379006223
0.66,1.7165002101558664,-1.0565002101558663,1.0565002101558663
0.466666667,1.9803340353944225,-1.5136673683944226,1.5136673683944226
0.414285714,0.19720063435175453,0.2170850796482455,0.2170850796482455
1.17,0.9986236284884275,0.17137637151157248,0.17137637151157248
6.661666667,2.276217950105505,4.385448716894496,4.385448716894496
1.874,1.6732253816623892,0.2007746183376109,0.2007746183376109
1.332857143,1.2483993908100404,0.08445775218995966,0.08445775218995966
0.21375,2.2915991604581367,-2.0778491604581366,2.0778491604581366
4.129166667,2.2370398217346463,1.8921268452653535,1.8921268452653535
0.676296296,1.596540614017996,-0.9202443180179961,0.9202443180179961
11.16703704,9.561752054603978,1.6052849853960218,1.6052849853960218
0.876875,1.793184977800259,-0.9163099778002591,0.9163099778002591
0.808,1.4989202932424952,-0.6909202932424952,0.6909202932424952
0.47,1.4999131842182152,-1.0299131842182152,1.0299131842182152
0.166206897,1.4999131842182152,-1.3337062872182153,1.3337062872182153
4.343809524,2.6129334030285376,1.7308761209714625,1.7308761209714625
6.209444444,2.6129334030285376,3.5965110409714622,3.5965110409714622
0.242857143,1.4989202932424952,-1.2560631502424953,1.2560631502424953
7.506363636,2.506812149110007,4.999551486889993,4.999551486889993
0.188571429,1.7489172583310624,-1.5603458293310624,1.5603458293310624
1.1916,3.038096250303345,-1.846496250303345,1.846496250303345
4.394761905,2.487982639862029,1.9067792651379714,1.9067792651379714
0.7,1.6408083334871932,-0.9408083334871933,0.9408083334871933
1.775454545,2.24479379290603,-0.4693392479060301,0.4693392479060301
3.3,1.6732253816623892,1.6267746183376106,1.6267746183376106
0.583333333,3.231848657925228,-2.648515324925228,2.648515324925228
0.3325,2.285371641739179,-1.9528716417391792,1.9528716417391792
0.496363636,1.6732253816623892,-1.1768617456623893,1.1768617456623893
1.258518519,3.038096250303345,-1.7795777313033452,1.7795777313033452
0.43,3.2970629361781096,-2.8670629361781095,2.8670629361781095
0.9432,1.6732253816623892,-0.7300253816623892,0.7300253816623892
0.75,2.6265043416084897,-1.8765043416084897,1.8765043416084897
0.0,2.5153130822530354,-2.5153130822530354,2.5153130822530354
0.596875,1.6408083334871932,-1.0439333334871932,1.0439333334871932
5.7176,11.444026265266606,-5.726426265266606,5.726426265266606
1.602222222,2.6572011224977348,-1.0549789004977348,1.0549789004977348
1.345,2.386977604140055,-1.0419776041400552,1.0419776041400552
2.231,2.0262209850169386,0.20477901498306128,0.20477901498306128
1.463333333,1.4989202932424952,-0.03558696024249519,0.03558696024249519
0.39,1.7160882593501259,-1.3260882593501258,1.3260882593501258
0.874347826,1.8727057240375125,-0.9983578980375124,0.9983578980375124
3.038636364,1.9483976007061856,1.0902387632938142,1.0902387632938142
0.6045,1.4999131842182152,-0.8954131842182151,0.8954131842182151
0.768333333,1.423228416573822,-0.6548950835738221,0.6548950835738221
2.018888889,2.0092065317196623,0.009682357280337506,0.009682357280337506
0.77875,1.596540614017996,-0.817790614017996,0.817790614017996
0.556363636,1.6732253816623892,-1.1168617456623893,1.1168617456623893
1.735714286,1.4989202932424952,0.2367939927575049,0.2367939927575049
6.236666667,3.3741170585128613,2.8625496084871385,2.8625496084871385
0.707368421,1.4989202932424952,-0.7915518722424952,0.7915518722424952
0.722,1.3450268206098213,-0.6230268206098213,0.6230268206098213
37.28166667,44.171120589214475,-6.889453919214475,6.889453919214475
21.27,26.046006062290868,-4.776006062290868,4.776006062290868
1.943478261,2.200526073436832,-0.25704781243683206,0.25704781243683206
0.0,2.7475688152602262,-2.7475688152602262,2.7475688152602262
1.256818182,0.2738854019961475,0.9829327800038524,0.9829327800038524
0.484285714,1.6722324906866692,-1.1879467766866694,1.1879467766866694
0.585714286,1.1717146231656472,-0.5860003371656473,0.5860003371656473
0.940555556,1.7489172583310624,-0.8083617023310624,0.8083617023310624
0.236666667,1.943820287096608,-1.707153620096608,1.707153620096608
0.77375,1.596540614017996,-0.822790614017996,0.822790614017996
1.509285714,3.114781017947738,-1.6054953039477382,1.6054953039477382
0.8765,1.6993935265933384,-0.8228935265933385,0.8228935265933385
0.700625,1.7489172583310624,-1.0482922583310623,1.0482922583310623
0.633703704,0.6898772652886344,-0.05617356128863438,0.05617356128863438
0.589333333,1.6722324906866692,-1.0828991576866693,1.0828991576866693
0.484583333,0.19720063435175453,0.2873826986482455,0.2873826986482455
1.747,1.7750854032620116,-0.028085403262011477,0.028085403262011477
3.0,1.943820287096608,1.056179712903392,1.056179712903392
0.37,2.015016417498968,-1.6450164174989679,1.6450164174989679
0.60375,1.423228416573822,-0.819478416573822,0.819478416573822
0.314347826,1.6330543623158107,-1.3187065363158106,1.3187065363158106
1.1925,2.6937148707955494,-1.5012148707955495,1.5012148707955495
0.958070175,1.7489172583310624,-0.7908470833310624,0.7908470833310624
19.98210526,4.115100268838172,15.867004991161828,15.867004991161828
3.532857143,3.3142613603228614,0.21859578267713875,0.21859578267713875
8.033333333,11.269721176846714,-3.236387843846714,3.236387843846714
1.0,1.596540614017996,-0.5965406140179961,0.5965406140179961
1.561333333,1.9505291083482657,-0.38919577534826555,0.38919577534826555
0.945,1.299708880511826,-0.35470888051182603,0.35470888051182603
0.25,3.177985001500468,-2.927985001500468,2.927985001500468
5.897142857,3.0220227121832384,2.875120144816762,2.875120144816762
1.263181818,2.655796280716274,-1.3926144627162738,1.3926144627162738
12.21604167,9.30771714907778,2.9083245209222195,2.9083245209222195
0.477894737,1.7489172583310624,-1.2710225213310624,1.2710225213310624
2.963,1.9483976007061856,1.0146023992938145,1.0146023992938145
0.56,2.6265043416084897,-2.0665043416084896,2.0665043416084896
2.413448276,2.386977604140055,0.026470671859944783,0.026470671859944783
1.0,1.423228416573822,-0.42322841657382204,0.42322841657382204
3.182,1.9483976007061856,1.2336023992938143,1.2336023992938143
0.75,1.423228416573822,-0.673228416573822,0.673228416573822
4.736956522,10.19828775516268,-5.46133123316268,5.46133123316268
1.321428571,3.4346886298849038,-2.1132600588849035,2.1132600588849035
0.248181818,1.5637116150370596,-1.3155297970370596,1.3155297970370596
1.417666667,1.9483976007061856,-0.5307309337061856,0.5307309337061856
1.202857143,2.516305973228756,-1.313448830228756,1.313448830228756
1.9375,1.4597421648716367,0.47775783512836334,0.47775783512836334
1.0,2.819575942612021,-1.8195759426120208,1.8195759426120208
12.0,19.804616290069383,-7.804616290069383,7.804616290069383
0.25,1.1717146231656472,-0.9217146231656472,0.9217146231656472
0.931111111,1.4989202932424952,-0.5678091822424952,0.5678091822424952
0.445,1.6773220817850079,-1.2323220817850078,1.2323220817850078
0.47,1.8727057240375125,-1.4027057240375125,1.4027057240375125
1.390833333,2.036373824756258,-0.6455404917562582,0.6455404917562582
0.61474359,2.285371641739179,-1.6706280517391792,1.6706280517391792
16.25875,4.016586277239024,12.242163722760974,12.242163722760974
0.461538462,1.9606819480875854,-1.4991434860875854,1.4991434860875854
9923.938333,8031.692544376841,1892.2457886231587,1892.2457886231587
0.3098,1.8727057240375125,-1.5629057240375124,1.5629057240375124
2.203285714,1.6732253816623892,0.530060332337611,0.530060332337611
0.73375,4.131173806958281,-3.397423806958281,3.397423806958281
10.06,11.282428617528849,-1.2224286175288483,1.2224286175288483
0.804736842,1.8727057240375125,-1.0679688820375124,1.0679688820375124
13.33404255,11.359113385173242,1.974929164826758,1.974929164826758
2.171428571,2.6886252796972103,-0.5171967086972105,0.5171967086972105
0.811428571,1.959689057111866,-1.148260486111866,1.148260486111866
4.148421053,1.8727057240375125,2.2757153289624874,2.2757153289624874
0.616060606,1.909219472335327,-1.293158866335327,1.293158866335327
2.596666667,2.085891299364056,0.5107753676359441,0.5107753676359441
0.58,3.038096250303345,-2.458096250303345,2.458096250303345
7.205333333,11.109116420084675,-3.9037830870846753,3.9037830870846753
2.168571429,2.4396212055843627,-0.2710497765843627,0.2710497765843627
0.197058824,2.2149143928137436,-2.0178555688137436,2.0178555688137436
0.995909091,1.6732253816623892,-0.6773162906623892,0.6773162906623892
0.526363636,1.6722324906866692,-1.145868854686669,1.145868854686669
0.652307692,0.6888843743129143,-0.03657668231291422,0.03657668231291422
0.5,2.589990593310675,-2.089990593310675,2.089990593310675
14.924,9.231032381433387,5.6929676185666125,5.6929676185666125
0.70125,1.4989202932424952,-0.7976702932424952,0.7976702932424952
0.815757576,1.6330543623158107,-0.8172967863158107,0.8172967863158107
35.91833333,21.680031974465873,14.23830135553413,14.23830135553413
0.5245,1.7489172583310624,-1.2244172583310624,1.2244172583310624
1.095882353,2.130159018833253,-1.0342766658332532,1.0342766658332532
1.021363636,1.5756050608868883,-0.5542414248868883,0.5542414248868883
1.002962963,3.114781017947738,-2.1118180549477383,2.1118180549477383
0.4025,1.8839971804431928,-1.4814971804431927,1.4814971804431927
11.5,6.24168817288023,5.25831182711977,5.25831182711977
64.51,58.95037309273546,5.559626907264544,5.559626907264544
1.242666667,1.7165002101558664,-0.47383354315586645,0.47383354315586645
3.003333333,33.82084810923186,-30.81751477623186,30.81751477623186
1.5825,1.299708880511826,0.28279111948817404,0.28279111948817404
0.293333333,1.6732253816623892,-1.3798920486623891,1.3798920486623891
15.5455,23.242740669006224,-7.697240669006224,7.697240669006224
0.658181818,1.8839971804431928,-1.2258153624431927,1.2258153624431927
0.386666667,2.1601622904627087,-1.7734956234627086,1.7734956234627086
0.351333333,1.6330543623158107,-1.2817210293158108,1.2817210293158108
0.524,1.4597421648716367,-0.9357421648716366,0.9357421648716366
0.637083333,1.6732253816623892,-1.0361420486623891,1.0361420486623891
1.063333333,2.443305954901241,-1.3799726219012407,1.3799726219012407
0.72047619,1.6732253816623892,-0.9527491916623892,0.9527491916623892
0.398333333,2.6129334030285376,-2.2146000700285375,2.2146000700285375
0.324090909,1.6732253816623892,-1.3491344726623893,1.3491344726623893
1.008,2.6886252796972103,-1.6806252796972103,1.6806252796972103
0.982857143,1.4989202932424952,-0.5160631502424952,0.5160631502424952
1.083333333,2.2183626917090904,-1.1350293587090905,1.1350293587090905
1.078333333,1.9125791019198815,-0.8342457689198814,0.8342457689198814
0.312105263,1.6330543623158107,-1.3209490993158106,1.3209490993158106
0.465238095,1.4999131842182152,-1.034675089218215,1.034675089218215
3.745714286,5.261809132167507,-1.5160948461675066,1.5160948461675066
1.766666667,2.5153130822530354,-0.7486464152530354,0.7486464152530354
0.400740741,1.5756050608868883,-1.1748643198868884,1.1748643198868884
1.7,2.0262209850169386,-0.32622098501693864,0.32622098501693864
4.133571429,2.6896181706729307,1.4439532583270691,1.4439532583270691
1.316666667,1.299708880511826,0.01695778648817403,0.01695778648817403
7.288571429,11.109116420084675,-3.8205449910846747,3.8205449910846747
0.78,1.423228416573822,-0.643228416573822,0.643228416573822
0.976,1.7097391299602038,-0.7337391299602039,0.7337391299602039
55.276,39.84412160342815,15.431878396571854,15.431878396571854
1.788095238,1.909219472335327,-0.12112423433532715,0.12112423433532715
0.722222222,2.036373824756258,-1.314151602756258,1.314151602756258
0.520714286,1.596540614017996,-1.075826328017996,1.075826328017996
1.176,1.4989202932424952,-0.32292029324249527,0.32292029324249527
1.011818182,1.5756050608868883,-0.5637868788868883,0.5637868788868883
0.792222222,0.7655691419573073,0.026653080042692734,0.026653080042692734
0.537241379,2.4396212055843627,-1.9023798265843626,1.9023798265843626
0.55,2.4166783958665015,-1.8666783958665014,1.8666783958665014
0.944,1.299708880511826,-0.35570888051182603,0.35570888051182603
0.163571429,1.4670841852372787,-1.3035127562372786,1.3035127562372786
13.76444444,16.321550782702467,-2.5571063427024665,2.5571063427024665
1.436,1.7750854032620116,-0.33908540326201164,0.33908540326201164
1.818181818,1.7489172583310624,0.06926455966893763,0.06926455966893763
0.85625,1.6408083334871932,-0.7845583334871933,0.7845583334871933
0.842727273,1.7165002101558664,-0.8737729371558663,0.8737729371558663
0.834545455,1.4989202932424952,-0.6643748382424952,0.6643748382424952
0.713333333,1.4989202932424952,-0.7855869602424952,0.7855869602424952
0.585217391,0.2738854019961475,0.3113319890038525,0.3113319890038525
0.894545455,1.6330543623158107,-0.7385089073158106,0.7385089073158106
1.3475,1.423228416573822,-0.07572841657382212,0.07572841657382212
0.82875,1.423228416573822,-0.594478416573822,0.594478416573822
1.2675,1.423228416573822,-0.15572841657382197,0.15572841657382197
1.064,1.596540614017996,-0.532540614017996,0.532540614017996
0.837142857,1.596540614017996,-0.7593977570179961,0.7593977570179961
1.405,1.4999131842182152,-0.09491318421821515,0.09491318421821515
11.048,10.341727705186987,0.7062722948130133,0.7062722948130133
0.767407407,4.0544890393138875,-3.2870816323138876,3.2870816323138876
1.253125,3.3512971989446427,-2.098172198944643,2.098172198944643
0.197857143,1.596540614017996,-1.398683471017996,1.398683471017996
2.421428571,2.4761349538821773,-0.05470638288217744,0.05470638288217744
0.3416,1.6732253816623892,-1.331625381662389,1.331625381662389
1.0,1.596540614017996,-0.5965406140179961,0.5965406140179961
0.7376,3.114781017947738,-2.377181017947738,2.377181017947738
0.961666667,1.7489172583310624,-0.7872505913310623,0.7872505913310623
1.302727273,3.063840632519447,-1.761113359519447,1.761113359519447
0.9764,1.4999131842182152,-0.5235131842182151,0.5235131842182151
0.315333333,1.4670841852372787,-1.1517508522372788,1.1517508522372788
0.74,1.4989202932424952,-0.7589202932424952,0.7589202932424952
28.415,48.28358219732917,-19.868582197329168,19.868582197329168
4.663913043,0.7433308353741759,3.920582207625824,3.920582207625824
0.495,1.9803340353944225,-1.4853340353944224,1.4853340353944224
1.034444444,1.596540614017996,-0.562096170017996,0.562096170017996
0.856666667,1.8358943342754883,-0.9792276672754883,0.9792276672754883
2.096666667,2.6572011224977348,-0.5605344554977347,0.5605344554977347
0.35,1.943820287096608,-1.5938202870966078,1.5938202870966078
0.33,1.8727057240375125,-1.5427057240375124,1.5427057240375124
0.33,1.6330543623158107,-1.3030543623158106,1.3030543623158106
0.806363636,1.4597421648716367,-0.6533785288716366,0.6533785288716366
16.7075,9.267546129731203,7.439953870268797,7.439953870268797
2.303,2.6896181706729307,-0.3866181706729308,0.3866181706729308
0.813333333,1.6408083334871932,-0.8274750004871932,0.8274750004871932
2.02875,2.0272138759926586,0.0015361240073414884,0.0015361240073414884
0.64,1.959689057111866,-1.3196890571118658,1.3196890571118658
0.56,1.8839971804431928,-1.3239971804431927,1.3239971804431927
1.7775,1.6773220817850079,0.10017791821499222,0.10017791821499222
3.258571429,4.0384155011937795,-0.7798440721937796,0.7798440721937796
0.173076923,4.0544890393138875,-3.8814121163138875,3.8814121163138875
0.470454545,0.19720063435175453,0.27325391064824545,0.27325391064824545
1.215942029,1.6732253816623892,-0.4572833526623892,0.4572833526623892
2.039466667,2.386977604140055,-0.3475109371400551,0.3475109371400551
0.682857143,1.5756050608868883,-0.8927479178868883,0.8927479178868883
0.553636364,1.596540614017996,-1.0429042500179961,1.0429042500179961
0.75,2.019512163765281,-1.269512163765281,1.269512163765281
0.5975,1.596540614017996,-0.999040614017996,0.999040614017996
2.411666667,3.114781017947738,-0.7031143509477382,0.7031143509477382
1.522,1.7160882593501259,-0.19408825935012586,0.19408825935012586
0.283636364,1.423228416573822,-1.1395920525738221,1.1395920525738221
0.501666667,1.6408083334871932,-1.1391416664871934,1.1391416664871934
0.705,1.423228416573822,-0.7182284165738221,0.7182284165738221
0.976428571,2.890528435075272,-1.914099864075272,1.914099864075272
0.722173913,0.6131924976442413,0.10898141535575867,0.10898141535575867
0.466153846,1.423228416573822,-0.9570745705738221,0.9570745705738221
0.640740741,0.2728925110204276,0.3678482299795724,0.3678482299795724
77.64055556,56.97156844748457,20.668987112515424,20.668987112515424
4.066818182,1.9483976007061856,2.118420581293814,2.118420581293814
0.52,1.959689057111866,-1.439689057111866,1.439689057111866
0.626190476,0.2728925110204276,0.3532979649795724,0.3532979649795724
1.476666667,1.4989202932424952,-0.022253626242495272,0.022253626242495272
0.19625,1.6394034917057327,-1.4431534917057327,1.4431534917057327
1.505862069,2.200526073436832,-0.6946640044368322,0.6946640044368322
2.042857143,1.4999131842182152,0.5429439587817848,0.5429439587817848
0.885428571,1.7489172583310624,-0.8634886873310623,0.8634886873310623
0.37,1.4989202932424952,-1.128920293242495,1.128920293242495
0.521111111,0.2738854019961475,0.24722570900385243,0.24722570900385243
16.84185185,16.39724265937114,0.44460919062886006,0.44460919062886006
1.42,2.019512163765281,-0.5995121637652812,0.5995121637652812
0.217931034,1.6732253816623892,-1.4552943476623892,1.4552943476623892
1.5,2.104317873153971,-0.6043178731539709,0.6043178731539709
1.1,1.9505291083482657,-0.8505291083482656,0.8505291083482656
3.717894737,4.625191011257508,-0.9072962742575079,0.9072962742575079
0.47,1.7165002101558664,-1.2465002101558664,1.2465002101558664
0.454166667,2.6129334030285376,-2.1587667360285376,2.1587667360285376
1.041111111,1.4989202932424952,-0.4578091822424952,0.4578091822424952
0.77,1.3058486922389627,-0.5358486922389627,0.5358486922389627
0.875,1.4989202932424952,-0.6239202932424952,0.6239202932424952
0.826923077,1.717493101131586,-0.8905700241315859,0.8905700241315859
0.9696,1.9483976007061856,-0.9787976007061856,0.9787976007061856
0.205666667,1.6732253816623892,-1.4675587146623892,1.4675587146623892
0.9432,1.6732253816623892,-0.7300253816623892,0.7300253816623892
1.122222222,1.4989202932424952,-0.3766980712424952,0.3766980712424952
0.715769231,2.2915991604581367,-1.5758299294581368,1.5758299294581368
3.120416667,9.061404933306093,-5.940988266306093,5.940988266306093
1.686923077,2.439879793694325,-0.7529567166943247,0.7529567166943247
0.753333333,3.063840632519447,-2.310507299519447,2.310507299519447
0.261666667,1.4989202932424952,-1.2372536262424951,1.2372536262424951
1.038421053,1.9606819480875854,-0.9222608950875855,0.9222608950875855
0.992058824,1.6732253816623892,-0.6811665576623892,0.6811665576623892
30.97954545,10.662160534675696,20.317384915324304,20.317384915324304
0.764137931,1.596540614017996,-0.832402683017996,0.832402683017996
1.49862069,1.8727057240375125,-0.37408503403751237,0.37408503403751237
5.253846154,4.131173806958281,1.1226723470417186,1.1226723470417186
28.00928571,20.06516414073635,7.94412156926365,7.94412156926365
0.093333333,1.596540614017996,-1.5032072810179962,1.5032072810179962
12616.92333,12549.379478062845,67.54385193715461,67.54385193715461
0.0,2.5153130822530354,-2.5153130822530354,2.5153130822530354
5.77875,7.082401438424548,-1.3036514384245486,1.3036514384245486
1.82,1.4989202932424952,0.32107970675750486,0.32107970675750486
2.446428571,1.4999131842182152,0.946515386781785,0.946515386781785
1.569473684,1.8727057240375125,-0.30323204003751236,0.30323204003751236
1.574285714,1.6408083334871932,-0.06652261948719329,0.06652261948719329
1.413684211,1.9505291083482657,-0.5368448973482656,0.5368448973482656
5.602272727,2.487982639862029,3.114290087137971,3.114290087137971
0.8275,1.4989202932424952,-0.6714202932424952,0.6714202932424952
1.028181818,1.4989202932424952,-0.47073847524249524,0.47073847524249524
0.222916667,2.2915991604581367,-2.0686824934581365,2.0686824934581365
1.0,1.596540614017996,-0.5965406140179961,0.5965406140179961
0.298780488,1.8727057240375125,-1.5739252360375124,1.5739252360375124
0.072727273,3.8811768418697112,-3.8084495688697113,3.8084495688697113
1.646,1.4989202932424952,0.1470797067575047,0.1470797067575047
0.795625,1.7489172583310624,-0.9532922583310623,0.9532922583310623
0.841111111,1.596540614017996,-0.755429503017996,0.755429503017996
1.325,1.7489172583310624,-0.4239172583310624,0.4239172583310624
1.5,32.60076918620646,-31.100769186206463,31.100769186206463
3.803636364,2.598742293896579,1.2048940701034208,1.2048940701034208
0.806666667,1.3450268206098213,-0.5383601536098213,0.5383601536098213
1.257142857,1.6722324906866692,-0.4150896336866692,0.4150896336866692
2.5,2.143496001524829,0.356503998475171,0.356503998475171
0.118,2.4396212055843627,-2.321621205584363,2.321621205584363
0.36,1.8839971804431928,-1.5239971804431929,1.5239971804431929
0.44,1.423228416573822,-0.9832284165738221,0.9832284165738221
0.77,3.038096250303345,-2.268096250303345,2.268096250303345
0.580357143,1.4999131842182152,-0.9195560412182152,0.9195560412182152
1.56,1.9393245408302957,-0.37932454083029565,0.37932454083029565
0.875,1.423228416573822,-0.548228416573822,0.548228416573822
2.38,1.423228416573822,0.9567715834261779,0.9567715834261779
3.436666667,2.019512163765281,1.4171545032347188,1.4171545032347188
11.95545455,10.168415507742813,1.787039042257188,1.787039042257188
0.965,1.596540614017996,-0.6315406140179961,0.6315406140179961
0.580666667,1.5637116150370596,-0.9830449480370596,0.9830449480370596
21.05416667,23.3184325456749,-2.264265875674898,2.264265875674898
0.710833333,1.5756050608868883,-0.8647717278868884,0.8647717278868884
0.807142857,1.4597421648716367,-0.6525993078716367,0.6525993078716367
0.224166667,1.596540614017996,-1.372373947017996,1.372373947017996
1.55037037,3.114781017947738,-1.5644106479477382,1.5644106479477382
0.68,1.6408083334871932,-0.9608083334871932,0.9608083334871932
15.0,9.702295892271547,5.297704107728453,5.297704107728453
0.646363636,1.3058486922389627,-0.6594850562389627,0.6594850562389627
0.6,1.9606819480875854,-1.3606819480875854,1.3606819480875854
0.37,1.6773220817850079,-1.3073220817850078,1.3073220817850078
2.633333333,1.4989202932424952,1.1344130397575047,1.1344130397575047
0.27,0.9229317518197541,-0.652931751819754,0.652931751819754
0.93,2.6265043416084897,-1.6965043416084895,1.6965043416084895
0.571724138,3.114781017947738,-2.543056879947738,2.543056879947738
0.574285714,1.959689057111866,-1.385403343111866,1.385403343111866
26.21611111,29.556509877268997,-3.340398767268997,3.340398767268997
1.048888889,1.4989202932424952,-0.4500314042424951,0.4500314042424951
0.557857143,2.4649113579023116,-1.9070542149023115,1.9070542149023115
3.043333333,1.6732253816623892,1.3701079513376109,1.3701079513376109
1.219375,1.4999131842182152,-0.2805381842182151,0.2805381842182151
0.438888889,2.0534742511888595,-1.6145853621888595,1.6145853621888595
1.331818182,2.5919978498974285,-1.2601796678974286,1.2601796678974286
7.073333333,3.3741170585128613,3.6992162744871386,3.6992162744871386
9.051666667,10.266035828518312,-1.214369161518313,1.214369161518313
15.2126087,18.147979490642587,-2.9353707906425868,2.9353707906425868
11.676,2.2626304111782876,9.413369588821713,9.413369588821713
21.3004,11.809027723688434,9.491372276311566,9.491372276311566
0.644375,2.6129334030285376,-1.9685584030285375,1.9685584030285375
0.34875,1.7489172583310624,-1.4001672583310625,1.4001672583310625
1.495,0.9229317518197541,0.572068248180246,0.572068248180246
0.6,1.9606819480875854,-1.3606819480875854,1.3606819480875854
1.856923077,2.2915991604581367,-0.4346760834581367,0.4346760834581367
1.47,1.299708880511826,0.170291119488174,0.170291119488174
0.669130435,0.6131924976442413,0.05593793735575869,0.05593793735575869
0.0,3.462721071871142,-3.462721071871142,3.462721071871142
9.0,11.914296885129048,-2.9142968851290476,2.9142968851290476
0.311875,1.6403963826814527,-1.3285213826814526,1.3285213826814526
1.225714286,2.0272138759926586,-0.8014995899926585,0.8014995899926585
2.251111111,1.6732253816623892,0.577885729337611,0.577885729337611
1.624473684,1.6722324906866692,-0.04775880668666921,0.04775880668666921
1.853,1.7750854032620116,0.0779145967379884,0.0779145967379884
7.854285714,2.5153130822530354,5.338972631746965,5.338972631746965
0.705789474,1.7489172583310624,-1.0431277843310625,1.0431277843310625
0.583333333,1.423228416573822,-0.839895083573822,0.839895083573822
0.76,1.4989202932424952,-0.7389202932424952,0.7389202932424952
1.125,1.1717146231656472,-0.04671462316564723,0.04671462316564723
1.57,1.423228416573822,0.14677158342617802,0.14677158342617802
1.346666667,2.8681292395505658,-1.5214625725505657,1.5214625725505657
0.530909091,2.1601622904627087,-1.6292531994627086,1.6292531994627086
2.78,2.019512163765281,0.7604878362347187,0.7604878362347187
0.224444444,1.6732253816623892,-1.4487809376623892,1.4487809376623892
22.26442857,10.542200938537828,11.722227631462172,11.722227631462172
5.865,6.909089240980374,-1.044089240980374,1.044089240980374
1.36,2.143496001524829,-0.7834960015248289,0.7834960015248289
1.98,1.9606819480875854,0.019318051912414536,0.019318051912414536
0.800833333,1.9483976007061856,-1.1475642677061857,1.1475642677061857
5013.69,6010.05969529421,-996.36969529421,996.36969529421
0.25125,2.2906062694824163,-2.0393562694824166,2.0393562694824166
6.07,2.045050494264916,4.024949505735084,4.024949505735084
1.156363636,1.596540614017996,-0.44017697801799605,0.44017697801799605
1.47,1.6722324906866692,-0.20223249068666926,0.20223249068666926
0.4912,1.5756050608868883,-1.0844050608868883,1.0844050608868883
25.09052632,23.242740669006224,1.8477856509937745,1.8477856509937745
0.279375,1.3903994175928855,-1.1110244175928856,1.1110244175928856
0.180857143,1.9483976007061856,-1.7675404577061857,1.7675404577061857
1.491363636,2.487982639862029,-0.9966190038620288,0.9966190038620288
1.6,2.143496001524829,-0.5434960015248289,0.5434960015248289
1.53,2.2915991604581367,-0.7615991604581367,0.7615991604581367
0.242857143,1.6722324906866692,-1.4293753476866693,1.4293753476866693
6.333114754,1.7489172583310624,4.584197495668938,4.584197495668938
0.449565217,0.19720063435175453,0.25236458264824546,0.25236458264824546
1.595,1.6722324906866692,-0.07723249068666926,0.07723249068666926
1.495,2.0272138759926586,-0.5322138759926585,0.5322138759926585
0.795,1.423228416573822,-0.628228416573822,0.628228416573822
2.188421053,1.7097391299602038,0.47868192303979606,0.47868192303979606
0.309787234,3.063840632519447,-2.754053398519447,2.754053398519447
1.296363636,1.8839971804431928,-0.5876335444431928,0.5876335444431928
0.234166667,2.036373824756258,-1.8022071577562582,1.8022071577562582
0.93,1.959689057111866,-1.0296890571118658,1.0296890571118658
2.59,0.9983408390421126,1.5916591609578874,1.5916591609578874
1.225,1.7123747982134923,-0.48737479821349217,0.48737479821349217
19.705,6.7952957179799585,12.90970428202004,12.90970428202004
1.791818182,1.596540614017996,0.19527756798200402,0.19527756798200402
9.173636364,2.4396212055843627,6.734015158415637,6.734015158415637
0.429545455,3.114781017947738,-2.6852355629477382,2.6852355629477382
0.753333333,1.8727057240375125,-1.1193723910375124,1.1193723910375124
3.967,1.8727057240375125,2.0942942759624876,2.0942942759624876
9.0875,3.449808935181534,5.637691064818466,5.637691064818466
0.297826087,1.7160882593501259,-1.4182621723501259,1.4182621723501259
0.722,1.6408083334871932,-0.9188083334871933,0.9188083334871933
1.163076923,1.6732253816623892,-0.5101484586623892,0.5101484586623892
0.341875,1.6408083334871932,-1.2989333334871933,1.2989333334871933
1.665,2.2370398217346463,-0.5720398217346463,0.5720398217346463
6.31,3.3741170585128613,2.9358829414871384,2.9358829414871384
1.896363636,1.8727057240375125,0.023657911962487566,0.023657911962487566
1.908181818,2.036373824756258,-0.12819200675625808,0.12819200675625808
1.39,1.423228416573822,-0.03322841657382214,0.03322841657382214
0.341875,1.423228416573822,-1.0813534165738221,1.0813534165738221
0.965,1.959689057111866,-0.994689057111866,0.994689057111866
0.201666667,1.8839971804431928,-1.6823305134431927,1.6823305134431927
0.76671875,1.7489172583310624,-0.9821985083310624,0.9821985083310624
1.248181818,1.4999131842182152,-0.25173136621821524,0.25173136621821524
0.682580645,2.6129334030285376,-1.9303527580285376,1.9303527580285376
1.796818182,1.9483976007061856,-0.15157941870618563,0.15157941870618563
3.988378378,2.276217950105505,1.7121604278944953,1.7121604278944953
0.941818182,1.596540614017996,-0.6547224320179961,0.6547224320179961
1.887777778,2.199533182461112,-0.31175540446111216,0.31175540446111216
1.86,2.192824361209456,-0.3328243612094559,0.3328243612094559
2.924,1.7750854032620116,1.1489145967379883,1.1489145967379883
0.994782609,2.4396212055843627,-1.4448385965843626,1.4448385965843626
1.7625,1.6722324906866692,0.09026750931333072,0.09026750931333072
11.36285714,18.071294722998193,-6.708437582998194,6.708437582998194
1.306363636,1.6993935265933384,-0.3930298905933385,0.3930298905933385
0.258125,1.3903994175928855,-1.1322744175928856,1.1322744175928856
0.615,1.6722324906866692,-1.0572324906866692,1.0572324906866692
0.605,2.019512163765281,-1.414512163765281,1.414512163765281
39.73108696,48.18596187655366,-8.454874916553663,8.454874916553663
1.04,2.5153130822530354,-1.4753130822530354,1.4753130822530354
1.253529412,1.909219472335327,-0.6556900603353271,0.6556900603353271
2.425,0.9229317518197541,1.5020682481802456,1.5020682481802456
1.845,1.943820287096608,-0.09882028709660795,0.09882028709660795
2.046666667,1.9483976007061856,0.0982690662938146,0.0982690662938146
5.12,3.9000555046212253,1.2199444953787748,1.2199444953787748
0.212222222,4.0544890393138875,-3.8422668173138876,3.8422668173138876
1.527142857,1.9505291083482657,-0.4233862513482656,0.4233862513482656
0.790909091,1.596540614017996,-0.8056315230179961,0.8056315230179961
0.32,1.8727057240375125,-1.5527057240375124,1.5527057240375124
1.30875,1.4989202932424952,-0.19017029324249513,0.19017029324249513
0.425,1.423228416573822,-0.998228416573822,0.998228416573822
0.35,1.6408083334871932,-1.2908083334871931,1.2908083334871931
1.45173913,1.6732253816623892,-0.22148625166238922,0.22148625166238922
0.213428571,1.8727057240375125,-1.6592771530375123,1.6592771530375123
0.58,1.423228416573822,-0.8432284165738221,0.8432284165738221
0.390625,2.6886252796972103,-2.2980002796972103,2.2980002796972103
1.799444444,3.062931362552607,-1.263486918552607,1.263486918552607
1.236363636,1.5756050608868883,-0.33924142488688824,0.33924142488688824
0.42952381,0.19720063435175453,0.23232317564824548,0.23232317564824548
5.307142857,2.5153130822530354,2.7918297747469643,2.7918297747469643
1.032,1.4989202932424952,-0.4669202932424952,0.4669202932424952
3.6065,1.8727057240375125,1.7337942759624876,1.7337942759624876
1.215,2.243771501064814,-1.0287715010648137,1.0287715010648137
0.725,3.038096250303345,-2.313096250303345,2.313096250303345
0.334736842,1.6732253816623892,-1.3384885396623893,1.3384885396623893
0.4,1.1717146231656472,-0.7717146231656472,0.7717146231656472
2.53,4.923457220063843,-2.393457220063843,2.393457220063843
2.301428571,1.6732253816623892,0.628203189337611,0.628203189337611
1.14375,1.299708880511826,-0.15595888051182594,0.15595888051182594
0.633913043,0.6131924976442413,0.020720545355758624,0.020720545355758624
0.766923077,1.4989202932424952,-0.7319972162424953,0.7319972162424953
1.88,3.2970629361781096,-1.4170629361781097,1.4170629361781097
0.437307692,1.4999131842182152,-1.062605492218215,1.062605492218215
0.966666667,10.866823630101191,-9.90015696310119,9.90015696310119
0.0,3.970102800695878,-3.970102800695878,3.970102800695878
1.394516129,1.8727057240375125,-0.47818959503751235,0.47818959503751235
1.006363636,1.596540614017996,-0.5901769780179962,0.5901769780179962
1.0,2.0678041248561563,-1.0678041248561563,1.0678041248561563
0.864090909,1.6732253816623892,-0.8091344726623892,0.8091344726623892
13.93277778,7.402687003830682,6.5300907761693185,6.5300907761693185
2.525333333,1.7489172583310624,0.7764160746689375,0.7764160746689375
37.13647059,53.040951367364556,-15.904480777364554,15.904480777364554
1.03,1.299708880511826,-0.26970888051182595,0.26970888051182595
1.397777778,4.0544890393138875,-2.6567112613138875,2.6567112613138875
11.718,6.24168817288023,5.47631182711977,5.47631182711977
0.2225,1.299708880511826,-1.077208880511826,1.077208880511826
1.24,2.019512163765281,-0.7795121637652811,0.7795121637652811
0.5436,0.23371438264956923,0.30988561735043074,0.30988561735043074
3.2490625,1.9483976007061856,1.3006648992938143,1.3006648992938143
0.368333333,1.8727057240375125,-1.5043723910375124,1.5043723910375124
0.487307692,1.5756050608868883,-1.0882973688868884,1.0882973688868884
1.45,3.2970629361781096,-1.8470629361781097,1.8470629361781097
2.080952381,2.1601622904627087,-0.07920990946270878,0.07920990946270878
1.13,1.6722324906866692,-0.5422324906866693,0.5422324906866693
9.706,3.449808935181534,6.2561910648184655,6.2561910648184655
0.803333333,0.7655691419573073,0.037764191042692685,0.037764191042692685
0.254074074,1.4999131842182152,-1.2458391102182151,1.2458391102182151
0.93375,1.6732253816623892,-0.7394753816623892,0.7394753816623892
11.70933333,11.359113385173242,0.3502199448267582,0.3502199448267582
0.542,1.6408083334871932,-1.0988083334871932,1.0988083334871932
1.12,0.9229317518197541,0.19706824818024604,0.19706824818024604
0.18625,1.6722324906866692,-1.4859824906866692,1.4859824906866692
0.729066667,1.9483976007061856,-1.2193309337061855,1.2193309337061855
1.29375,2.0262209850169386,-0.7324709850169386,0.7324709850169386
0.35,1.4989202932424952,-1.1489202932424951,1.1489202932424951
0.641666667,1.096022746496974,-0.4543560794969741,0.4543560794969741
0.884,1.8727057240375125,-0.9887057240375124,0.9887057240375124
1.627,1.6993935265933384,-0.07239352659333842,0.07239352659333842
0.723076923,1.7489172583310624,-1.0258403353310623,1.0258403353310623
0.914444444,1.6330543623158107,-0.7186099183158107,0.7186099183158107
0.351538462,3.3878109472424573,-3.036272485242457,3.036272485242457
0.71,1.4597421648716367,-0.7497421648716367,0.7497421648716367
1.156,1.4989202932424952,-0.3429202932424953,0.3429202932424953
0.85,1.4989202932424952,-0.6489202932424952,0.6489202932424952
0.0,2.4761349538821773,-2.4761349538821773,2.4761349538821773
8.015333333,3.8194613882311326,4.195871944768866,4.195871944768866
0.433333333,2.019512163765281,-1.586178830765281,1.586178830765281
0.466666667,1.6408083334871932,-1.1741416664871933,1.1741416664871933
1.138846154,1.6993935265933384,-0.5605473725933383,0.5605473725933383
0.866363636,1.4597421648716367,-0.5933785288716367,0.5933785288716367
38.706,2.406792206603426,36.299207793396576,36.299207793396576
0.4775,1.7106849829990187,-1.2331849829990187,1.2331849829990187
0.062666667,1.596540614017996,-1.533873947017996,1.533873947017996
0.6375,2.9414688205035633,-2.303968820503563,2.303968820503563
1.166666667,3.042613774027479,-1.8759471070274787,1.8759471070274787
1.0375,2.3112857274713825,-1.2737857274713824,1.2737857274713824
0.815555556,1.596540614017996,-0.7809850580179961,0.7809850580179961
0.911666667,1.6732253816623892,-0.7615587146623892,0.7615587146623892
2.89,1.943820287096608,0.9461797129033922,0.9461797129033922
1.46,1.4989202932424952,-0.03892029324249524,0.03892029324249524
1.015454545,1.4999131842182152,-0.4844586392182151,0.4844586392182151
2.951428571,4.0384155011937795,-1.0869869301937793,1.0869869301937793
0.4992,1.8727057240375125,-1.3735057240375124,1.3735057240375124
1.202857143,3.195577352348773,-1.992720209348773,1.992720209348773
2.778,2.4396212055843627,0.33837879441563734,0.33837879441563734
2.568571429,2.200526073436832,0.36804535556316775,0.36804535556316775
0.344375,1.4670841852372787,-1.1227091852372788,1.1227091852372788
0.213333333,1.6732253816623892,-1.4598920486623892,1.4598920486623892
0.282727273,1.4269131658907002,-1.1441858928907003,1.1441858928907003
0.786666667,1.9483976007061856,-1.1617309337061856,1.1617309337061856
21.96,3.8243636279525526,18.135636372047447,18.135636372047447
0.65,1.3058486922389627,-0.6558486922389627,0.6558486922389627
2.205,2.0262209850169386,0.17877901498306148,0.17877901498306148
1.634166667,1.3460197115855412,0.28814695541445867,0.28814695541445867
0.337777778,1.596540614017996,-1.258762836017996,1.258762836017996
57.58454545,44.6746922120867,12.909853237913303,12.909853237913303
2.426428571,1.5364269325160298,0.8900016384839704,0.8900016384839704
4.273333333,1.7489172583310624,2.5244160746689377,2.5244160746689377
8.895,11.443227477479036,-2.5482274774790366,2.5482274774790366
11.48692308,6.24168817288023,5.24523490711977,5.24523490711977
2.051818182,1.4999131842182152,0.5519049977817847,0.5519049977817847
7.745,6.17452952506362,1.5704704749363803,1.5704704749363803
0.580149254,1.596540614017996,-1.0163913600179961,1.0163913600179961
0.2296875,1.6732253816623892,-1.4435378816623892,1.4435378816623892
1.145454545,1.9483976007061856,-0.8029430557061856,0.8029430557061856
0.370454545,1.596540614017996,-1.226086069017996,1.226086069017996
0.38,1.8839971804431928,-1.5039971804431929,1.5039971804431929
1.625714286,2.6896181706729307,-1.0639038846729307,1.0639038846729307
2.0,2.0678041248561563,-0.06780412485615628,0.06780412485615628
0.651111111,1.6408083334871932,-0.9896972224871933,0.9896972224871933
1.46375,1.596540614017996,-0.13279061401799597,0.13279061401799597
14.14285714,6.317380049548904,7.825477090451097,7.825477090451097
10.64153846,10.168415507742813,0.4731229522571869,0.4731229522571869
0.18,3.038096250303345,-2.858096250303345,2.858096250303345
19.94,13.40438220906928,6.535617790930722,6.535617790930722
0.58,1.7165002101558664,-1.1365002101558663,1.1365002101558663
3.0,2.277630070598146,0.7223699294018542,0.7223699294018542
0.483333333,1.943820287096608,-1.460486954096608,1.460486954096608
1.038888889,1.7097391299602038,-0.6708502409602037,0.6708502409602037
4.169333333,2.386977604140055,1.7823557288599448,1.7823557288599448
2.185,1.4999131842182152,0.6850868157817849,0.6850868157817849
0.76,2.316101669522367,-1.556101669522367,1.556101669522367
0.8,2.819575942612021,-2.019575942612021,2.019575942612021
0.44,1.9782198797548394,-1.5382198797548394,1.5382198797548394
0.491428571,2.516305973228756,-2.0248774022287557,2.0248774022287557
0.573913043,0.6131924976442413,-0.03927945464424132,0.03927945464424132
0.341470588,1.7097391299602038,-1.3682685419602039,1.3682685419602039
0.774444444,1.5364269325160298,-0.7619824885160298,0.7619824885160298
1.654545455,1.6732253816623892,-0.018679926662389157,0.018679926662389157
0.370909091,1.1717146231656472,-0.8008055321656472,0.8008055321656472
6.312,2.045050494264916,4.266949505735084,4.266949505735084
0.91,1.3754007571804991,-0.4654007571804991,0.4654007571804991
0.844615385,2.0092065317196623,-1.1645911467196624,1.1645911467196624
0.137761194,1.6732253816623892,-1.5354641876623891,1.5354641876623891
0.0,4.0544890393138875,-4.0544890393138875,4.0544890393138875
0.977,1.6732253816623892,-0.6962253816623892,0.6962253816623892
0.24,1.596540614017996,-1.356540614017996,1.356540614017996
0.4182,3.063840632519447,-2.645640632519447,2.645640632519447
0.759,1.596540614017996,-0.8375406140179961,0.8375406140179961
0.745957447,1.8727057240375125,-1.1267482770375126,1.1267482770375126
1.4625,2.0262209850169386,-0.5637209850169387,0.5637209850169387
1.266071429,1.423228416573822,-0.15715698757382213,0.15715698757382213
0.56,1.717493101131586,-1.1574931011315859,1.1574931011315859
0.13,3.2803447064813906,-3.1503447064813908,3.1503447064813908
0.706,1.6773220817850079,-0.9713220817850079,0.9713220817850079
7.2075,13.344559102415865,-6.137059102415865,6.137059102415865
0.503421053,1.6732253816623892,-1.1698043286623894,1.1698043286623894
1.036666667,1.4989202932424952,-0.4622536262424952,0.4622536262424952
11.15727273,11.867397549535958,-0.7101248195359577,0.7101248195359577
6.25,9.949283681049831,-3.699283681049831,3.699283681049831
0.229333333,1.4999131842182152,-1.2705798512182152,1.2705798512182152
0.153846154,4.0544890393138875,-3.9006428853138875,3.9006428853138875
8.33,11.838605008460373,-3.508605008460373,3.508605008460373
10.31714286,17.05490193398766,-6.737759073987661,6.737759073987661
0.556666667,1.4999131842182152,-0.9432465172182152,0.9432465172182152
1.023333333,1.6732253816623892,-0.6498920486623891,0.6498920486623891
0.557142857,1.959689057111866,-1.4025462001118658,1.4025462001118658
1.481538462,1.423228416573822,0.058310045426178014,0.058310045426178014
0.28625,1.5637116150370596,-1.2774616150370597,1.2774616150370597
0.817777778,1.596540614017996,-0.7787628360179961,0.7787628360179961
0.475882353,1.6732253816623892,-1.1973430286623892,1.1973430286623892
0.31,2.4396212055843627,-2.1296212055843626,2.1296212055843626
0.353,1.4989202932424952,-1.1459202932424952,1.1459202932424952
0.407586207,1.4999131842182152,-1.0923269772182151,1.0923269772182151
1.322857143,1.4989202932424952,-0.1760631502424952,0.1760631502424952
0.782727273,2.9662203117439447,-2.183493038743945,2.183493038743945
12.524,7.115230437405485,5.4087695625945145,5.4087695625945145
2.925945946,2.0272138759926586,0.8987320700073416,0.8987320700073416
1.702857143,1.9483976007061856,-0.2455404577061857,0.2455404577061857
2.482142857,1.5364269325160298,0.9457159244839701,0.9457159244839701
2.5968,4.131173806958281,-1.534373806958281,1.534373806958281
0.583870968,1.8727057240375125,-1.2888347560375124,1.2888347560375124
0.608461538,2.036373824756258,-1.4279122867562581,1.4279122867562581
2.43962963,2.0272138759926586,0.41241575400734165,0.41241575400734165
0.285714286,1.8839971804431928,-1.5982828944431928,1.5982828944431928
104.9803571,88.92349876973132,16.056858330268682,16.056858330268682
0.656944444,1.7489172583310624,-1.0919728143310623,1.0919728143310623
21.46470588,13.261266785421663,8.203439094578338,8.203439094578338
0.77,1.6732253816623892,-0.9032253816623892,0.9032253816623892
12.37333333,10.16940839871853,2.2039249312814686,2.2039249312814686
0.65125,2.2183626917090904,-1.5671126917090903,1.5671126917090903
1.092156863,1.9483976007061856,-0.8562407377061856,0.8562407377061856
13248.16226,10527.938188202706,2720.2240717972927,2720.2240717972927
0.874444444,1.7489172583310624,-0.8744728143310624,0.8744728143310624
0.243333333,2.6129334030285376,-2.369600070028538,2.369600070028538
0.876,1.423228416573822,-0.547228416573822,0.547228416573822
4.87,1.7165002101558664,3.1534997898441337,3.1534997898441337
0.686,2.6494471513263522,-1.9634471513263523,1.9634471513263523
32.50806452,21.680031974465873,10.828032545534125,10.828032545534125
1.764347826,0.2738854019961475,1.4904624240038524,1.4904624240038524
2.0885,1.6732253816623892,0.4152746183376106,0.4152746183376106
0.445833333,2.036373824756258,-1.5905404917562582,1.5905404917562582
0.341666667,1.6732253816623892,-1.3315587146623893,1.3315587146623893
0.545,1.423228416573822,-0.878228416573822,0.878228416573822
18.23722222,12.190269484190619,6.046952735809381,6.046952735809381
0.575454545,1.423228416573822,-0.847773871573822,0.847773871573822
79.05115385,59.052233114335074,19.99892073566493,19.99892073566493
1.804444444,1.8727057240375125,-0.06826128003751242,0.06826128003751242
1.752380952,1.9483976007061856,-0.19601664870618563,0.19601664870618563
0.639375,1.909219472335327,-1.269844472335327,1.269844472335327
8.257272727,10.245100275387205,-1.9878275483872052,1.9878275483872052
2.675,29.97087161286548,-27.29587161286548,27.29587161286548
0.603636364,1.4989202932424952,-0.8952839292424952,0.8952839292424952
0.513611111,1.6732253816623892,-1.1596142706623893,1.1596142706623893
1.886,1.7489172583310624,0.13708274166893752,0.13708274166893752
0.138333333,1.596540614017996,-1.458207281017996,1.458207281017996
0.79,2.2915991604581367,-1.5015991604581367,1.5015991604581367
1.5,32.84977326031931,-31.34977326031931,31.34977326031931
19.35785714,9.231032381433387,10.126824758566613,10.126824758566613
0.58,1.6722324906866692,-1.0922324906866692,1.0922324906866692
0.4375,1.8358943342754883,-1.3983943342754883,1.3983943342754883
0.26,4.0544890393138875,-3.7944890393138877,3.7944890393138877
1.950555556,1.7097391299602038,0.24081642603979625,0.24081642603979625
1.063333333,2.9602130761071495,-1.8968797431071494,1.8968797431071494
28.8925,11.51971814193528,17.37278185806472,17.37278185806472
1.17,1.423228416573822,-0.2532284165738221,0.2532284165738221
0.583703704,0.5490576210399438,0.034646082960056224,0.034646082960056224
0.40125,1.5427760619059518,-1.1415260619059517,1.1415260619059517
0.458888889,2.655796280716274,-2.196907391716274,2.196907391716274
0.2495,1.9606819480875854,-1.7111819480875854,1.7111819480875854
0.975,2.4396212055843627,-1.4646212055843626,1.4646212055843626
0.3675,1.423228416573822,-1.055728416573822,1.055728416573822
1.743636364,1.4989202932424952,0.2447160707575049,0.2447160707575049
0.415,2.9928881400561957,-2.5778881400561957,2.5778881400561957
1.4275,2.102905752661331,-0.6754057526613308,0.6754057526613308
3.655714286,1.4989202932424952,2.1567939927575046,2.1567939927575046
0.88,1.299708880511826,-0.419708880511826,0.419708880511826
0.07875,4.0544890393138875,-3.9757390393138876,3.9757390393138876
0.481111111,1.6722324906866692,-1.1911213796866693,1.1911213796866693
2.75,2.0678041248561563,0.6821958751438437,0.6821958751438437
6.455714286,2.046043385240636,4.409670900759364,4.409670900759364
9.894202899,11.367341497622213,-1.4731385986222136,1.4731385986222136
1.22,0.9229317518197541,0.2970682481802459,0.2970682481802459
0.888571429,1.423228416573822,-0.5346569875738221,0.5346569875738221
5.593888889,7.082401438424548,-1.4885125494245486,1.4885125494245486
0.7936,1.6732253816623892,-0.8796253816623892,0.8796253816623892
0.457272727,1.6408083334871932,-1.1835356064871934,1.1835356064871934
0.3472,1.7160882593501259,-1.368888259350126,1.368888259350126
0.235,2.2915991604581367,-2.056599160458137,2.056599160458137
0.297333333,1.4999131842182152,-1.202579851218215,1.202579851218215
0.7575,1.423228416573822,-0.6657284165738221,0.6657284165738221
3.715384615,2.036373824756258,1.679010790243742,1.679010790243742
0.491666667,3.26332097489457,-2.77165430789457,2.77165430789457
0.636,1.6408083334871932,-1.0048083334871931,1.0048083334871931
0.337368421,1.596540614017996,-1.2591721930179962,1.2591721930179962
39.25787879,53.040951367364556,-13.783072577364557,13.783072577364557
0.985555556,1.5756050608868883,-0.5900495048868883,0.5900495048868883
0.113157895,2.6129334030285376,-2.4997755080285375,2.4997755080285375
0.775909091,1.6722324906866692,-0.8963233996866692,0.8963233996866692
1.257777778,1.4989202932424952,-0.2411425152424953,0.2411425152424953
1.840877193,2.276217950105505,-0.4353407571055048,0.4353407571055048
1.097037037,0.2738854019961475,0.8231516350038525,0.8231516350038525
0.6375,1.596540614017996,-0.9590406140179961,0.9590406140179961
5.947173913,7.115230437405485,-1.1680565244054844,1.1680565244054844
1.692727273,3.3512971989446427,-1.6585699259446427,1.6585699259446427
0.764029851,1.7097391299602038,-0.9457092789602038,0.9457092789602038
0.569583333,1.4999131842182152,-0.9303298512182152,0.9303298512182152
0.164285714,1.6732253816623892,-1.5089396676623892,1.5089396676623892
0.696086957,1.5756050608868883,-0.8795181038868883,0.8795181038868883
0.79,1.423228416573822,-0.633228416573822,0.633228416573822
1.690833333,1.7165002101558664,-0.025666877155866352,0.025666877155866352
8.3425,3.449808935181534,4.892691064818465,4.892691064818465
3.305,3.0841969138666974,0.2208030861333028,0.2208030861333028
0.6992,1.6732253816623892,-0.9740253816623892,0.9740253816623892
0.815,1.4989202932424952,-0.6839202932424953,0.6839202932424953
2.225238095,1.9483976007061856,0.2768404942938143,0.2768404942938143
1.621923077,2.9414688205035633,-1.3195457435035634,1.3195457435035634
0.2196,1.5756050608868883,-1.3560050608868883,1.3560050608868883
1.0775,1.6732253816623892,-0.5957253816623893,0.5957253816623893
10.2626087,4.610613838963088,5.651994861036911,5.651994861036911
0.513461538,1.6732253816623892,-1.1597638436623892,1.1597638436623892
0.591034483,3.114781017947738,-2.523746534947738,2.523746534947738
21.95478261,11.443033374290888,10.511749235709111,10.511749235709111
1.12,1.4597421648716367,-0.33974216487163655,0.33974216487163655
0.294285714,1.6722324906866692,-1.3779467766866693,1.3779467766866693
4.862857143,2.4396212055843627,2.4232359374156376,2.4232359374156376
1.065333333,1.7489172583310624,-0.6835839253310623,0.6835839253310623
1.154666667,2.6886252796972103,-1.5339586126972102,1.5339586126972102
61.34,56.722564373371725,4.6174356266282786,4.6174356266282786
0.985,1.423228416573822,-0.43822841657382205,0.43822841657382205
0.772307692,1.269334943941148,-0.49702725194114805,0.49702725194114805
4.13,1.1717146231656472,2.9582853768343527,2.9582853768343527
1.025833333,1.717493101131586,-0.6916597681315859,0.6916597681315859
11.1,14.523920923551403,-3.423920923551403,3.423920923551403
7.14,3.5390183410786165,3.600981658921383,3.600981658921383
0.659090909,1.596540614017996,-0.9374497050179961,0.9374497050179961
0.460454545,1.6732253816623892,-1.2127708366623893,1.2127708366623893
0.165384615,1.6403963826814527,-1.4750117676814527,1.4750117676814527
0.793076923,1.4989202932424952,-0.7058433702424952,0.7058433702424952
0.368,2.4396212055843627,-2.071621205584363,2.071621205584363
0.495454545,1.596540614017996,-1.101086069017996,1.101086069017996
4.660952381,0.7433308353741759,3.9176215456258245,3.9176215456258245
0.314545455,1.423228416573822,-1.108682961573822,1.108682961573822
0.464,1.6722324906866692,-1.2082324906866693,1.2082324906866693
8.578461538,1.9971956963853996,6.581265841614601,6.581265841614601
0.923636364,1.5756050608868883,-0.6519686968868883,0.6519686968868883
0.308125,1.6403963826814527,-1.3322713826814527,1.3322713826814527
0.3108,7.484323815711674,-7.173523815711674,7.173523815711674
0.8,2.4396212055843627,-1.6396212055843626,1.6396212055843626
0.222666667,1.4999131842182152,-1.2772465172182152,1.2772465172182152
1.155294118,1.4597421648716367,-0.3044480468716366,0.3044480468716366
0.6455,1.6732253816623892,-1.0277253816623892,1.0277253816623892
0.32,1.7165002101558664,-1.3965002101558663,1.3965002101558663
24.54181818,9.383409025746454,15.158409154253546,15.158409154253546
0.415555556,1.596540614017996,-1.1809850580179961,1.1809850580179961
0.448333333,1.9606819480875854,-1.5123486150875856,1.5123486150875856
0.8034375,2.6129334030285376,-1.8094959030285376,1.8094959030285376
1.879090909,2.0058723658940574,-0.1267814568940573,0.1267814568940573
1.065263158,1.8727057240375125,-0.8074425660375124,0.8074425660375124
1.703125,1.6722324906866692,0.030892509313330763,0.030892509313330763
1.827714286,1.8727057240375125,-0.04499143803751249,0.04499143803751249
6.340909091,3.0255993207302034,3.315309770269797,3.315309770269797
1.938461538,2.2915991604581367,-0.3531376224581366,0.3531376224581366
9.53,12.403858190074004,-2.873858190074005,2.873858190074005
8.149090909,10.168415507742813,-2.019324598742813,2.019324598742813
12.2,10.362182733092462,1.8378172669075372,1.8378172669075372
5.8825,3.4955500708520786,2.3869499291479217,2.3869499291479217
2.8475,2.0272138759926586,0.8202861240073416,0.8202861240073416
2.391428571,11.11582770421404,-8.724399133214039,8.724399133214039
2.37875,1.6722324906866692,0.7065175093133309,0.7065175093133309
1.797586207,4.505396268804801,-2.7078100618048007,2.7078100618048007
0.910714286,2.516305973228756,-1.6055916872287557,1.6055916872287557
0.623333333,1.423228416573822,-0.799895083573822,0.799895083573822
0.844745763,1.6993935265933384,-0.8546477635933384,0.8546477635933384
1.05,1.423228416573822,-0.373228416573822,0.373228416573822
